<?xml version="1.0" encoding="utf-8"?><?xml-stylesheet type='text/xsl' href='STIG_unclass.xsl'?><Benchmark xmlns:dc="http://purl.org/dc/elements/1.1/" xmlns:xsi="http://www.w3.org/2001/XMLSchema-instance" xmlns:cpe="http://cpe.mitre.org/language/2.0" xmlns:xhtml="http://www.w3.org/1999/xhtml" xmlns:dsig="http://www.w3.org/2000/09/xmldsig#" xsi:schemaLocation="http://checklists.nist.gov/xccdf/1.1 http://nvd.nist.gov/schema/xccdf-1.1.4.xsd http://cpe.mitre.org/dictionary/2.0 http://cpe.mitre.org/files/cpe-dictionary_2.1.xsd" id="Network_WLAN_Controller_Platform_STIG" xml:lang="en" xmlns="http://checklists.nist.gov/xccdf/1.1"><status date="2023-02-13">accepted</status><title>Network WLAN Controller Platform Security Technical Implementation Guide</title><description>This Security Technical Implementation Guide is published as a tool to improve the security of Department of Defense (DOD) information systems. The requirements are derived from the National Institute of Standards and Technology (NIST) 800-53 and related documents. Comments or proposed revisions to this document should be sent via email to the following address: disa.stig_spt@mail.mil.</description><notice id="terms-of-use" xml:lang="en"></notice><front-matter xml:lang="en"></front-matter><rear-matter xml:lang="en"></rear-matter><reference href="https://cyber.mil"><dc:publisher>DISA</dc:publisher><dc:source>STIG.DOD.MIL</dc:source></reference><plain-text id="release-info">Release: 3 Benchmark Date: 27 Apr 2023</plain-text><plain-text id="generator">3.4.0.34222</plain-text><plain-text id="conventionsVersion">1.10.0</plain-text><version>7</version><Profile id="MAC-1_Classified"><title>I - Mission Critical Classified</title><description>&lt;ProfileDescription&gt;&lt;/ProfileDescription&gt;</description><select idref="V-243233" selected="true" /><select idref="V-243234" selected="true" /><select idref="V-243235" selected="true" /><select idref="V-243236" selected="true" /><select idref="V-243237" selected="true" /><select idref="V-243238" selected="true" /></Profile><Profile id="MAC-1_Public"><title>I - Mission Critical Public</title><description>&lt;ProfileDescription&gt;&lt;/ProfileDescription&gt;</description><select idref="V-243233" selected="true" /><select idref="V-243234" selected="true" /><select idref="V-243235" selected="true" /><select idref="V-243236" selected="true" /><select idref="V-243237" selected="true" /><select idref="V-243238" selected="true" /></Profile><Profile id="MAC-1_Sensitive"><title>I - Mission Critical Sensitive</title><description>&lt;ProfileDescription&gt;&lt;/ProfileDescription&gt;</description><select idref="V-243233" selected="true" /><select idref="V-243234" selected="true" /><select idref="V-243235" selected="true" /><select idref="V-243236" selected="true" /><select idref="V-243237" selected="true" /><select idref="V-243238" selected="true" /></Profile><Profile id="MAC-2_Classified"><title>II - Mission Support Classified</title><description>&lt;ProfileDescription&gt;&lt;/ProfileDescription&gt;</description><select idref="V-243233" selected="true" /><select idref="V-243234" selected="true" /><select idref="V-243235" selected="true" /><select idref="V-243236" selected="true" /><select idref="V-243237" selected="true" /><select idref="V-243238" selected="true" /></Profile><Profile id="MAC-2_Public"><title>II - Mission Support Public</title><description>&lt;ProfileDescription&gt;&lt;/ProfileDescription&gt;</description><select idref="V-243233" selected="true" /><select idref="V-243234" selected="true" /><select idref="V-243235" selected="true" /><select idref="V-243236" selected="true" /><select idref="V-243237" selected="true" /><select idref="V-243238" selected="true" /></Profile><Profile id="MAC-2_Sensitive"><title>II - Mission Support Sensitive</title><description>&lt;ProfileDescription&gt;&lt;/ProfileDescription&gt;</description><select idref="V-243233" selected="true" /><select idref="V-243234" selected="true" /><select idref="V-243235" selected="true" /><select idref="V-243236" selected="true" /><select idref="V-243237" selected="true" /><select idref="V-243238" selected="true" /></Profile><Profile id="MAC-3_Classified"><title>III - Administrative Classified</title><description>&lt;ProfileDescription&gt;&lt;/ProfileDescription&gt;</description><select idref="V-243233" selected="true" /><select idref="V-243234" selected="true" /><select idref="V-243235" selected="true" /><select idref="V-243236" selected="true" /><select idref="V-243237" selected="true" /><select idref="V-243238" selected="true" /></Profile><Profile id="MAC-3_Public"><title>III - Administrative Public</title><description>&lt;ProfileDescription&gt;&lt;/ProfileDescription&gt;</description><select idref="V-243233" selected="true" /><select idref="V-243234" selected="true" /><select idref="V-243235" selected="true" /><select idref="V-243236" selected="true" /><select idref="V-243237" selected="true" /><select idref="V-243238" selected="true" /></Profile><Profile id="MAC-3_Sensitive"><title>III - Administrative Sensitive</title><description>&lt;ProfileDescription&gt;&lt;/ProfileDescription&gt;</description><select idref="V-243233" selected="true" /><select idref="V-243234" selected="true" /><select idref="V-243235" selected="true" /><select idref="V-243236" selected="true" /><select idref="V-243237" selected="true" /><select idref="V-243238" selected="true" /></Profile><Group id="V-243233"><title>SRG-NET-000514</title><description>&lt;GroupDescription&gt;&lt;/GroupDescription&gt;</description><Rule id="SV-243233r817090_rule" weight="10.0" severity="medium"><version>WLAN-NW-000300</version><title>The WLAN inactive/idle session timeout must be set for 30 minutes or less.</title><description>&lt;VulnDiscussion&gt;A WLAN session that never terminates due to inactivity may allow an opening for an adversary to highjack the session to obtain access to the network.&lt;/VulnDiscussion&gt;&lt;FalsePositives&gt;&lt;/FalsePositives&gt;&lt;FalseNegatives&gt;&lt;/FalseNegatives&gt;&lt;Documentable&gt;false&lt;/Documentable&gt;&lt;Mitigations&gt;&lt;/Mitigations&gt;&lt;SeverityOverrideGuidance&gt;&lt;/SeverityOverrideGuidance&gt;&lt;PotentialImpacts&gt;&lt;/PotentialImpacts&gt;&lt;ThirdPartyTools&gt;&lt;/ThirdPartyTools&gt;&lt;MitigationControl&gt;&lt;/MitigationControl&gt;&lt;Responsibility&gt;&lt;/Responsibility&gt;&lt;IAControls&gt;&lt;/IAControls&gt;</description><reference><dc:title>DPMS Target Network WLAN Controller Platform</dc:title><dc:publisher>DISA</dc:publisher><dc:type>DPMS Target</dc:type><dc:subject>Network WLAN Controller Platform</dc:subject><dc:identifier>5398</dc:identifier></reference><ident system="http://cyber.mil/cci">CCI-000057</ident><fixtext fixref="F-46465r817089_fix">Set the WLAN inactive/idle session timeout to 30 minutes or less.</fixtext><fix id="F-46465r817089_fix" /><check system="C-46508r817088_chk"><check-content-ref href="Network_WLAN_Controller_Platform_STIG.xml" name="M" /><check-content>1. Review the relevant configuration screen of the WLAN controller or access point.
2. Verify the inactive/idle session timeout setting is set for 30 minutes or less. 

If the inactive/idle session timeout is not set to 30 minutes or less for the entire WLAN, or the WLAN does not have the capability to enable the session timeout feature, this is a finding.</check-content></check></Rule></Group><Group id="V-243234"><title>SRG-NET-000070</title><description>&lt;GroupDescription&gt;&lt;/GroupDescription&gt;</description><Rule id="SV-243234r720157_rule" weight="10.0" severity="medium"><version>WLAN-NW-000500</version><title>WLAN must use EAP-TLS.</title><description>&lt;VulnDiscussion&gt;EAP-TLS provides strong cryptographic mutual authentication and key distribution services not found in other EAP methods, and thus provides significantly more protection against attacks than other methods. 

Additionally, EAP-TLS supports two-factor user authentication on the WLAN client, which provides significantly more protection than methods that rely on a password or certificate alone. EAP-TLS also can leverage the DoD Common Access Card (CAC) in its authentication services, providing additional security and convenience.&lt;/VulnDiscussion&gt;&lt;FalsePositives&gt;&lt;/FalsePositives&gt;&lt;FalseNegatives&gt;&lt;/FalseNegatives&gt;&lt;Documentable&gt;false&lt;/Documentable&gt;&lt;Mitigations&gt;&lt;/Mitigations&gt;&lt;SeverityOverrideGuidance&gt;&lt;/SeverityOverrideGuidance&gt;&lt;PotentialImpacts&gt;&lt;/PotentialImpacts&gt;&lt;ThirdPartyTools&gt;&lt;/ThirdPartyTools&gt;&lt;MitigationControl&gt;&lt;/MitigationControl&gt;&lt;Responsibility&gt;&lt;/Responsibility&gt;&lt;IAControls&gt;&lt;/IAControls&gt;</description><reference><dc:title>DPMS Target Network WLAN Controller Platform</dc:title><dc:publisher>DISA</dc:publisher><dc:type>DPMS Target</dc:type><dc:subject>Network WLAN Controller Platform</dc:subject><dc:identifier>5398</dc:identifier></reference><ident system="http://cyber.mil/cci">CCI-001444</ident><fixtext fixref="F-46466r720156_fix">Change the WLAN configuration so it supports EAP-TLS, implementing supporting PKI and AAA infrastructure as necessary. If the WLAN equipment is not capable of supporting EAP-TLS, procure new equipment capable of such support.</fixtext><fix id="F-46466r720156_fix" /><check system="C-46509r720155_chk"><check-content-ref href="Network_WLAN_Controller_Platform_STIG.xml" name="M" /><check-content>Note: If the equipment is WPA2/WPA3 certified by the Wi-Fi Alliance, it is capable of supporting this requirement.

Review the WLAN equipment configuration to verify that EAP-TLS is actively used and no other methods are enabled.

If EAP-TLS is not used or if the WLAN system allows users to connect with other methods, this is a finding.</check-content></check></Rule></Group><Group id="V-243235"><title>SRG-NET-000151</title><description>&lt;GroupDescription&gt;&lt;/GroupDescription&gt;</description><Rule id="SV-243235r891326_rule" weight="10.0" severity="medium"><version>WLAN-NW-000600</version><title>WLAN components must be FIPS 140-2 or FIPS 140-3 certified and configured to operate in FIPS mode.</title><description>&lt;VulnDiscussion&gt;If the DoD WLAN components (WLAN AP, controller, or client) are not NIST FIPS 140-2/FIPS 140-3 (Cryptographic Module Validation Program, CMVP) certified, the WLAN system may not adequately protect sensitive unclassified DoD data from compromise during transmission.&lt;/VulnDiscussion&gt;&lt;FalsePositives&gt;&lt;/FalsePositives&gt;&lt;FalseNegatives&gt;&lt;/FalseNegatives&gt;&lt;Documentable&gt;false&lt;/Documentable&gt;&lt;Mitigations&gt;&lt;/Mitigations&gt;&lt;SeverityOverrideGuidance&gt;&lt;/SeverityOverrideGuidance&gt;&lt;PotentialImpacts&gt;&lt;/PotentialImpacts&gt;&lt;ThirdPartyTools&gt;&lt;/ThirdPartyTools&gt;&lt;MitigationControl&gt;&lt;/MitigationControl&gt;&lt;Responsibility&gt;&lt;/Responsibility&gt;&lt;IAControls&gt;&lt;/IAControls&gt;</description><reference><dc:title>DPMS Target Network WLAN Controller Platform</dc:title><dc:publisher>DISA</dc:publisher><dc:type>DPMS Target</dc:type><dc:subject>Network WLAN Controller Platform</dc:subject><dc:identifier>5398</dc:identifier></reference><ident system="http://cyber.mil/cci">CCI-001967</ident><fixtext fixref="F-46467r891325_fix">Use WLAN equipment that is FIPS 140-2/3 (CMVP) certified. Configure the component to operate in FIPS mode.</fixtext><fix id="F-46467r891325_fix" /><check system="C-46510r891324_chk"><check-content-ref href="Network_WLAN_Controller_Platform_STIG.xml" name="M" /><check-content>Review the WLAN equipment specification and verify it is FIPS 140-2/3 (CMVP) certified for data in transit, including authentication credentials. Verify the component is configured to operate in FIPS mode.

If the WLAN equipment is not is FIPS 140-2/3 (CMVP) certified or is not configured to operate in FIPS mode, this is a finding.</check-content></check></Rule></Group><Group id="V-243236"><title>SRG-NET-000070</title><description>&lt;GroupDescription&gt;&lt;/GroupDescription&gt;</description><Rule id="SV-243236r720163_rule" weight="10.0" severity="medium"><version>WLAN-NW-000700</version><title>WLAN EAP-TLS implementation must use certificate-based PKI authentication to connect to DoD networks.</title><description>&lt;VulnDiscussion&gt;DoD certificate-based PKI authentication is strong, two-factor authentication that relies on carefully evaluated cryptographic modules. Implementations of EAP-TLS that are not integrated with certificate-based PKI could have security vulnerabilities. 

For example, an implementation that uses a client certificate on laptop without a second factor could enable an adversary with access to the laptop to connect to the WLAN without a PIN or password. Systems that do not use the certificate-based PKI are also much more likely to be vulnerable to weaknesses in the underlying public key infrastructure (PKI) that supports EAP-TLS.

Certificate-based PKI authentication must be used to connect WLAN client devices to DoD networks. The certificate-based PKI authentication should directly support the WLAN EAP-TLS implementation. 

At least one layer of user authentication must enforce network authentication requirements (e.g., CAC authentication) before the user is able to access DoD information resources.&lt;/VulnDiscussion&gt;&lt;FalsePositives&gt;&lt;/FalsePositives&gt;&lt;FalseNegatives&gt;&lt;/FalseNegatives&gt;&lt;Documentable&gt;false&lt;/Documentable&gt;&lt;Mitigations&gt;&lt;/Mitigations&gt;&lt;SeverityOverrideGuidance&gt;&lt;/SeverityOverrideGuidance&gt;&lt;PotentialImpacts&gt;&lt;/PotentialImpacts&gt;&lt;ThirdPartyTools&gt;&lt;/ThirdPartyTools&gt;&lt;MitigationControl&gt;&lt;/MitigationControl&gt;&lt;Responsibility&gt;&lt;/Responsibility&gt;&lt;IAControls&gt;&lt;/IAControls&gt;</description><reference><dc:title>DPMS Target Network WLAN Controller Platform</dc:title><dc:publisher>DISA</dc:publisher><dc:type>DPMS Target</dc:type><dc:subject>Network WLAN Controller Platform</dc:subject><dc:identifier>5398</dc:identifier></reference><ident system="http://cyber.mil/cci">CCI-001444</ident><fixtext fixref="F-46468r720162_fix">Integrate certificate-based PKI authentication into the WLAN authentication process.</fixtext><fix id="F-46468r720162_fix" /><check system="C-46511r720161_chk"><check-content-ref href="Network_WLAN_Controller_Platform_STIG.xml" name="M" /><check-content>Interview the site ISSO and SA. Determine if the site's network is configured to require certificate-based PKI authentication before a WLAN user is connected to the network. 

If certificate-based PKI authentication is not required prior to a DoD WLAN user accessing the DoD network, this is a finding.

Note: This check does not apply to medical devices. Medical devices are permitted to connect to the WLAN using pre-shared keys.</check-content></check></Rule></Group><Group id="V-243237"><title>SRG-NET-000205</title><description>&lt;GroupDescription&gt;&lt;/GroupDescription&gt;</description><Rule id="SV-243237r720166_rule" weight="10.0" severity="medium"><version>WLAN-NW-001200</version><title>The network device must be configured to only permit management traffic that ingresses and egresses the out-of-band management (OOBM) interface.</title><description>&lt;VulnDiscussion&gt;The OOBM access switch will connect to the management interface of the managed network elements. The management interface can be a true OOBM interface or a standard interface functioning as the management interface. In either case, the management interface of the managed network element will be directly connected to the OOBM network. (See SRG-NET-000205-RTR-000012.)

Network boundaries, also known as managed interfaces, include, for example, gateways, routers, firewalls, guards, network-based malicious code analysis, and virtualization systems, or encrypted tunnels implemented within a security architecture (e.g., routers protecting firewalls or application gateways residing on protected subnetworks). Subnetworks that are physically or logically separated from internal networks are referred to as demilitarized zones (DMZs). Methods used for prohibiting interfaces within organizational information systems include, for example, restricting external web traffic to designated web servers within managed interfaces and prohibiting external traffic that appears to be spoofing internal addresses.&lt;/VulnDiscussion&gt;&lt;FalsePositives&gt;&lt;/FalsePositives&gt;&lt;FalseNegatives&gt;&lt;/FalseNegatives&gt;&lt;Documentable&gt;false&lt;/Documentable&gt;&lt;Mitigations&gt;&lt;/Mitigations&gt;&lt;SeverityOverrideGuidance&gt;&lt;/SeverityOverrideGuidance&gt;&lt;PotentialImpacts&gt;&lt;/PotentialImpacts&gt;&lt;ThirdPartyTools&gt;&lt;/ThirdPartyTools&gt;&lt;MitigationControl&gt;&lt;/MitigationControl&gt;&lt;Responsibility&gt;&lt;/Responsibility&gt;&lt;IAControls&gt;&lt;/IAControls&gt;</description><reference><dc:title>DPMS Target Network WLAN Controller Platform</dc:title><dc:publisher>DISA</dc:publisher><dc:type>DPMS Target</dc:type><dc:subject>Network WLAN Controller Platform</dc:subject><dc:identifier>5398</dc:identifier></reference><ident system="http://cyber.mil/cci">CCI-001097</ident><fixtext fixref="F-46469r720165_fix">Configure the network device so that only management traffic that ingresses and egresses the OOBM interface is permitted.</fixtext><fix id="F-46469r720165_fix" /><check system="C-46512r720164_chk"><check-content-ref href="Network_WLAN_Controller_Platform_STIG.xml" name="M" /><check-content>Review the device configuration to determine if the OOB management interface is assigned an appropriate IP address from the authorized OOB management network.

If an IP address assigned to the interface is not from an authorized OOB management network, this is a finding.</check-content></check></Rule></Group><Group id="V-243238"><title>SRG-NET-000131</title><description>&lt;GroupDescription&gt;&lt;/GroupDescription&gt;</description><Rule id="SV-243238r856613_rule" weight="10.0" severity="medium"><version>WLAN-NW-001300</version><title>The network device must not be configured to have any feature enabled that calls home to the vendor.</title><description>&lt;VulnDiscussion&gt;Call-home services will routinely send data such as configuration and diagnostic information to the vendor for routine or emergency analysis and troubleshooting. There is a risk that transmission of sensitive data sent to unauthorized persons could result in data loss or downtime due to an attack. (See SRG-NET-000131-RTR-000083.)&lt;/VulnDiscussion&gt;&lt;FalsePositives&gt;&lt;/FalsePositives&gt;&lt;FalseNegatives&gt;&lt;/FalseNegatives&gt;&lt;Documentable&gt;false&lt;/Documentable&gt;&lt;Mitigations&gt;&lt;/Mitigations&gt;&lt;SeverityOverrideGuidance&gt;&lt;/SeverityOverrideGuidance&gt;&lt;PotentialImpacts&gt;&lt;/PotentialImpacts&gt;&lt;ThirdPartyTools&gt;&lt;/ThirdPartyTools&gt;&lt;MitigationControl&gt;&lt;/MitigationControl&gt;&lt;Responsibility&gt;&lt;/Responsibility&gt;&lt;IAControls&gt;&lt;/IAControls&gt;</description><reference><dc:title>DPMS Target Network WLAN Controller Platform</dc:title><dc:publisher>DISA</dc:publisher><dc:type>DPMS Target</dc:type><dc:subject>Network WLAN Controller Platform</dc:subject><dc:identifier>5398</dc:identifier></reference><ident system="http://cyber.mil/cci">CCI-002403</ident><fixtext fixref="F-46470r720168_fix">Configure the network device to disable the call home service or feature.

Note: This feature can be enabled if the communication is only to a server residing in the local area network or enclave.</fixtext><fix id="F-46470r720168_fix" /><check system="C-46513r720167_chk"><check-content-ref href="Network_WLAN_Controller_Platform_STIG.xml" name="M" /><check-content>Review the device configuration to determine if the call home service or feature is disabled on the device. 

If the call home service is enabled on the device, this is a finding.

Note: This feature can be enabled if the communication is only to a server residing in the local area network or enclave.</check-content></check></Rule></Group></Benchmark>