<Backups xmlns="http://www.microsoft.com/GroupPolicy/GPOOperations/Manifest" xmlns:mfst="http://www.microsoft.com/GroupPolicy/GPOOperations/Manifest" mfst:version="1.0"><BackupInst><GPOGuid><![CDATA[{044308D9-3365-4719-BF3B-E472FDCB041A}]]></GPOGuid><GPODomain><![CDATA[security.local]]></GPODomain><GPODomainGuid><![CDATA[{2b127034-e676-4f54-b03a-e700e3004cb0}]]></GPODomainGuid><GPODomainController><![CDATA[GPOSrv2016.security.local]]></GPODomainController><BackupTime><![CDATA[2023-09-11T15:00:56]]></BackupTime><ID><![CDATA[{8EDEFBA3-AABA-4066-A63B-D15914BF56A8}]]></ID><Comment><![CDATA[]]></Comment><GPODisplayName><![CDATA[DoD Office 2019-M365 Apps STIG User v2r11]]></GPODisplayName></BackupInst><BackupInst><GPOGuid><![CDATA[{983933B5-F05B-4E10-B0AE-C1E0A0A732EF}]]></GPOGuid><GPODomain><![CDATA[security.local]]></GPODomain><GPODomainGuid><![CDATA[{2b127034-e676-4f54-b03a-e700e3004cb0}]]></GPODomainGuid><GPODomainController><![CDATA[GPOSrv2016.security.local]]></GPODomainController><BackupTime><![CDATA[2023-09-11T15:00:55]]></BackupTime><ID><![CDATA[{75586EAD-D728-49D5-8BC1-402C1E9A8A01}]]></ID><Comment><![CDATA[]]></Comment><GPODisplayName><![CDATA[DoD Office 2019-M365 Apps STIG Comp v2r11]]></GPODisplayName></BackupInst></Backups>