<?xml version="1.0" encoding="utf-8"?><?xml-stylesheet type='text/xsl' href='STIG_unclass.xsl'?><Benchmark xmlns:dc="http://purl.org/dc/elements/1.1/" xmlns:xsi="http://www.w3.org/2001/XMLSchema-instance" xmlns:cpe="http://cpe.mitre.org/language/2.0" xmlns:xhtml="http://www.w3.org/1999/xhtml" xmlns:dsig="http://www.w3.org/2000/09/xmldsig#" xsi:schemaLocation="http://checklists.nist.gov/xccdf/1.1 http://nvd.nist.gov/schema/xccdf-1.1.4.xsd http://cpe.mitre.org/dictionary/2.0 http://cpe.mitre.org/files/cpe-dictionary_2.1.xsd" id="HPE_3PAR_SSMC_GPOS_STIG" xml:lang="en" xmlns="http://checklists.nist.gov/xccdf/1.1"><status date="2022-10-13">accepted</status><title>HPE 3PAR SSMC Operating System Security Technical Implementation Guide</title><description>This Security Technical Implementation Guide is published as a tool to improve the security of Department of Defense (DOD) information systems. The requirements are derived from the National Institute of Standards and Technology (NIST) 800-53 and related documents. Comments or proposed revisions to this document should be sent via email to the following address: disa.stig_spt@mail.mil.</description><notice id="terms-of-use" xml:lang="en"></notice><front-matter xml:lang="en"></front-matter><rear-matter xml:lang="en"></rear-matter><reference href="https://cyber.mil"><dc:publisher>DISA</dc:publisher><dc:source>STIG.DOD.MIL</dc:source></reference><plain-text id="release-info">Release: 1 Benchmark Date: 09 Nov 2022</plain-text><plain-text id="generator">3.4.0.34222</plain-text><plain-text id="conventionsVersion">1.10.0</plain-text><version>1</version><Profile id="MAC-1_Classified"><title>I - Mission Critical Classified</title><description>&lt;ProfileDescription&gt;&lt;/ProfileDescription&gt;</description><select idref="V-255237" selected="true" /><select idref="V-255238" selected="true" /><select idref="V-255239" selected="true" /><select idref="V-255240" selected="true" /><select idref="V-255241" selected="true" /><select idref="V-255242" selected="true" /><select idref="V-255243" selected="true" /><select idref="V-255244" selected="true" /><select idref="V-255245" selected="true" /><select idref="V-255246" selected="true" /><select idref="V-255247" selected="true" /><select idref="V-255248" selected="true" /><select idref="V-255249" selected="true" /><select idref="V-255250" selected="true" /></Profile><Profile id="MAC-1_Public"><title>I - Mission Critical Public</title><description>&lt;ProfileDescription&gt;&lt;/ProfileDescription&gt;</description><select idref="V-255237" selected="true" /><select idref="V-255238" selected="true" /><select idref="V-255239" selected="true" /><select idref="V-255240" selected="true" /><select idref="V-255241" selected="true" /><select idref="V-255242" selected="true" /><select idref="V-255243" selected="true" /><select idref="V-255244" selected="true" /><select idref="V-255245" selected="true" /><select idref="V-255246" selected="true" /><select idref="V-255247" selected="true" /><select idref="V-255248" selected="true" /><select idref="V-255249" selected="true" /><select idref="V-255250" selected="true" /></Profile><Profile id="MAC-1_Sensitive"><title>I - Mission Critical Sensitive</title><description>&lt;ProfileDescription&gt;&lt;/ProfileDescription&gt;</description><select idref="V-255237" selected="true" /><select idref="V-255238" selected="true" /><select idref="V-255239" selected="true" /><select idref="V-255240" selected="true" /><select idref="V-255241" selected="true" /><select idref="V-255242" selected="true" /><select idref="V-255243" selected="true" /><select idref="V-255244" selected="true" /><select idref="V-255245" selected="true" /><select idref="V-255246" selected="true" /><select idref="V-255247" selected="true" /><select idref="V-255248" selected="true" /><select idref="V-255249" selected="true" /><select idref="V-255250" selected="true" /></Profile><Profile id="MAC-2_Classified"><title>II - Mission Support Classified</title><description>&lt;ProfileDescription&gt;&lt;/ProfileDescription&gt;</description><select idref="V-255237" selected="true" /><select idref="V-255238" selected="true" /><select idref="V-255239" selected="true" /><select idref="V-255240" selected="true" /><select idref="V-255241" selected="true" /><select idref="V-255242" selected="true" /><select idref="V-255243" selected="true" /><select idref="V-255244" selected="true" /><select idref="V-255245" selected="true" /><select idref="V-255246" selected="true" /><select idref="V-255247" selected="true" /><select idref="V-255248" selected="true" /><select idref="V-255249" selected="true" /><select idref="V-255250" selected="true" /></Profile><Profile id="MAC-2_Public"><title>II - Mission Support Public</title><description>&lt;ProfileDescription&gt;&lt;/ProfileDescription&gt;</description><select idref="V-255237" selected="true" /><select idref="V-255238" selected="true" /><select idref="V-255239" selected="true" /><select idref="V-255240" selected="true" /><select idref="V-255241" selected="true" /><select idref="V-255242" selected="true" /><select idref="V-255243" selected="true" /><select idref="V-255244" selected="true" /><select idref="V-255245" selected="true" /><select idref="V-255246" selected="true" /><select idref="V-255247" selected="true" /><select idref="V-255248" selected="true" /><select idref="V-255249" selected="true" /><select idref="V-255250" selected="true" /></Profile><Profile id="MAC-2_Sensitive"><title>II - Mission Support Sensitive</title><description>&lt;ProfileDescription&gt;&lt;/ProfileDescription&gt;</description><select idref="V-255237" selected="true" /><select idref="V-255238" selected="true" /><select idref="V-255239" selected="true" /><select idref="V-255240" selected="true" /><select idref="V-255241" selected="true" /><select idref="V-255242" selected="true" /><select idref="V-255243" selected="true" /><select idref="V-255244" selected="true" /><select idref="V-255245" selected="true" /><select idref="V-255246" selected="true" /><select idref="V-255247" selected="true" /><select idref="V-255248" selected="true" /><select idref="V-255249" selected="true" /><select idref="V-255250" selected="true" /></Profile><Profile id="MAC-3_Classified"><title>III - Administrative Classified</title><description>&lt;ProfileDescription&gt;&lt;/ProfileDescription&gt;</description><select idref="V-255237" selected="true" /><select idref="V-255238" selected="true" /><select idref="V-255239" selected="true" /><select idref="V-255240" selected="true" /><select idref="V-255241" selected="true" /><select idref="V-255242" selected="true" /><select idref="V-255243" selected="true" /><select idref="V-255244" selected="true" /><select idref="V-255245" selected="true" /><select idref="V-255246" selected="true" /><select idref="V-255247" selected="true" /><select idref="V-255248" selected="true" /><select idref="V-255249" selected="true" /><select idref="V-255250" selected="true" /></Profile><Profile id="MAC-3_Public"><title>III - Administrative Public</title><description>&lt;ProfileDescription&gt;&lt;/ProfileDescription&gt;</description><select idref="V-255237" selected="true" /><select idref="V-255238" selected="true" /><select idref="V-255239" selected="true" /><select idref="V-255240" selected="true" /><select idref="V-255241" selected="true" /><select idref="V-255242" selected="true" /><select idref="V-255243" selected="true" /><select idref="V-255244" selected="true" /><select idref="V-255245" selected="true" /><select idref="V-255246" selected="true" /><select idref="V-255247" selected="true" /><select idref="V-255248" selected="true" /><select idref="V-255249" selected="true" /><select idref="V-255250" selected="true" /></Profile><Profile id="MAC-3_Sensitive"><title>III - Administrative Sensitive</title><description>&lt;ProfileDescription&gt;&lt;/ProfileDescription&gt;</description><select idref="V-255237" selected="true" /><select idref="V-255238" selected="true" /><select idref="V-255239" selected="true" /><select idref="V-255240" selected="true" /><select idref="V-255241" selected="true" /><select idref="V-255242" selected="true" /><select idref="V-255243" selected="true" /><select idref="V-255244" selected="true" /><select idref="V-255245" selected="true" /><select idref="V-255246" selected="true" /><select idref="V-255247" selected="true" /><select idref="V-255248" selected="true" /><select idref="V-255249" selected="true" /><select idref="V-255250" selected="true" /></Profile><Group id="V-255237"><title>SRG-OS-000228-GPOS-00088</title><description>&lt;GroupDescription&gt;&lt;/GroupDescription&gt;</description><Rule id="SV-255237r869861_rule" weight="10.0" severity="medium"><version>SSMC-OS-010000</version><title>Any publicly accessible connection to SSMC must display the Standard Mandatory DOD Notice and Consent Banner before granting access to the system.</title><description>&lt;VulnDiscussion&gt;Display of a standardized and approved use notification before granting access to the publicly accessible operating system ensures privacy and security notification verbiage used is consistent with applicable federal laws, Executive Orders, directives, policies, regulations, standards, and guidance.

System use notifications are required only for access via logon interfaces with human users and are not required when such human interfaces do not exist.

The banner must be formatted in accordance with applicable DOD policy. Use the following verbiage for operating systems that can accommodate banners of 1300 characters:

"You are accessing a U.S. Government (USG) Information System (IS) that is provided for USG-authorized use only.

By using this IS (which includes any device attached to this IS), you consent to the following conditions:

-The USG routinely intercepts and monitors communications on this IS for purposes including, but not limited to, penetration testing, COMSEC monitoring, network operations and defense, personnel misconduct (PM), law enforcement (LE), and counterintelligence (CI) investigations.

-At any time, the USG may inspect and seize data stored on this IS.

-Communications using, or data stored on, this IS are not private, are subject to routine monitoring, interception, and search, and may be disclosed or used for any USG-authorized purpose.

-This IS includes security measures (e.g., authentication and access controls) to protect USG interests--not for your personal benefit or privacy.

-Notwithstanding the above, using this IS does not constitute consent to PM, LE or CI investigative searching or monitoring of the content of privileged communications, or work product, related to personal representation or services by attorneys, psychotherapists, or clergy, and their assistants. Such communications and work product are private and confidential. See User Agreement for details."

Use the following verbiage for operating systems that have severe limitations on the number of characters that can be displayed in the banner:

"I've read &amp; consent to terms in IS user agreem't."&lt;/VulnDiscussion&gt;&lt;FalsePositives&gt;&lt;/FalsePositives&gt;&lt;FalseNegatives&gt;&lt;/FalseNegatives&gt;&lt;Documentable&gt;false&lt;/Documentable&gt;&lt;Mitigations&gt;&lt;/Mitigations&gt;&lt;SeverityOverrideGuidance&gt;&lt;/SeverityOverrideGuidance&gt;&lt;PotentialImpacts&gt;&lt;/PotentialImpacts&gt;&lt;ThirdPartyTools&gt;&lt;/ThirdPartyTools&gt;&lt;MitigationControl&gt;&lt;/MitigationControl&gt;&lt;Responsibility&gt;&lt;/Responsibility&gt;&lt;IAControls&gt;&lt;/IAControls&gt;</description><reference><dc:title>DPMS Target HPE 3PAR SSMC OS</dc:title><dc:publisher>DISA</dc:publisher><dc:type>DPMS Target</dc:type><dc:subject>HPE 3PAR SSMC OS</dc:subject><dc:identifier>5497</dc:identifier></reference><ident system="http://cyber.mil/cci">CCI-001384</ident><ident system="http://cyber.mil/cci">CCI-001385</ident><ident system="http://cyber.mil/cci">CCI-001386</ident><ident system="http://cyber.mil/cci">CCI-001387</ident><ident system="http://cyber.mil/cci">CCI-001388</ident><fixtext fixref="F-58794r869860_fix">Configure SSMC to display the Standard Mandatory DOD Notice and Consent Banner before granting access to the system by following below steps: 

1. Log on to SSMC Web Administrator console GUI as "ssmcadmin".

2. Navigate to Actions &gt;&gt; Preferences &gt;&gt; Application.

3. Toggle the Login banner slider to "Yes" and enter the standard DOD banner message text (Only English is supported).

4. Click "OK" to Save your changes.</fixtext><fix id="F-58794r869860_fix" /><check system="C-58850r869859_chk"><check-content-ref href="HPE_3PAR_SSMC_OS_STIG.xml" name="M" /><check-content>Verify that SSMC displays the Standard Mandatory DOD Notice and Consent Banner before granting access to the system by following below steps: 

1. Log on to SSMC Web Administrator console GUI as "ssmcadmin".

2. Navigate to Actions &gt;&gt; Preferences &gt;&gt; Application.

3. Check if the login banner slider is toggled to "yes" and the desired text in English is set in the textbox adjacent to the control.

If the custom banner text is not set to the Standard Mandatory DOD Notice and Consent Banner, this is a finding.</check-content></check></Rule></Group><Group id="V-255238"><title>SRG-OS-000023-GPOS-00006</title><description>&lt;GroupDescription&gt;&lt;/GroupDescription&gt;</description><Rule id="SV-255238r869864_rule" weight="10.0" severity="medium"><version>SSMC-OS-010020</version><title>SSMC must display the Standard Mandatory DOD Notice and Consent Banner before granting local or remote access to the system.</title><description>&lt;VulnDiscussion&gt;Display of a standardized and approved use notification before granting access to SSMC ensures privacy and security notification verbiage used is consistent with applicable federal laws, Executive Orders, directives, policies, regulations, standards, and guidance.

System use notifications are required only for access via logon interfaces with human users and are not required when such human interfaces do not exist.

The banner must be formatted in accordance with applicable DOD policy. Use the following verbiage for operating systems that can accommodate banners of 1300 characters:

"You are accessing a U.S. Government (USG) Information System (IS) that is provided for USG-authorized use only.

By using this IS (which includes any device attached to this IS), you consent to the following conditions:

-The USG routinely intercepts and monitors communications on this IS for purposes including, but not limited to, penetration testing, COMSEC monitoring, network operations and defense, personnel misconduct (PM), law enforcement (LE), and counterintelligence (CI) investigations.

-At any time, the USG may inspect and seize data stored on this IS.

-Communications using, or data stored on, this IS are not private, are subject to routine monitoring, interception, and search, and may be disclosed or used for any USG-authorized purpose.

-This IS includes security measures (e.g., authentication and access controls) to protect USG interests--not for your personal benefit or privacy.

-Notwithstanding the above, using this IS does not constitute consent to PM, LE or CI investigative searching or monitoring of the content of privileged communications, or work product, related to personal representation or services by attorneys, psychotherapists, or clergy, and their assistants. Such communications and work product are private and confidential. See User Agreement for details."

Use the following verbiage for operating systems that have severe limitations on the number of characters that can be displayed in the banner:

"I've read &amp; consent to terms in IS user agreem't."&lt;/VulnDiscussion&gt;&lt;FalsePositives&gt;&lt;/FalsePositives&gt;&lt;FalseNegatives&gt;&lt;/FalseNegatives&gt;&lt;Documentable&gt;false&lt;/Documentable&gt;&lt;Mitigations&gt;&lt;/Mitigations&gt;&lt;SeverityOverrideGuidance&gt;&lt;/SeverityOverrideGuidance&gt;&lt;PotentialImpacts&gt;&lt;/PotentialImpacts&gt;&lt;ThirdPartyTools&gt;&lt;/ThirdPartyTools&gt;&lt;MitigationControl&gt;&lt;/MitigationControl&gt;&lt;Responsibility&gt;&lt;/Responsibility&gt;&lt;IAControls&gt;&lt;/IAControls&gt;</description><reference><dc:title>DPMS Target HPE 3PAR SSMC OS</dc:title><dc:publisher>DISA</dc:publisher><dc:type>DPMS Target</dc:type><dc:subject>HPE 3PAR SSMC OS</dc:subject><dc:identifier>5497</dc:identifier></reference><ident system="http://cyber.mil/cci">CCI-000048</ident><fixtext fixref="F-58795r869863_fix">Configure SSMC to display the full text of the Standard Mandatory DOD Notice and Consent Banner before granting access to the system. 

Log on to SSMC admin console as ssmcadmin; navigate to Action &gt;&gt; Preferences. Enable custom banner slider switch and set the following as banner text:

"You are accessing a U.S. Government (USG) Information System (IS) that is provided for USG-authorized use only.

By using this IS (which includes any device attached to this IS), you consent to the following conditions:

-The USG routinely intercepts and monitors communications on this IS for purposes including, but not limited to, penetration testing, COMSEC monitoring, network operations and defense, personnel misconduct (PM), law enforcement (LE), and counterintelligence (CI) investigations.

-At any time, the USG may inspect and seize data stored on this IS.

-Communications using, or data stored on, this IS are not private, are subject to routine monitoring, interception, and search, and may be disclosed or used for any USG-authorized purpose.

-This IS includes security measures (e.g., authentication and access controls) to protect USG interests--not for your personal benefit or privacy.

-Notwithstanding the above, using this IS does not constitute consent to PM, LE or CI investigative searching or monitoring of the content of privileged communications, or work product, related to personal representation or services by attorneys, psychotherapists, or clergy, and their assistants. Such communications and work product are private and confidential. See User Agreement for details."</fixtext><fix id="F-58795r869863_fix" /><check system="C-58851r869862_chk"><check-content-ref href="HPE_3PAR_SSMC_OS_STIG.xml" name="M" /><check-content>Verify that SSMC displays the full text of the Standard Mandatory DOD Notice and Consent Banner before granting access to the system. 

1. Access the SSMC web application by submitting the URL https://&lt;ssmc_ip_or_fqdn&gt;:8443/.

2. Log on to SSMC admin console as ssmcadmin.

3. Navigate to Action &gt;&gt; Preferences. Verify that the full text of the Standard Mandatory DOD Notice and consent banner is seen as stored against Custom Banner field.

The DOD Notice and consent banner message should read as follows in all of steps 1, 2 and 3 above: 
"You are accessing a U.S. Government (USG) Information System (IS) that is provided for USG-authorized use only.

By using this IS (which includes any device attached to this IS), you consent to the following conditions:

-The USG routinely intercepts and monitors communications on this IS for purposes including, but not limited to, penetration testing, COMSEC monitoring, network operations and defense, personnel misconduct (PM), law enforcement (LE), and counterintelligence (CI) investigations.

-At any time, the USG may inspect and seize data stored on this IS.

-Communications using, or data stored on, this IS are not private, are subject to routine monitoring, interception, and search, and may be disclosed or used for any USG-authorized purpose.

-This IS includes security measures (e.g., authentication and access controls) to protect USG interests--not for your personal benefit or privacy.

-Notwithstanding the above, using this IS does not constitute consent to PM, LE or CI investigative searching or monitoring of the content of privileged communications, or work product, related to personal representation or services by attorneys, psychotherapists, or clergy, and their assistants. Such communications and work product are private and confidential. See User Agreement for details."

If the full text of the Standard Mandatory DOD Notice and Consent Banner is not displayed, this is a finding.</check-content></check></Rule></Group><Group id="V-255239"><title>SRG-OS-000125-GPOS-00065</title><description>&lt;GroupDescription&gt;&lt;/GroupDescription&gt;</description><Rule id="SV-255239r869867_rule" weight="10.0" severity="medium"><version>SSMC-OS-010040</version><title>SSMC must employ strong authenticators in the establishment of nonlocal maintenance and diagnostic sessions.</title><description>&lt;VulnDiscussion&gt;If maintenance tools are used by unauthorized personnel, they may accidentally or intentionally damage or compromise the system. The act of managing systems and applications includes the ability to access sensitive application information, such as system configuration details, diagnostic information, user information, and potentially sensitive application data.

Some maintenance and test tools are either standalone devices with their own operating systems or are applications bundled with an operating system.

Nonlocal maintenance and diagnostic activities are those activities conducted by individuals communicating through a network, either an external network (e.g., the internet) or an internal network. Local maintenance and diagnostic activities are those activities carried out by individuals physically present at the information system or information system component and not communicating across a network connection. Typically, strong authentication requires authenticators that are resistant to replay attacks and employ multifactor authentication. Strong authenticators include, for example, PKI where certificates are stored on a token protected by a password, passphrase, or biometric.

Satisfies: SRG-OS-000125-GPOS-00065, SRG-OS-000396-GPOS-00176, SRG-OS-000424-GPOS-00188, SRG-OS-000394-GPOS-00174, SRG-OS-000250-GPOS-00093, SRG-OS-000425-GPOS-00189, SRG-OS-000426-GPOS-00190, SRG-OS-000423-GPOS-00187&lt;/VulnDiscussion&gt;&lt;FalsePositives&gt;&lt;/FalsePositives&gt;&lt;FalseNegatives&gt;&lt;/FalseNegatives&gt;&lt;Documentable&gt;false&lt;/Documentable&gt;&lt;Mitigations&gt;&lt;/Mitigations&gt;&lt;SeverityOverrideGuidance&gt;&lt;/SeverityOverrideGuidance&gt;&lt;PotentialImpacts&gt;&lt;/PotentialImpacts&gt;&lt;ThirdPartyTools&gt;&lt;/ThirdPartyTools&gt;&lt;MitigationControl&gt;&lt;/MitigationControl&gt;&lt;Responsibility&gt;&lt;/Responsibility&gt;&lt;IAControls&gt;&lt;/IAControls&gt;</description><reference><dc:title>DPMS Target HPE 3PAR SSMC OS</dc:title><dc:publisher>DISA</dc:publisher><dc:type>DPMS Target</dc:type><dc:subject>HPE 3PAR SSMC OS</dc:subject><dc:identifier>5497</dc:identifier></reference><ident system="http://cyber.mil/cci">CCI-000877</ident><ident system="http://cyber.mil/cci">CCI-001453</ident><ident system="http://cyber.mil/cci">CCI-002418</ident><ident system="http://cyber.mil/cci">CCI-002420</ident><ident system="http://cyber.mil/cci">CCI-002421</ident><ident system="http://cyber.mil/cci">CCI-002422</ident><ident system="http://cyber.mil/cci">CCI-002450</ident><ident system="http://cyber.mil/cci">CCI-003123</ident><fixtext fixref="F-58796r869866_fix">Configure SSMC to use Strong SSH ciphers to protect the integrity of remote access sessions by doing the following:

1. Log on to the SSMC administrator console as "ssmcadmin". Press "X" to escape to general bash shell.

2. Execute the following command:

$  sudo /ssmc/bin/config_security.sh -o cnsa_mode_appliance -a enable -f</fixtext><fix id="F-58796r869866_fix" /><check system="C-58852r869865_chk"><check-content-ref href="HPE_3PAR_SSMC_OS_STIG.xml" name="M" /><check-content>Verify that SSMC is configured to strong SSH ciphers to protect the integrity of remote access sessions by doing the following:

Log on to SSMC appliance as ssmcadmin via SSH, press "X" to escape to general bash shell from the TUI menu, and issue the following command:

$  sudo /ssmc/bin/config_security.sh -o cnsa_mode_appliance -a status

If the output does not read as "Appliance CNSA mode is enabled", this is a finding.</check-content></check></Rule></Group><Group id="V-255240"><title>SRG-OS-000480-GPOS-00226</title><description>&lt;GroupDescription&gt;&lt;/GroupDescription&gt;</description><Rule id="SV-255240r869870_rule" weight="10.0" severity="medium"><version>SSMC-OS-010060</version><title>SSMC must enforce a delay of at least four seconds between logon prompts following a failed logon attempt.</title><description>&lt;VulnDiscussion&gt;Limiting the number of logon attempts over a certain time interval reduces the chances that an unauthorized user may gain access to an account.&lt;/VulnDiscussion&gt;&lt;FalsePositives&gt;&lt;/FalsePositives&gt;&lt;FalseNegatives&gt;&lt;/FalseNegatives&gt;&lt;Documentable&gt;false&lt;/Documentable&gt;&lt;Mitigations&gt;&lt;/Mitigations&gt;&lt;SeverityOverrideGuidance&gt;&lt;/SeverityOverrideGuidance&gt;&lt;PotentialImpacts&gt;&lt;/PotentialImpacts&gt;&lt;ThirdPartyTools&gt;&lt;/ThirdPartyTools&gt;&lt;MitigationControl&gt;&lt;/MitigationControl&gt;&lt;Responsibility&gt;&lt;/Responsibility&gt;&lt;IAControls&gt;&lt;/IAControls&gt;</description><reference><dc:title>DPMS Target HPE 3PAR SSMC OS</dc:title><dc:publisher>DISA</dc:publisher><dc:type>DPMS Target</dc:type><dc:subject>HPE 3PAR SSMC OS</dc:subject><dc:identifier>5497</dc:identifier></reference><ident system="http://cyber.mil/cci">CCI-000366</ident><fixtext fixref="F-58797r869869_fix">Configure SSMC to enforce a delay of at least four seconds between logon prompts following a failed logon attempt. To do so, perform the following steps.

1. Log on to SSMC appliance as ssmcadmin. Press "X" to escape to general bash shell.

2. Execute the following command:

$ sudo /ssmc/bin/config_security.sh -o config_failedlogin_delay -a enable -f</fixtext><fix id="F-58797r869869_fix" /><check system="C-58853r869868_chk"><check-content-ref href="HPE_3PAR_SSMC_OS_STIG.xml" name="M" /><check-content>Verify that SSMC enforces a delay of at least four seconds between logon prompts following a failed logon attempt. To do so, perform the following steps.

1. Log on to SSMC appliance as ssmcadmin. Press "X" to escape to general bash shell.

2. Execute the following command:

$ sudo /ssmc/bin/config_security.sh -o config_failedlogin_delay -a status

Failed login delay is enabled

If the command output does not read "Failed login delay is enabled", this is a finding.</check-content></check></Rule></Group><Group id="V-255241"><title>SRG-OS-000078-GPOS-00046</title><description>&lt;GroupDescription&gt;&lt;/GroupDescription&gt;</description><Rule id="SV-255241r869873_rule" weight="10.0" severity="medium"><version>SSMC-OS-010070</version><title>SSMC must enforce a minimum 15-character password length.</title><description>&lt;VulnDiscussion&gt;The shorter the password, the lower the number of possible combinations that need to be tested before the password is compromised.

Password complexity, or strength, is a measure of the effectiveness of a password in resisting attempts at guessing and brute-force attacks. Password length is one factor of several that helps to determine strength and how long it takes to crack a password. Use of more characters in a password helps to exponentially increase the time and/or resources required to compromise the password.&lt;/VulnDiscussion&gt;&lt;FalsePositives&gt;&lt;/FalsePositives&gt;&lt;FalseNegatives&gt;&lt;/FalseNegatives&gt;&lt;Documentable&gt;false&lt;/Documentable&gt;&lt;Mitigations&gt;&lt;/Mitigations&gt;&lt;SeverityOverrideGuidance&gt;&lt;/SeverityOverrideGuidance&gt;&lt;PotentialImpacts&gt;&lt;/PotentialImpacts&gt;&lt;ThirdPartyTools&gt;&lt;/ThirdPartyTools&gt;&lt;MitigationControl&gt;&lt;/MitigationControl&gt;&lt;Responsibility&gt;&lt;/Responsibility&gt;&lt;IAControls&gt;&lt;/IAControls&gt;</description><reference><dc:title>DPMS Target HPE 3PAR SSMC OS</dc:title><dc:publisher>DISA</dc:publisher><dc:type>DPMS Target</dc:type><dc:subject>HPE 3PAR SSMC OS</dc:subject><dc:identifier>5497</dc:identifier></reference><ident system="http://cyber.mil/cci">CCI-000205</ident><fixtext fixref="F-58798r869872_fix">To enable and enforce the 15-character minimum password length policy, do the following: 

1. Log on to SSMC appliance as ssmcadmin. Press "X" to escape to general bash shell.

2. Execute the following command:

$ sudo /ssmc/bin/config_security.sh -o long_password_policy -a enable -f

Note: ssmcaudit user should be disabled before executing this fix procedure.</fixtext><fix id="F-58798r869872_fix" /><check system="C-58854r869871_chk"><check-content-ref href="HPE_3PAR_SSMC_OS_STIG.xml" name="M" /><check-content>To verify that the 15-character minimum password length policy is set, do the following: 

1. Log on to SSMC appliance as ssmcadmin. Press "X" to escape to shell.

2. Execute the following command:

$ sudo /ssmc/bin/config_security.sh -o long_password_policy -a status
Long password policy is enabled

If the status does not read "enabled", this is a finding.</check-content></check></Rule></Group><Group id="V-255242"><title>SRG-OS-000205-GPOS-00083</title><description>&lt;GroupDescription&gt;&lt;/GroupDescription&gt;</description><Rule id="SV-255242r869876_rule" weight="10.0" severity="medium"><version>SSMC-OS-010080</version><title>SSMC must generate error messages that provide information necessary for corrective actions without revealing information that could be exploited by adversaries.</title><description>&lt;VulnDiscussion&gt; Any operating system providing too much information in error messages risks compromising the data and security of the structure, and content of error messages needs to be carefully considered by the organization.

Organizations carefully consider the structure/content of error messages. The extent to which information systems are able to identify and handle error conditions is guided by organizational policy and operational requirements. Information that could be exploited by adversaries includes, for example, erroneous logon attempts with passwords entered by mistake as the username, mission/business information that can be derived from (if not stated explicitly by) information recorded, and personal information, such as account numbers, social security numbers, and credit card numbers.&lt;/VulnDiscussion&gt;&lt;FalsePositives&gt;&lt;/FalsePositives&gt;&lt;FalseNegatives&gt;&lt;/FalseNegatives&gt;&lt;Documentable&gt;false&lt;/Documentable&gt;&lt;Mitigations&gt;&lt;/Mitigations&gt;&lt;SeverityOverrideGuidance&gt;&lt;/SeverityOverrideGuidance&gt;&lt;PotentialImpacts&gt;&lt;/PotentialImpacts&gt;&lt;ThirdPartyTools&gt;&lt;/ThirdPartyTools&gt;&lt;MitigationControl&gt;&lt;/MitigationControl&gt;&lt;Responsibility&gt;&lt;/Responsibility&gt;&lt;IAControls&gt;&lt;/IAControls&gt;</description><reference><dc:title>DPMS Target HPE 3PAR SSMC OS</dc:title><dc:publisher>DISA</dc:publisher><dc:type>DPMS Target</dc:type><dc:subject>HPE 3PAR SSMC OS</dc:subject><dc:identifier>5497</dc:identifier></reference><ident system="http://cyber.mil/cci">CCI-001312</ident><fixtext fixref="F-58799r869875_fix">To configure SSMC to prevent exfiltration of sensitive information, disable all management email notifications. Execute the following steps:

1. Log on to SSMC appliance as ssmcadmin. Press "X" to escape to general bash shell.

2. Edit /opt/hpe/ssmc/ssmcbase/resources/ssmc.properties using vi editor.

3. Locate and uncomment the property "ssmc.management.notification.disable=false". Save and exit.

4. Using TUI menu option 2, restart SSMC service.</fixtext><fix id="F-58799r869875_fix" /><check system="C-58855r869874_chk"><check-content-ref href="HPE_3PAR_SSMC_OS_STIG.xml" name="M" /><check-content>To verify that SSMC is configured to prevent exfiltration of sensitive information, do the following:

1. Log on to SSMC appliance as ssmcadmin. Press "X" to escape to general bash shell.

2. Execute the following command:

$ grep ^ssmc.management.notification.disable /opt/hpe/ssmc/ssmcbase/resources/ssmc.properties

ssmc.management.notification.disable=false

If the command output does not print "ssmc.management.notification.disable=false", this is a finding.</check-content></check></Rule></Group><Group id="V-255243"><title>SRG-OS-000480-GPOS-00227</title><description>&lt;GroupDescription&gt;&lt;/GroupDescription&gt;</description><Rule id="SV-255243r870274_rule" weight="10.0" severity="medium"><version>SSMC-OS-010100</version><title>SSMC must be configured to offload logs to a SIEM that is configured to alert the ISSO or SA when the local built-in admin account (ssmcadmin) is accessed.</title><description>&lt;VulnDiscussion&gt;Configuring the operating system to implement organization-wide security implementation guides and security checklists ensures compliance with federal standards and establishes a common security baseline across DOD that reflects the most restrictive security posture consistent with operational requirements.

The ssmcadmin account is an emergency group account used to administer ssmc. This is a privileged account that can Log on to the SSMC appliance.

The ssmcaudit account is a nonprivileged group user account that can be enabled/disabled by ssmcadmin for CVE scanning via TUI. This is the other group account that can log on to the appliance.

By alerting to the use of ssmcadmin account, the information assurance team can mitigate the risks involved in using this group account. These alerts must be used to ensure that the use of this account is warranted and documented.&lt;/VulnDiscussion&gt;&lt;FalsePositives&gt;&lt;/FalsePositives&gt;&lt;FalseNegatives&gt;&lt;/FalseNegatives&gt;&lt;Documentable&gt;false&lt;/Documentable&gt;&lt;Mitigations&gt;&lt;/Mitigations&gt;&lt;SeverityOverrideGuidance&gt;&lt;/SeverityOverrideGuidance&gt;&lt;PotentialImpacts&gt;&lt;/PotentialImpacts&gt;&lt;ThirdPartyTools&gt;&lt;/ThirdPartyTools&gt;&lt;MitigationControl&gt;&lt;/MitigationControl&gt;&lt;Responsibility&gt;&lt;/Responsibility&gt;&lt;IAControls&gt;&lt;/IAControls&gt;</description><reference><dc:title>DPMS Target HPE 3PAR SSMC OS</dc:title><dc:publisher>DISA</dc:publisher><dc:type>DPMS Target</dc:type><dc:subject>HPE 3PAR SSMC OS</dc:subject><dc:identifier>5497</dc:identifier></reference><ident system="http://cyber.mil/cci">CCI-002664</ident><fixtext fixref="F-58800r869878_fix">Configure SSMC to offload logs to a SIEM that is set up to alert the ISSO or SA when the ssmcadmin account is accessed by performing the following:

1. Implement SSMC-WS-010080 to establish offloading logs to a SIEM.

2. Configure the SIEM to alert the ISSO or SA in the event that the ssmcadmin account is accessed.</fixtext><fix id="F-58800r869878_fix" /><check system="C-58856r869877_chk"><check-content-ref href="HPE_3PAR_SSMC_OS_STIG.xml" name="M" /><check-content>Verify that SSMC is configured to offload logs to a SIEM that is set up to alert the ISSO or SA when the ssmcadmin account is accessed by performing the following:

1. Log on to SIEM where the logs are being offloaded.

2. Log on to SSMC with the ssmcadmin account.

3. Return to the SIEM to see that an alert has been generated based on the access of the ssmcadmin account.

If the SIEM does not generate an alert for the ISSO or SA, this is a finding.</check-content></check></Rule></Group><Group id="V-255244"><title>SRG-OS-000356-GPOS-00144</title><description>&lt;GroupDescription&gt;&lt;/GroupDescription&gt;</description><Rule id="SV-255244r869882_rule" weight="10.0" severity="medium"><version>SSMC-OS-010260</version><title>SSMC must synchronize internal information system clocks to the authoritative time source when the time difference is greater than one second.</title><description>&lt;VulnDiscussion&gt;Inaccurate time stamps make it more difficult to correlate events and can lead to an inaccurate analysis. Determining the correct time a particular event occurred on a system is critical when conducting forensic analysis and investigating system events.

Synchronizing internal information system clocks provides uniformity of time stamps for information systems with multiple system clocks and systems connected over a network. Organizations should consider setting time periods for different types of systems (e.g., financial, legal, or mission-critical systems).

Organizations should also consider endpoints that may not have regular access to the authoritative time server (e.g., mobile, teleworking, and tactical endpoints). This requirement is related to the comparison done every 24 hours in SRG-OS-000355 because a comparison must be done in order to determine the time difference.

Satisfies: SRG-OS-000356-GPOS-00144, SRG-OS-000355-GPOS-00143&lt;/VulnDiscussion&gt;&lt;FalsePositives&gt;&lt;/FalsePositives&gt;&lt;FalseNegatives&gt;&lt;/FalseNegatives&gt;&lt;Documentable&gt;false&lt;/Documentable&gt;&lt;Mitigations&gt;&lt;/Mitigations&gt;&lt;SeverityOverrideGuidance&gt;&lt;/SeverityOverrideGuidance&gt;&lt;PotentialImpacts&gt;&lt;/PotentialImpacts&gt;&lt;ThirdPartyTools&gt;&lt;/ThirdPartyTools&gt;&lt;MitigationControl&gt;&lt;/MitigationControl&gt;&lt;Responsibility&gt;&lt;/Responsibility&gt;&lt;IAControls&gt;&lt;/IAControls&gt;</description><reference><dc:title>DPMS Target HPE 3PAR SSMC OS</dc:title><dc:publisher>DISA</dc:publisher><dc:type>DPMS Target</dc:type><dc:subject>HPE 3PAR SSMC OS</dc:subject><dc:identifier>5497</dc:identifier></reference><ident system="http://cyber.mil/cci">CCI-001891</ident><ident system="http://cyber.mil/cci">CCI-002046</ident><fixtext fixref="F-58801r869881_fix">Configure SSMC to synchronize system clock to the authoritative time source by doing the following:

1. Log on to SSMC appliance as ssmcadmin. Press "X" to escape to general bash shell.

2. Edit /ssmc/conf/security_config.properties using vi editor and configure the IP address of one or more time servers with which the system clock needs to be synchronized via NTP. Save and exit.

3. Execute the following command: 

$ sudo /ssmc/bin/config_security.sh -o configure_ntp -a set -f</fixtext><fix id="F-58801r869881_fix" /><check system="C-58857r869880_chk"><check-content-ref href="HPE_3PAR_SSMC_OS_STIG.xml" name="M" /><check-content>Verify SSMC synchronizes system clocks to the authoritative time source by performing the following: 

1. Log on to SSMC appliance as ssmcadmin. Press "X" to escape to general bash shell.

2. Execute the following command:

$ sudo /ssmc/bin/config_security.sh -o configure_ntp -a status

NTP service is configured

If the NTP service is not configured, this is a finding.</check-content></check></Rule></Group><Group id="V-255245"><title>SRG-OS-000066-GPOS-00034</title><description>&lt;GroupDescription&gt;&lt;/GroupDescription&gt;</description><Rule id="SV-255245r869885_rule" weight="10.0" severity="medium"><version>SSMC-OS-010300</version><title>For PKI-based authentication, SSMC must validate certificates by constructing a certification path (which includes status information) to an accepted trust anchor.</title><description>&lt;VulnDiscussion&gt;Without path validation, an informed trust decision by the relying party cannot be made when presented with any certificate not already explicitly trusted.

A trust anchor is an authoritative entity represented via a public key and associated data. It is used in the context of public key infrastructures, X.509 digital certificates, and DNSSEC.

When there is a chain of trust, usually the top entity to be trusted becomes the trust anchor; it can be, for example, a Certification Authority (CA). A certification path starts with the subject certificate and proceeds through a number of intermediate certificates up to a trusted root certificate, typically issued by a trusted CA.

This requirement verifies that a certification path to an accepted trust anchor is used for certificate validation and that the path includes status information. Path validation is necessary for a relying party to make an informed trust decision when presented with any certificate not already explicitly trusted. Status information for certification paths includes certificate revocation lists or online certificate status protocol responses. Validation of the certificate status information is out of scope for this requirement.&lt;/VulnDiscussion&gt;&lt;FalsePositives&gt;&lt;/FalsePositives&gt;&lt;FalseNegatives&gt;&lt;/FalseNegatives&gt;&lt;Documentable&gt;false&lt;/Documentable&gt;&lt;Mitigations&gt;&lt;/Mitigations&gt;&lt;SeverityOverrideGuidance&gt;&lt;/SeverityOverrideGuidance&gt;&lt;PotentialImpacts&gt;&lt;/PotentialImpacts&gt;&lt;ThirdPartyTools&gt;&lt;/ThirdPartyTools&gt;&lt;MitigationControl&gt;&lt;/MitigationControl&gt;&lt;Responsibility&gt;&lt;/Responsibility&gt;&lt;IAControls&gt;&lt;/IAControls&gt;</description><reference><dc:title>DPMS Target HPE 3PAR SSMC OS</dc:title><dc:publisher>DISA</dc:publisher><dc:type>DPMS Target</dc:type><dc:subject>HPE 3PAR SSMC OS</dc:subject><dc:identifier>5497</dc:identifier></reference><ident system="http://cyber.mil/cci">CCI-000185</ident><fixtext fixref="F-58802r869884_fix">Configure SSMC to perform PKI-based authentication for remote syslog connectivity with "x509/certvalid" or "x509/name" setting for auth mode:

1. Log on to SSMC appliance as ssmcadmin. Press "X" to escape to general bash shell.

2. Use vi to edit and configure /ssmc/conf/security_config.properties file with values necessary to connect with a remote syslog server. 
ssmc.rsyslog.server.host=&lt;rsyslog_server&gt;
ssmc.rsyslog.server.port=&lt;rsyslog_port&gt;
ssmc.rsyslog.server.protocol=tcp
ssmc.rsyslog.server.tls-enabled=1
ssmc.rsyslog.cert.caroot=&lt;ca_root_cert_pem&gt;
ssmc.rsyslog.cert.clientcert=&lt;ssmc_client_cert_pem&gt;
ssmc.rsyslog.cert.clientkey=&lt;ssmc_client_key_pem&gt;
ssmc.rsyslog.server.authMode=&lt; x509/name | x509/certvalid &gt;
ssmc.rsyslog.server.permittedPeers=&lt;cn_of_rsyslog_server&gt;
ssmc.rsyslog.server.device=&lt;ens160|ens192|eth0|eth1&gt;
ssmc.rsyslog.queue.maxdiskspace=6

Save and exit.

3. Execute the following to activate connection to remote syslog server:
$ sudo /ssmc/bin/config_security.sh -o remote_syslog_server -a set -f</fixtext><fix id="F-58802r869884_fix" /><check system="C-58858r869883_chk"><check-content-ref href="HPE_3PAR_SSMC_OS_STIG.xml" name="M" /><check-content>Check that the remote syslog connection is configured to use "x509/certvalid" or "x509/name" as authentication mode:

$ sudo /ssmc/bin/config_security.sh -o remote_syslog_appliance -a status | grep ssmc.rsyslog.server.authMode

Expected:
ssmc.rsyslog.server.authMode=x509/name
OR
ssmc.rsyslog.server.authMode=x509/certvalid

If the output does not match either of the expected strings, it is a finding.</check-content></check></Rule></Group><Group id="V-255246"><title>SRG-OS-000021-GPOS-00005</title><description>&lt;GroupDescription&gt;&lt;/GroupDescription&gt;</description><Rule id="SV-255246r869888_rule" weight="10.0" severity="low"><version>SSMC-OS-020000</version><title>SSMC must enforce the limit of three consecutive invalid logon attempts by a nonadministrative user.</title><description>&lt;VulnDiscussion&gt;By limiting the number of failed logon attempts, the risk of unauthorized system access via user password guessing, otherwise known as brute-force attacks, is reduced. Limits are imposed by locking the account.&lt;/VulnDiscussion&gt;&lt;FalsePositives&gt;&lt;/FalsePositives&gt;&lt;FalseNegatives&gt;&lt;/FalseNegatives&gt;&lt;Documentable&gt;false&lt;/Documentable&gt;&lt;Mitigations&gt;&lt;/Mitigations&gt;&lt;SeverityOverrideGuidance&gt;&lt;/SeverityOverrideGuidance&gt;&lt;PotentialImpacts&gt;&lt;/PotentialImpacts&gt;&lt;ThirdPartyTools&gt;&lt;/ThirdPartyTools&gt;&lt;MitigationControl&gt;&lt;/MitigationControl&gt;&lt;Responsibility&gt;&lt;/Responsibility&gt;&lt;IAControls&gt;&lt;/IAControls&gt;</description><reference><dc:title>DPMS Target HPE 3PAR SSMC OS</dc:title><dc:publisher>DISA</dc:publisher><dc:type>DPMS Target</dc:type><dc:subject>HPE 3PAR SSMC OS</dc:subject><dc:identifier>5497</dc:identifier></reference><ident system="http://cyber.mil/cci">CCI-000044</ident><fixtext fixref="F-58803r869887_fix">Configure SSMC to limit consecutive invalid logon attempts for ssmcaudit user to three times by executing the following command:

$sudo /ssmc/bin/config_security.sh -o session_lock -a enable -f</fixtext><fix id="F-58803r869887_fix" /><check system="C-58859r869886_chk"><check-content-ref href="HPE_3PAR_SSMC_OS_STIG.xml" name="M" /><check-content>Check if SSMC is configured to limit consecutive invalid logon attempts for ssmcaudit user to three times by executing the following command:

$ sudo /ssmc/bin/config_security.sh -o session_lock -a status
Session lock is enabled

If the output of this command does not read "Session lock is enabled", this is a finding.</check-content></check></Rule></Group><Group id="V-255247"><title>SRG-OS-000163-GPOS-00072</title><description>&lt;GroupDescription&gt;&lt;/GroupDescription&gt;</description><Rule id="SV-255247r869891_rule" weight="10.0" severity="medium"><version>SSMC-OS-020010</version><title>SSMC must terminate all network connections associated with a communications session at the end of the session, or as follows: for in-band management sessions (privileged sessions), the session must be terminated after 10 minutes of inactivity.</title><description>&lt;VulnDiscussion&gt;Terminating an idle session within a short time period reduces the window of opportunity for unauthorized personnel to take control of a management session enabled on the console or console port that has been left unattended. In addition, quickly terminating an idle session will also free up resources committed by the managed network element. 

Terminating network connections associated with communications sessions includes, for example, deallocating associated TCP/IP address/port pairs at the operating system level, and deallocating networking assignments at the application level if multiple application sessions are using a single operating system-level network connection. This does not mean that the operating system terminates all sessions or network access; it only ends the inactive session and releases the resources associated with that session.

Satisfies: SRG-OS-000163-GPOS-00072, SRG-OS-000279-GPOS-00109&lt;/VulnDiscussion&gt;&lt;FalsePositives&gt;&lt;/FalsePositives&gt;&lt;FalseNegatives&gt;&lt;/FalseNegatives&gt;&lt;Documentable&gt;false&lt;/Documentable&gt;&lt;Mitigations&gt;&lt;/Mitigations&gt;&lt;SeverityOverrideGuidance&gt;&lt;/SeverityOverrideGuidance&gt;&lt;PotentialImpacts&gt;&lt;/PotentialImpacts&gt;&lt;ThirdPartyTools&gt;&lt;/ThirdPartyTools&gt;&lt;MitigationControl&gt;&lt;/MitigationControl&gt;&lt;Responsibility&gt;&lt;/Responsibility&gt;&lt;IAControls&gt;&lt;/IAControls&gt;</description><reference><dc:title>DPMS Target HPE 3PAR SSMC OS</dc:title><dc:publisher>DISA</dc:publisher><dc:type>DPMS Target</dc:type><dc:subject>HPE 3PAR SSMC OS</dc:subject><dc:identifier>5497</dc:identifier></reference><ident system="http://cyber.mil/cci">CCI-001133</ident><ident system="http://cyber.mil/cci">CCI-002361</ident><fixtext fixref="F-58804r869890_fix">Configure SSMC web server to close inactive sessions after 10 minutes by doing the following:

1. Log on to the SSMC appliance as ssmcadmin. Press "X" to escape to general bash shell.

2. Use vi to edit /opt/hpe/ssmc/ssmcbase/resources/ssmc.properties file.

3. Uncomment and update server.session.timeout property to 10 minutes (default is 15). Save and exit.

4. Type "config_appliance" to return to TUI. Restart (stop and start) SSMC services using TUI menu option 2.</fixtext><fix id="F-58804r869890_fix" /><check system="C-58860r869889_chk"><check-content-ref href="HPE_3PAR_SSMC_OS_STIG.xml" name="M" /><check-content>Verify that SSMC web server is configured to close inactive sessions after 10 minutes by doing the following:

1. Log on to the SSMC appliance as ssmcadmin. Press "X" to escape to general bash shell.

2. Execute the command:

$ grep ^server.session.timeout /opt/hpe/ssmc/ssmcbase/resources/ssmc.properties

server.session.timeout=10

If the value is not set to 10 minutes, this is a finding.</check-content></check></Rule></Group><Group id="V-255248"><title>SRG-OS-000324-GPOS-00125</title><description>&lt;GroupDescription&gt;&lt;/GroupDescription&gt;</description><Rule id="SV-255248r869894_rule" weight="10.0" severity="medium"><version>SSMC-OS-020080</version><title>SSMC must prevent nonprivileged users from executing privileged functions to include disabling, circumventing, or altering implemented security safeguards/countermeasures.</title><description>&lt;VulnDiscussion&gt;Preventing nonprivileged users from executing privileged functions mitigates the risk that unauthorized individuals or processes may gain unnecessary access to information or privileges.

Privileged functions include, for example, establishing accounts, performing system integrity checks, or administering cryptographic key management activities. Nonprivileged users are individuals that do not possess appropriate authorizations. Circumventing intrusion detection and prevention mechanisms or malicious code protection mechanisms are examples of privileged functions that require protection from nonprivileged users.

Satisfies: SRG-OS-000324-GPOS-00125, SRG-OS-000373-GPOS-00157, SRG-OS-000373-GPOS-00158&lt;/VulnDiscussion&gt;&lt;FalsePositives&gt;&lt;/FalsePositives&gt;&lt;FalseNegatives&gt;&lt;/FalseNegatives&gt;&lt;Documentable&gt;false&lt;/Documentable&gt;&lt;Mitigations&gt;&lt;/Mitigations&gt;&lt;SeverityOverrideGuidance&gt;&lt;/SeverityOverrideGuidance&gt;&lt;PotentialImpacts&gt;&lt;/PotentialImpacts&gt;&lt;ThirdPartyTools&gt;&lt;/ThirdPartyTools&gt;&lt;MitigationControl&gt;&lt;/MitigationControl&gt;&lt;Responsibility&gt;&lt;/Responsibility&gt;&lt;IAControls&gt;&lt;/IAControls&gt;</description><reference><dc:title>DPMS Target HPE 3PAR SSMC OS</dc:title><dc:publisher>DISA</dc:publisher><dc:type>DPMS Target</dc:type><dc:subject>HPE 3PAR SSMC OS</dc:subject><dc:identifier>5497</dc:identifier></reference><ident system="http://cyber.mil/cci">CCI-002038</ident><ident system="http://cyber.mil/cci">CCI-002235</ident><fixtext fixref="F-58805r869893_fix">Configure SSMC to prevent nonprivileged users from executing privileged functions by doing the following:

1. Log on to SSMC appliance as ssmcadmin. Press "X" to escape to general bash shell.

2. Execute the following command:

$ sudo /ssmc/bin/config_security.sh -o sudo_password -a enable</fixtext><fix id="F-58805r869893_fix" /><check system="C-58861r869892_chk"><check-content-ref href="HPE_3PAR_SSMC_OS_STIG.xml" name="M" /><check-content>Verify that SSMC prevents nonprivileged users from executing privileged functions by doing the following:

1. Log on to SSMC appliance as ssmcadmin. Press "X" to escape to general bash shell.

2. Execute the following commands:

$ sudo /ssmc/bin/config_security.sh -o sudo_password -a status

Sudo password is enabled

If the command output does not read "Sudo password is enabled", this is a finding.</check-content></check></Rule></Group><Group id="V-255249"><title>SRG-OS-000062-GPOS-00031</title><description>&lt;GroupDescription&gt;&lt;/GroupDescription&gt;</description><Rule id="SV-255249r869897_rule" weight="10.0" severity="low"><version>SSMC-OS-030050</version><title>SSMC must provide audit record generation capability for DOD-defined auditable events for all operating system components.</title><description>&lt;VulnDiscussion&gt;Without the capability to generate audit records, it would be difficult to establish, correlate, and investigate the events relating to an incident or identify those responsible for one.

Audit records can be generated from various components within the information system (e.g., module or policy filter).

The list of audited events is the set of events for which audits are to be generated. This set of events is typically a subset of the list of all events for which the system is capable of generating audit records.

DOD has defined the list of events for which the operating system will provide an audit record generation capability as the following: 

1. Successful and unsuccessful attempts to access, modify, or delete privileges, security objects, security levels, or categories of information (e.g., classification levels);

2. Access actions, such as successful and unsuccessful logon attempts, privileged activities or other system-level access, starting and ending time for user access to the system, concurrent logons from different workstations, successful and unsuccessful accesses to objects, all program initiations, and all direct access to the information system;

3. All account creations, modifications, disabling, and terminations; and 

4. All kernel module load, unload, and restart actions.

Satisfies: SRG-OS-000062-GPOS-00031, SRG-OS-000392-GPOS-00172&lt;/VulnDiscussion&gt;&lt;FalsePositives&gt;&lt;/FalsePositives&gt;&lt;FalseNegatives&gt;&lt;/FalseNegatives&gt;&lt;Documentable&gt;false&lt;/Documentable&gt;&lt;Mitigations&gt;&lt;/Mitigations&gt;&lt;SeverityOverrideGuidance&gt;&lt;/SeverityOverrideGuidance&gt;&lt;PotentialImpacts&gt;&lt;/PotentialImpacts&gt;&lt;ThirdPartyTools&gt;&lt;/ThirdPartyTools&gt;&lt;MitigationControl&gt;&lt;/MitigationControl&gt;&lt;Responsibility&gt;&lt;/Responsibility&gt;&lt;IAControls&gt;&lt;/IAControls&gt;</description><reference><dc:title>DPMS Target HPE 3PAR SSMC OS</dc:title><dc:publisher>DISA</dc:publisher><dc:type>DPMS Target</dc:type><dc:subject>HPE 3PAR SSMC OS</dc:subject><dc:identifier>5497</dc:identifier></reference><ident system="http://cyber.mil/cci">CCI-000169</ident><ident system="http://cyber.mil/cci">CCI-002884</ident><fixtext fixref="F-58806r869896_fix">Configure SSMC to provide audit record generation capability for DOD-defined auditable events for all operating system components by executing the following command:

$ sudo /ssmc/bin/config_security.sh -o verbose_shell_session_logs -a enable -f</fixtext><fix id="F-58806r869896_fix" /><check system="C-58862r869895_chk"><check-content-ref href="HPE_3PAR_SSMC_OS_STIG.xml" name="M" /><check-content>Verify that SSMC provides audit record generation capability for DOD-defined auditable events for all operating system components, by executing the following command:

$ sudo /ssmc/bin/config_security.sh -o verbose_shell_session_logs -a status

Verbose shell session log is enabled

If the command outputs do not read as "enabled", this is a finding.</check-content></check></Rule></Group><Group id="V-255250"><title>SRG-OS-000341-GPOS-00132</title><description>&lt;GroupDescription&gt;&lt;/GroupDescription&gt;</description><Rule id="SV-255250r869900_rule" weight="10.0" severity="medium"><version>SSMC-OS-030140</version><title>SSMC must allocate audit record storage capacity to store at least one weeks' worth of audit records, when audit records are not immediately sent to a central audit record storage facility.</title><description>&lt;VulnDiscussion&gt;In order to ensure operating systems have a sufficient storage capacity in which to write the audit logs, operating systems need to be able to allocate audit record storage capacity.

The task of allocating audit record storage capacity is usually performed during initial installation of the operating system.&lt;/VulnDiscussion&gt;&lt;FalsePositives&gt;&lt;/FalsePositives&gt;&lt;FalseNegatives&gt;&lt;/FalseNegatives&gt;&lt;Documentable&gt;false&lt;/Documentable&gt;&lt;Mitigations&gt;&lt;/Mitigations&gt;&lt;SeverityOverrideGuidance&gt;&lt;/SeverityOverrideGuidance&gt;&lt;PotentialImpacts&gt;&lt;/PotentialImpacts&gt;&lt;ThirdPartyTools&gt;&lt;/ThirdPartyTools&gt;&lt;MitigationControl&gt;&lt;/MitigationControl&gt;&lt;Responsibility&gt;&lt;/Responsibility&gt;&lt;IAControls&gt;&lt;/IAControls&gt;</description><reference><dc:title>DPMS Target HPE 3PAR SSMC OS</dc:title><dc:publisher>DISA</dc:publisher><dc:type>DPMS Target</dc:type><dc:subject>HPE 3PAR SSMC OS</dc:subject><dc:identifier>5497</dc:identifier></reference><ident system="http://cyber.mil/cci">CCI-001849</ident><fixtext fixref="F-58807r869899_fix">Configure SSMC to allocate audit record storage capacity to store at least one week's worth of audit records. Perform the following to do so: 

1. Configure smtp parameters in /ssmc/conf/security_config.properties like below (use vi editor) -

ssmc.rsyslog.server.host=&lt;rsyslog_server&gt;
ssmc.rsyslog.server.port=&lt;rsyslog_port&gt;
ssmc.rsyslog.server.protocol=tcp
ssmc.rsyslog.server.tls-enabled=1
ssmc.rsyslog.cert.caroot=&lt;ca_root_cert_pem&gt;
ssmc.rsyslog.cert.clientcert=&lt;ssmc_client_cert_pem&gt;
ssmc.rsyslog.cert.clientkey=&lt;ssmc_client_key_pem&gt;
ssmc.rsyslog.server.authMode=&lt;x509/name | x509/certvalid&gt;
ssmc.rsyslog.server.permittedPeers=&lt;cn_of_rsyslog_server&gt;
ssmc.rsyslog.server.device=&lt;ens160|ens192|eth0|eth1&gt;
ssmc.rsyslog.queue.maxdiskspace=6
ssmc.rsyslog.smtp.alert=true
ssmc.rsyslog.smtp.server=&lt;server_ip&gt;
ssmc.rsyslog.smtp.port=25
ssmc.rsyslog.smtp.recipient=["id1@domain","id2@domain"]
ssmc.rsyslog.smtp.notify-interval=300
ssmc.rsyslog.smtp.mailFrom=id@domain

2. Execute the following command to commit configuration and activate the service: 

$ sudo /ssmc/bin/config_security.sh -o remote_syslog_appliance -a set -f</fixtext><fix id="F-58807r869899_fix" /><check system="C-58863r869898_chk"><check-content-ref href="HPE_3PAR_SSMC_OS_STIG.xml" name="M" /><check-content>Verify SSMC allocates audit record storage capacity to store at least one weeks' worth of audit records, when audit records are not immediately sent to remote logging server by doing the following:

1. Log on to SSMC appliance as ssmcadmin. Press "X" to escape to general bash shell.

2. Execute the following command:

$ sudo /ssmc/bin/config_security.sh -o remote_syslog_appliance -a status | grep ssmc.rsyslog.queue.maxdiskspace

ssmc.rsyslog.queue.maxdiskspace=6

If the command output does not read "ssmc.rsyslog.queue.maxdiskspace=6", this is a finding.</check-content></check></Rule></Group></Benchmark>