<?xml version="1.0" encoding="utf-8"?><?xml-stylesheet type='text/xsl' href='STIG_unclass.xsl'?><Benchmark xmlns:dc="http://purl.org/dc/elements/1.1/" xmlns:xsi="http://www.w3.org/2001/XMLSchema-instance" xmlns:cpe="http://cpe.mitre.org/language/2.0" xmlns:xhtml="http://www.w3.org/1999/xhtml" xmlns:dsig="http://www.w3.org/2000/09/xmldsig#" xsi:schemaLocation="http://checklists.nist.gov/xccdf/1.1 http://nvd.nist.gov/schema/xccdf-1.1.4.xsd http://cpe.mitre.org/dictionary/2.0 http://cpe.mitre.org/files/cpe-dictionary_2.1.xsd" id="Network_WLAN_AP-IG_Platform_STIG" xml:lang="en" xmlns="http://checklists.nist.gov/xccdf/1.1"><status date="2023-02-13">accepted</status><title>Network WLAN AP-IG Platform Security Technical Implementation Guide</title><description>This Security Technical Implementation Guide is published as a tool to improve the security of Department of Defense (DOD) information systems. The requirements are derived from the National Institute of Standards and Technology (NIST) 800-53 and related documents. Comments or proposed revisions to this document should be sent via email to the following address: disa.stig_spt@mail.mil.</description><notice id="terms-of-use" xml:lang="en"></notice><front-matter xml:lang="en"></front-matter><rear-matter xml:lang="en"></rear-matter><reference href="https://cyber.mil"><dc:publisher>DISA</dc:publisher><dc:source>STIG.DOD.MIL</dc:source></reference><plain-text id="release-info">Release: 3 Benchmark Date: 27 Apr 2023</plain-text><plain-text id="generator">3.4.0.34222</plain-text><plain-text id="conventionsVersion">1.10.0</plain-text><version>7</version><Profile id="MAC-1_Classified"><title>I - Mission Critical Classified</title><description>&lt;ProfileDescription&gt;&lt;/ProfileDescription&gt;</description><select idref="V-243207" selected="true" /><select idref="V-243208" selected="true" /><select idref="V-243209" selected="true" /><select idref="V-243210" selected="true" /><select idref="V-243211" selected="true" /><select idref="V-243212" selected="true" /><select idref="V-243213" selected="true" /><select idref="V-243214" selected="true" /><select idref="V-243215" selected="true" /></Profile><Profile id="MAC-1_Public"><title>I - Mission Critical Public</title><description>&lt;ProfileDescription&gt;&lt;/ProfileDescription&gt;</description><select idref="V-243207" selected="true" /><select idref="V-243208" selected="true" /><select idref="V-243209" selected="true" /><select idref="V-243210" selected="true" /><select idref="V-243211" selected="true" /><select idref="V-243212" selected="true" /><select idref="V-243213" selected="true" /><select idref="V-243214" selected="true" /><select idref="V-243215" selected="true" /></Profile><Profile id="MAC-1_Sensitive"><title>I - Mission Critical Sensitive</title><description>&lt;ProfileDescription&gt;&lt;/ProfileDescription&gt;</description><select idref="V-243207" selected="true" /><select idref="V-243208" selected="true" /><select idref="V-243209" selected="true" /><select idref="V-243210" selected="true" /><select idref="V-243211" selected="true" /><select idref="V-243212" selected="true" /><select idref="V-243213" selected="true" /><select idref="V-243214" selected="true" /><select idref="V-243215" selected="true" /></Profile><Profile id="MAC-2_Classified"><title>II - Mission Support Classified</title><description>&lt;ProfileDescription&gt;&lt;/ProfileDescription&gt;</description><select idref="V-243207" selected="true" /><select idref="V-243208" selected="true" /><select idref="V-243209" selected="true" /><select idref="V-243210" selected="true" /><select idref="V-243211" selected="true" /><select idref="V-243212" selected="true" /><select idref="V-243213" selected="true" /><select idref="V-243214" selected="true" /><select idref="V-243215" selected="true" /></Profile><Profile id="MAC-2_Public"><title>II - Mission Support Public</title><description>&lt;ProfileDescription&gt;&lt;/ProfileDescription&gt;</description><select idref="V-243207" selected="true" /><select idref="V-243208" selected="true" /><select idref="V-243209" selected="true" /><select idref="V-243210" selected="true" /><select idref="V-243211" selected="true" /><select idref="V-243212" selected="true" /><select idref="V-243213" selected="true" /><select idref="V-243214" selected="true" /><select idref="V-243215" selected="true" /></Profile><Profile id="MAC-2_Sensitive"><title>II - Mission Support Sensitive</title><description>&lt;ProfileDescription&gt;&lt;/ProfileDescription&gt;</description><select idref="V-243207" selected="true" /><select idref="V-243208" selected="true" /><select idref="V-243209" selected="true" /><select idref="V-243210" selected="true" /><select idref="V-243211" selected="true" /><select idref="V-243212" selected="true" /><select idref="V-243213" selected="true" /><select idref="V-243214" selected="true" /><select idref="V-243215" selected="true" /></Profile><Profile id="MAC-3_Classified"><title>III - Administrative Classified</title><description>&lt;ProfileDescription&gt;&lt;/ProfileDescription&gt;</description><select idref="V-243207" selected="true" /><select idref="V-243208" selected="true" /><select idref="V-243209" selected="true" /><select idref="V-243210" selected="true" /><select idref="V-243211" selected="true" /><select idref="V-243212" selected="true" /><select idref="V-243213" selected="true" /><select idref="V-243214" selected="true" /><select idref="V-243215" selected="true" /></Profile><Profile id="MAC-3_Public"><title>III - Administrative Public</title><description>&lt;ProfileDescription&gt;&lt;/ProfileDescription&gt;</description><select idref="V-243207" selected="true" /><select idref="V-243208" selected="true" /><select idref="V-243209" selected="true" /><select idref="V-243210" selected="true" /><select idref="V-243211" selected="true" /><select idref="V-243212" selected="true" /><select idref="V-243213" selected="true" /><select idref="V-243214" selected="true" /><select idref="V-243215" selected="true" /></Profile><Profile id="MAC-3_Sensitive"><title>III - Administrative Sensitive</title><description>&lt;ProfileDescription&gt;&lt;/ProfileDescription&gt;</description><select idref="V-243207" selected="true" /><select idref="V-243208" selected="true" /><select idref="V-243209" selected="true" /><select idref="V-243210" selected="true" /><select idref="V-243211" selected="true" /><select idref="V-243212" selected="true" /><select idref="V-243213" selected="true" /><select idref="V-243214" selected="true" /><select idref="V-243215" selected="true" /></Profile><Group id="V-243207"><title>SRG-NET-000512</title><description>&lt;GroupDescription&gt;&lt;/GroupDescription&gt;</description><Rule id="SV-243207r720076_rule" weight="10.0" severity="low"><version>WLAN-NW-000200</version><title>WLAN SSIDs must be changed from the manufacturer's default to a pseudo random word that does not identify the unit, base, organization, etc.</title><description>&lt;VulnDiscussion&gt;An SSID identifying the unit, site, or purpose of the WLAN or that is set to the manufacturer default may cause an OPSEC vulnerability.&lt;/VulnDiscussion&gt;&lt;FalsePositives&gt;&lt;/FalsePositives&gt;&lt;FalseNegatives&gt;&lt;/FalseNegatives&gt;&lt;Documentable&gt;false&lt;/Documentable&gt;&lt;Mitigations&gt;&lt;/Mitigations&gt;&lt;SeverityOverrideGuidance&gt;&lt;/SeverityOverrideGuidance&gt;&lt;PotentialImpacts&gt;&lt;/PotentialImpacts&gt;&lt;ThirdPartyTools&gt;&lt;/ThirdPartyTools&gt;&lt;MitigationControl&gt;&lt;/MitigationControl&gt;&lt;Responsibility&gt;&lt;/Responsibility&gt;&lt;IAControls&gt;&lt;/IAControls&gt;</description><reference><dc:title>DPMS Target Network WLAN AP-IG Platform</dc:title><dc:publisher>DISA</dc:publisher><dc:type>DPMS Target</dc:type><dc:subject>Network WLAN AP-IG Platform</dc:subject><dc:identifier>5395</dc:identifier></reference><ident system="http://cyber.mil/cci">CCI-000366</ident><fixtext fixref="F-46439r720075_fix">Change the SSID to a pseudo random word that does not identify the unit, base, or organization.</fixtext><fix id="F-46439r720075_fix" /><check system="C-46482r720074_chk"><check-content-ref href="Network_WLAN_AP-IG_Platform_STIG.xml" name="M" /><check-content>Review device configuration. 

1. Obtain the SSID using a wireless scanner or the AP or WLAN controller management software.
2. Verify the name is not meaningful (e.g., site name, product name, room number, etc.) and is not set to the manufacturer's default value.

If the SSID does not meet the requirement listed above, this is a finding.</check-content></check></Rule></Group><Group id="V-243208"><title>SRG-NET-000514</title><description>&lt;GroupDescription&gt;&lt;/GroupDescription&gt;</description><Rule id="SV-243208r817084_rule" weight="10.0" severity="medium"><version>WLAN-NW-000300</version><title>The WLAN inactive/idle session timeout must be set for 30 minutes or less.</title><description>&lt;VulnDiscussion&gt;A WLAN session that never terminates due to inactivity may allow an opening for an adversary to highjack the session to obtain access to the network.&lt;/VulnDiscussion&gt;&lt;FalsePositives&gt;&lt;/FalsePositives&gt;&lt;FalseNegatives&gt;&lt;/FalseNegatives&gt;&lt;Documentable&gt;false&lt;/Documentable&gt;&lt;Mitigations&gt;&lt;/Mitigations&gt;&lt;SeverityOverrideGuidance&gt;&lt;/SeverityOverrideGuidance&gt;&lt;PotentialImpacts&gt;&lt;/PotentialImpacts&gt;&lt;ThirdPartyTools&gt;&lt;/ThirdPartyTools&gt;&lt;MitigationControl&gt;&lt;/MitigationControl&gt;&lt;Responsibility&gt;&lt;/Responsibility&gt;&lt;IAControls&gt;&lt;/IAControls&gt;</description><reference><dc:title>DPMS Target Network WLAN AP-IG Platform</dc:title><dc:publisher>DISA</dc:publisher><dc:type>DPMS Target</dc:type><dc:subject>Network WLAN AP-IG Platform</dc:subject><dc:identifier>5395</dc:identifier></reference><ident system="http://cyber.mil/cci">CCI-000057</ident><fixtext fixref="F-46440r817083_fix">Set the WLAN inactive/idle session timeout to 30 minutes or less.</fixtext><fix id="F-46440r817083_fix" /><check system="C-46483r817082_chk"><check-content-ref href="Network_WLAN_AP-IG_Platform_STIG.xml" name="M" /><check-content>1. Review the relevant configuration screen of the WLAN controller or access point.
2. Verify the inactive/idle session timeout setting is set for 30 minutes or less. 

If the inactive/idle session timeout is not set to 30 minutes or less for the entire WLAN, or the WLAN does not have the capability to enable the session timeout feature, this is a finding.</check-content></check></Rule></Group><Group id="V-243209"><title>SRG-NET-000063</title><description>&lt;GroupDescription&gt;&lt;/GroupDescription&gt;</description><Rule id="SV-243209r720082_rule" weight="10.0" severity="medium"><version>WLAN-NW-000400</version><title>WLAN components must be Wi-Fi Alliance certified with WPA2 or WPA3.</title><description>&lt;VulnDiscussion&gt;Wi-Fi Alliance certification ensures compliance with DoD interoperability requirements between various WLAN products.&lt;/VulnDiscussion&gt;&lt;FalsePositives&gt;&lt;/FalsePositives&gt;&lt;FalseNegatives&gt;&lt;/FalseNegatives&gt;&lt;Documentable&gt;false&lt;/Documentable&gt;&lt;Mitigations&gt;&lt;/Mitigations&gt;&lt;SeverityOverrideGuidance&gt;&lt;/SeverityOverrideGuidance&gt;&lt;PotentialImpacts&gt;&lt;/PotentialImpacts&gt;&lt;ThirdPartyTools&gt;&lt;/ThirdPartyTools&gt;&lt;MitigationControl&gt;&lt;/MitigationControl&gt;&lt;Responsibility&gt;&lt;/Responsibility&gt;&lt;IAControls&gt;&lt;/IAControls&gt;</description><reference><dc:title>DPMS Target Network WLAN AP-IG Platform</dc:title><dc:publisher>DISA</dc:publisher><dc:type>DPMS Target</dc:type><dc:subject>Network WLAN AP-IG Platform</dc:subject><dc:identifier>5395</dc:identifier></reference><ident system="http://cyber.mil/cci">CCI-001453</ident><fixtext fixref="F-46441r720081_fix">Use WLAN equipment that is Wi-Fi Alliance certified with WPA2 or WPA3.</fixtext><fix id="F-46441r720081_fix" /><check system="C-46484r720080_chk"><check-content-ref href="Network_WLAN_AP-IG_Platform_STIG.xml" name="M" /><check-content>Review the WLAN equipment specification and verify it is Wi-Fi Alliance certified with either the older WPA2 certification or the newer WPA3 certification. WPA3 is preferred but not required at this time.

If the WLAN equipment is not Wi-Fi Alliance certified with WPA2 or WPA3, this is a finding.</check-content></check></Rule></Group><Group id="V-243210"><title>SRG-NET-000151</title><description>&lt;GroupDescription&gt;&lt;/GroupDescription&gt;</description><Rule id="SV-243210r891317_rule" weight="10.0" severity="medium"><version>WLAN-NW-000600</version><title>WLAN components must be FIPS 140-2 or FIPS 140-3 certified and configured to operate in FIPS mode.</title><description>&lt;VulnDiscussion&gt;If the DoD WLAN components (WLAN AP, controller, or client) are not NIST FIPS 140-2/FIPS 140-3 (Cryptographic Module Validation Program, CMVP) certified, the WLAN system may not adequately protect sensitive unclassified DoD data from compromise during transmission.&lt;/VulnDiscussion&gt;&lt;FalsePositives&gt;&lt;/FalsePositives&gt;&lt;FalseNegatives&gt;&lt;/FalseNegatives&gt;&lt;Documentable&gt;false&lt;/Documentable&gt;&lt;Mitigations&gt;&lt;/Mitigations&gt;&lt;SeverityOverrideGuidance&gt;&lt;/SeverityOverrideGuidance&gt;&lt;PotentialImpacts&gt;&lt;/PotentialImpacts&gt;&lt;ThirdPartyTools&gt;&lt;/ThirdPartyTools&gt;&lt;MitigationControl&gt;&lt;/MitigationControl&gt;&lt;Responsibility&gt;&lt;/Responsibility&gt;&lt;IAControls&gt;&lt;/IAControls&gt;</description><reference><dc:title>DPMS Target Network WLAN AP-IG Platform</dc:title><dc:publisher>DISA</dc:publisher><dc:type>DPMS Target</dc:type><dc:subject>Network WLAN AP-IG Platform</dc:subject><dc:identifier>5395</dc:identifier></reference><ident system="http://cyber.mil/cci">CCI-001967</ident><fixtext fixref="F-46442r891316_fix">Use WLAN equipment that is FIPS 140-2/3 (CMVP) certified. Configure the component to operate in FIPS mode.</fixtext><fix id="F-46442r891316_fix" /><check system="C-46485r891315_chk"><check-content-ref href="Network_WLAN_AP-IG_Platform_STIG.xml" name="M" /><check-content>Review the WLAN equipment specification and verify it is FIPS 140-2/3 (CMVP) certified for data in transit, including authentication credentials. Verify the component is configured to operate in FIPS mode.

If the WLAN equipment is not is FIPS 140-2/3 (CMVP) certified or is not configured to operate in FIPS mode, this is a finding.</check-content></check></Rule></Group><Group id="V-243211"><title>SRG-NET-000384</title><description>&lt;GroupDescription&gt;&lt;/GroupDescription&gt;</description><Rule id="SV-243211r856608_rule" weight="10.0" severity="low"><version>WLAN-NW-000800</version><title>WLAN signals must not be intercepted outside areas authorized for WLAN access.</title><description>&lt;VulnDiscussion&gt;Most commercially available WLAN equipment is preconfigured for signal power appropriate to most applications of the WLAN equipment. In some cases, this may permit the signals to be received outside the physical areas for which they are intended. This can occur when the intended area is relatively small, such as a conference room, or when the access point is placed near or window or wall, thereby allowing signals to be received in neighboring areas. 

In such cases, an adversary may be able to compromise the site's posture by measuring the presence of the signal and the quantity of data transmitted to obtain information about when personnel are active and what they are doing. If the signal is not appropriately protected through defense-in-depth mechanisms, the adversary could possibly use the connection to access DoD networks and sensitive information.&lt;/VulnDiscussion&gt;&lt;FalsePositives&gt;&lt;/FalsePositives&gt;&lt;FalseNegatives&gt;&lt;/FalseNegatives&gt;&lt;Documentable&gt;false&lt;/Documentable&gt;&lt;Mitigations&gt;&lt;/Mitigations&gt;&lt;SeverityOverrideGuidance&gt;&lt;/SeverityOverrideGuidance&gt;&lt;PotentialImpacts&gt;&lt;/PotentialImpacts&gt;&lt;ThirdPartyTools&gt;&lt;/ThirdPartyTools&gt;&lt;MitigationControl&gt;&lt;/MitigationControl&gt;&lt;Responsibility&gt;&lt;/Responsibility&gt;&lt;IAControls&gt;&lt;/IAControls&gt;</description><reference><dc:title>DPMS Target Network WLAN AP-IG Platform</dc:title><dc:publisher>DISA</dc:publisher><dc:type>DPMS Target</dc:type><dc:subject>Network WLAN AP-IG Platform</dc:subject><dc:identifier>5395</dc:identifier></reference><ident system="http://cyber.mil/cci">CCI-002683</ident><fixtext fixref="F-46443r720087_fix">Move access points to areas in which signals do not emanate in a way that makes them usable outside the areas authorized for WLAN access.

Alternatively, replace omni-directional antennae with directional antennae if this will solve the problem.

If these solutions are not effective, adjust the transmission power settings on the access point to reduce the usability of signals in unauthorized areas.

If the WLAN equipment does not allow the transmission power to be adjusted, and the access points are placed in a location where the ISSO determines there is significant risk that an adversary could be present where signals may be intercepted, the site should procure WLAN equipment that permits power adjustment.</fixtext><fix id="F-46443r720087_fix" /><check system="C-46486r720086_chk"><check-content-ref href="Network_WLAN_AP-IG_Platform_STIG.xml" name="M" /><check-content>Review documentation and inspect access point locations.

1. Review documentation showing signal strength analysis from site survey activities, if available.
2. Use testing equipment or WLAN clients to determine if the signal strength is, in the reviewer's judgment, excessively outside the required area (e.g., strong signal in the parking area, public areas, or uncontrolled spaces).
3. Lower-end access points will not have this setting available. In this case, verify the access points are located away from exterior walls to achieve compliance with this requirement.

If any of the following is found, this is a finding:
- Visual inspection of equipment shows obvious improper placement of access points where they will emanate into uncontrolled spaces (e.g., next to external walls, windows, or doors; uncontrolled areas; or public areas).
- Building walk-through testing shows signals of sufficient quality and strength to allow wireless access to exist in areas not authorized for WLAN access.</check-content></check></Rule></Group><Group id="V-243212"><title>SRG-NET-000063</title><description>&lt;GroupDescription&gt;&lt;/GroupDescription&gt;</description><Rule id="SV-243212r720091_rule" weight="10.0" severity="medium"><version>WLAN-NW-000900</version><title>The WLAN access point must be configured for Wi-Fi Alliance WPA2 or WPA3 security.</title><description>&lt;VulnDiscussion&gt;The Wi-Fi Alliance's WPA2/WPA3 certification provides assurance that the device has adequate security functionality and can implement the IEEE 802.11i standard for robust security networks. The previous version of the Wi-Fi Alliance certification, WPA, did not require AES encryption, which must be supported for DoD WLAN implementations. Devices without any WPA certification likely do not support required security functionality and could be vulnerable to a wide range of attacks.&lt;/VulnDiscussion&gt;&lt;FalsePositives&gt;&lt;/FalsePositives&gt;&lt;FalseNegatives&gt;&lt;/FalseNegatives&gt;&lt;Documentable&gt;false&lt;/Documentable&gt;&lt;Mitigations&gt;&lt;/Mitigations&gt;&lt;SeverityOverrideGuidance&gt;&lt;/SeverityOverrideGuidance&gt;&lt;PotentialImpacts&gt;&lt;/PotentialImpacts&gt;&lt;ThirdPartyTools&gt;&lt;/ThirdPartyTools&gt;&lt;MitigationControl&gt;&lt;/MitigationControl&gt;&lt;Responsibility&gt;&lt;/Responsibility&gt;&lt;IAControls&gt;&lt;/IAControls&gt;</description><reference><dc:title>DPMS Target Network WLAN AP-IG Platform</dc:title><dc:publisher>DISA</dc:publisher><dc:type>DPMS Target</dc:type><dc:subject>Network WLAN AP-IG Platform</dc:subject><dc:identifier>5395</dc:identifier></reference><ident system="http://cyber.mil/cci">CCI-001453</ident><fixtext fixref="F-46444r720090_fix">Configure the access point for WPA2 (or WPA3) authentication, confidentiality, and integrity services. 

In the case of WPA2 (Personal), this action will require the selection of a strong passcode or passphrase. 

In the case of WPA2 (Enterprise), this action will require the organization to deploy RADIUS or equivalent authentication services on a separate server.

In cases in which the access point does not support WPA2/WPA3, the organization will need to procure new equipment.</fixtext><fix id="F-46444r720090_fix" /><check system="C-46487r720089_chk"><check-content-ref href="Network_WLAN_AP-IG_Platform_STIG.xml" name="M" /><check-content>Verify the access point is configured for either WPA2/WPA3 (Enterprise) or WPA2/WPA3 (Personal) authentication. The procedure for performing this review will vary depending on the AP model. Have the SA show the configuration setting.

If the access point is not configured with either WPA2 or WPA3 security, this is finding.</check-content></check></Rule></Group><Group id="V-243213"><title>SRG-NET-000512</title><description>&lt;GroupDescription&gt;&lt;/GroupDescription&gt;</description><Rule id="SV-243213r720094_rule" weight="10.0" severity="medium"><version>WLAN-NW-001000</version><title>DoD Components providing guest WLAN access (internet access only) must use separate WLAN or logical segmentation of the enterprise WLAN (e.g., separate service set identifier [SSID] and virtual LAN) or DoD network.</title><description>&lt;VulnDiscussion&gt;The purpose of the Guest WLAN network is to provide WLAN services to authorized site guests. Guests, by definition, are not authorized access to the enterprise network. If the guest WLAN is not installed correctly, unauthorized access to the enterprise wireless and/or wired network could be obtained.&lt;/VulnDiscussion&gt;&lt;FalsePositives&gt;&lt;/FalsePositives&gt;&lt;FalseNegatives&gt;&lt;/FalseNegatives&gt;&lt;Documentable&gt;false&lt;/Documentable&gt;&lt;Mitigations&gt;&lt;/Mitigations&gt;&lt;SeverityOverrideGuidance&gt;&lt;/SeverityOverrideGuidance&gt;&lt;PotentialImpacts&gt;&lt;/PotentialImpacts&gt;&lt;ThirdPartyTools&gt;&lt;/ThirdPartyTools&gt;&lt;MitigationControl&gt;&lt;/MitigationControl&gt;&lt;Responsibility&gt;&lt;/Responsibility&gt;&lt;IAControls&gt;&lt;/IAControls&gt;</description><reference><dc:title>DPMS Target Network WLAN AP-IG Platform</dc:title><dc:publisher>DISA</dc:publisher><dc:type>DPMS Target</dc:type><dc:subject>Network WLAN AP-IG Platform</dc:subject><dc:identifier>5395</dc:identifier></reference><ident system="http://cyber.mil/cci">CCI-000366</ident><fixtext fixref="F-46445r720093_fix">Reconfigure physical and logical connections as needed so the internet-only guest WLAN infrastructure resides in a dedicated subnet off the perimeter firewall or is installed as a completely separate internet-connection-only WLAN system with no access to the enterprise network.</fixtext><fix id="F-46445r720093_fix" /><check system="C-46488r720092_chk"><check-content-ref href="Network_WLAN_AP-IG_Platform_STIG.xml" name="M" /><check-content>Have the SA show how the guest WLAN is physically connected to the firewall or supporting switch and how it is logically connected through firewall or switch configuration settings.

Verify the equipment is connected via a separate WLAN or logical segmentation of the host WLAN (e.g., separate service set identifier [SSID] and virtual LAN).

Verify the guest WLAN only provides internet access.

If a guest WLAN is not set up as a separate WLAN from the DoD network or is not set up as a logical segmentation from the DoD network or DoD WLAN, this is a finding.

If the guest WLAN does not provide only internet access, this is a finding.</check-content></check></Rule></Group><Group id="V-243214"><title>SRG-NET-000205</title><description>&lt;GroupDescription&gt;&lt;/GroupDescription&gt;</description><Rule id="SV-243214r720097_rule" weight="10.0" severity="medium"><version>WLAN-NW-001200</version><title>The network device must be configured to only permit management traffic that ingresses and egresses the out-of-band management (OOBM) interface.</title><description>&lt;VulnDiscussion&gt;The OOBM access switch will connect to the management interface of the managed network elements. The management interface can be a true OOBM interface or a standard interface functioning as the management interface. In either case, the management interface of the managed network element will be directly connected to the OOBM network. (See SRG-NET-000205-RTR-000012.)

Network boundaries, also known as managed interfaces, include, for example, gateways, routers, firewalls, guards, network-based malicious code analysis, and virtualization systems, or encrypted tunnels implemented within a security architecture (e.g., routers protecting firewalls or application gateways residing on protected subnetworks). Subnetworks that are physically or logically separated from internal networks are referred to as demilitarized zones (DMZs). Methods used for prohibiting interfaces within organizational information systems include, for example, restricting external web traffic to designated web servers within managed interfaces and prohibiting external traffic that appears to be spoofing internal addresses.&lt;/VulnDiscussion&gt;&lt;FalsePositives&gt;&lt;/FalsePositives&gt;&lt;FalseNegatives&gt;&lt;/FalseNegatives&gt;&lt;Documentable&gt;false&lt;/Documentable&gt;&lt;Mitigations&gt;&lt;/Mitigations&gt;&lt;SeverityOverrideGuidance&gt;&lt;/SeverityOverrideGuidance&gt;&lt;PotentialImpacts&gt;&lt;/PotentialImpacts&gt;&lt;ThirdPartyTools&gt;&lt;/ThirdPartyTools&gt;&lt;MitigationControl&gt;&lt;/MitigationControl&gt;&lt;Responsibility&gt;&lt;/Responsibility&gt;&lt;IAControls&gt;&lt;/IAControls&gt;</description><reference><dc:title>DPMS Target Network WLAN AP-IG Platform</dc:title><dc:publisher>DISA</dc:publisher><dc:type>DPMS Target</dc:type><dc:subject>Network WLAN AP-IG Platform</dc:subject><dc:identifier>5395</dc:identifier></reference><ident system="http://cyber.mil/cci">CCI-001097</ident><fixtext fixref="F-46446r720096_fix">Configure the network device so that only management traffic that ingresses and egresses the OOBM interface is permitted.</fixtext><fix id="F-46446r720096_fix" /><check system="C-46489r720095_chk"><check-content-ref href="Network_WLAN_AP-IG_Platform_STIG.xml" name="M" /><check-content>Review the device configuration to determine if the OOB management interface is assigned an appropriate IP address from the authorized OOB management network.

If an IP address assigned to the interface is not from an authorized OOB management network, this is a finding.</check-content></check></Rule></Group><Group id="V-243215"><title>SRG-NET-000131</title><description>&lt;GroupDescription&gt;&lt;/GroupDescription&gt;</description><Rule id="SV-243215r856609_rule" weight="10.0" severity="medium"><version>WLAN-NW-001300</version><title>The network device must not be configured to have any feature enabled that calls home to the vendor.</title><description>&lt;VulnDiscussion&gt;Call-home services will routinely send data such as configuration and diagnostic information to the vendor for routine or emergency analysis and troubleshooting. There is a risk that transmission of sensitive data sent to unauthorized persons could result in data loss or downtime due to an attack. (See SRG-NET-000131-RTR-000083.)&lt;/VulnDiscussion&gt;&lt;FalsePositives&gt;&lt;/FalsePositives&gt;&lt;FalseNegatives&gt;&lt;/FalseNegatives&gt;&lt;Documentable&gt;false&lt;/Documentable&gt;&lt;Mitigations&gt;&lt;/Mitigations&gt;&lt;SeverityOverrideGuidance&gt;&lt;/SeverityOverrideGuidance&gt;&lt;PotentialImpacts&gt;&lt;/PotentialImpacts&gt;&lt;ThirdPartyTools&gt;&lt;/ThirdPartyTools&gt;&lt;MitigationControl&gt;&lt;/MitigationControl&gt;&lt;Responsibility&gt;&lt;/Responsibility&gt;&lt;IAControls&gt;&lt;/IAControls&gt;</description><reference><dc:title>DPMS Target Network WLAN AP-IG Platform</dc:title><dc:publisher>DISA</dc:publisher><dc:type>DPMS Target</dc:type><dc:subject>Network WLAN AP-IG Platform</dc:subject><dc:identifier>5395</dc:identifier></reference><ident system="http://cyber.mil/cci">CCI-002403</ident><fixtext fixref="F-46447r720099_fix">Configure the network device to disable the call home service or feature.

Note: This feature can be enabled if the communication is only to a server residing in the local area network or enclave.</fixtext><fix id="F-46447r720099_fix" /><check system="C-46490r720098_chk"><check-content-ref href="Network_WLAN_AP-IG_Platform_STIG.xml" name="M" /><check-content>Review the device configuration to determine if the call home service or feature is disabled on the device. 

If the call home service is enabled on the device, this is a finding.

Note: This feature can be enabled if the communication is only to a server residing in the local area network or enclave.</check-content></check></Rule></Group></Benchmark>