<?xml version="1.0" encoding="utf-8"?><?xml-stylesheet type='text/xsl' href='STIG_unclass.xsl'?><Benchmark xmlns:dsig="http://www.w3.org/2000/09/xmldsig#" xmlns:xsi="http://www.w3.org/2001/XMLSchema-instance" xmlns:cpe="http://cpe.mitre.org/language/2.0" xmlns:xhtml="http://www.w3.org/1999/xhtml" xmlns:dc="http://purl.org/dc/elements/1.1/" id="Microsoft_Access_2013" xml:lang="en" xsi:schemaLocation="http://checklists.nist.gov/xccdf/1.1 http://nvd.nist.gov/schema/xccdf-1.1.4.xsd http://cpe.mitre.org/dictionary/2.0 http://cpe.mitre.org/files/cpe-dictionary_2.1.xsd" xmlns="http://checklists.nist.gov/xccdf/1.1"><status date="2018-04-03">accepted</status><title>Microsoft Access 2013 STIG</title><description>The Microsoft Access 2013 Security Technical Implementation Guide (STIG) is published as a tool to improve the security of Department of Defense (DoD) information systems. Comments or proposed revisions to this document should be sent via e-mail to the following address: disa.stig_spt@mail.mil.</description><notice id="terms-of-use" xml:lang="en"></notice><reference href="http://iase.disa.mil"><dc:publisher>DISA</dc:publisher><dc:source>STIG.DOD.MIL</dc:source></reference><plain-text id="release-info">Release: 6 Benchmark Date: 27 Apr 2018</plain-text><version>1</version><Profile id="MAC-1_Classified"><title>I - Mission Critical Classified</title><description>&lt;ProfileDescription&gt;&lt;/ProfileDescription&gt;</description><select idref="V-17173" selected="true" /><select idref="V-17174" selected="true" /><select idref="V-17175" selected="true" /><select idref="V-17183" selected="true" /><select idref="V-17184" selected="true" /><select idref="V-17187" selected="true" /><select idref="V-17545" selected="true" /><select idref="V-17584" selected="true" /><select idref="V-17603" selected="true" /><select idref="V-17757" selected="true" /><select idref="V-17810" selected="true" /><select idref="V-26584" selected="true" /><select idref="V-26585" selected="true" /><select idref="V-26586" selected="true" /><select idref="V-26587" selected="true" /><select idref="V-26588" selected="true" /><select idref="V-26589" selected="true" /></Profile><Profile id="MAC-1_Public"><title>I - Mission Critical Public</title><description>&lt;ProfileDescription&gt;&lt;/ProfileDescription&gt;</description><select idref="V-17173" selected="true" /><select idref="V-17174" selected="true" /><select idref="V-17175" selected="true" /><select idref="V-17183" selected="true" /><select idref="V-17184" selected="true" /><select idref="V-17187" selected="true" /><select idref="V-17545" selected="true" /><select idref="V-17584" selected="true" /><select idref="V-17603" selected="true" /><select idref="V-17757" selected="true" /><select idref="V-17810" selected="true" /><select idref="V-26584" selected="true" /><select idref="V-26585" selected="true" /><select idref="V-26586" selected="true" /><select idref="V-26587" selected="true" /><select idref="V-26588" selected="true" /><select idref="V-26589" selected="true" /></Profile><Profile id="MAC-1_Sensitive"><title>I - Mission Critical Sensitive</title><description>&lt;ProfileDescription&gt;&lt;/ProfileDescription&gt;</description><select idref="V-17173" selected="true" /><select idref="V-17174" selected="true" /><select idref="V-17175" selected="true" /><select idref="V-17183" selected="true" /><select idref="V-17184" selected="true" /><select idref="V-17187" selected="true" /><select idref="V-17545" selected="true" /><select idref="V-17584" selected="true" /><select idref="V-17603" selected="true" /><select idref="V-17757" selected="true" /><select idref="V-17810" selected="true" /><select idref="V-26584" selected="true" /><select idref="V-26585" selected="true" /><select idref="V-26586" selected="true" /><select idref="V-26587" selected="true" /><select idref="V-26588" selected="true" /><select idref="V-26589" selected="true" /></Profile><Profile id="MAC-2_Classified"><title>II - Mission Support Classified</title><description>&lt;ProfileDescription&gt;&lt;/ProfileDescription&gt;</description><select idref="V-17173" selected="true" /><select idref="V-17174" selected="true" /><select idref="V-17175" selected="true" /><select idref="V-17183" selected="true" /><select idref="V-17184" selected="true" /><select idref="V-17187" selected="true" /><select idref="V-17545" selected="true" /><select idref="V-17584" selected="true" /><select idref="V-17603" selected="true" /><select idref="V-17757" selected="true" /><select idref="V-17810" selected="true" /><select idref="V-26584" selected="true" /><select idref="V-26585" selected="true" /><select idref="V-26586" selected="true" /><select idref="V-26587" selected="true" /><select idref="V-26588" selected="true" /><select idref="V-26589" selected="true" /></Profile><Profile id="MAC-2_Public"><title>II - Mission Support Public</title><description>&lt;ProfileDescription&gt;&lt;/ProfileDescription&gt;</description><select idref="V-17173" selected="true" /><select idref="V-17174" selected="true" /><select idref="V-17175" selected="true" /><select idref="V-17183" selected="true" /><select idref="V-17184" selected="true" /><select idref="V-17187" selected="true" /><select idref="V-17545" selected="true" /><select idref="V-17584" selected="true" /><select idref="V-17603" selected="true" /><select idref="V-17757" selected="true" /><select idref="V-17810" selected="true" /><select idref="V-26584" selected="true" /><select idref="V-26585" selected="true" /><select idref="V-26586" selected="true" /><select idref="V-26587" selected="true" /><select idref="V-26588" selected="true" /><select idref="V-26589" selected="true" /></Profile><Profile id="MAC-2_Sensitive"><title>II - Mission Support Sensitive</title><description>&lt;ProfileDescription&gt;&lt;/ProfileDescription&gt;</description><select idref="V-17173" selected="true" /><select idref="V-17174" selected="true" /><select idref="V-17175" selected="true" /><select idref="V-17183" selected="true" /><select idref="V-17184" selected="true" /><select idref="V-17187" selected="true" /><select idref="V-17545" selected="true" /><select idref="V-17584" selected="true" /><select idref="V-17603" selected="true" /><select idref="V-17757" selected="true" /><select idref="V-17810" selected="true" /><select idref="V-26584" selected="true" /><select idref="V-26585" selected="true" /><select idref="V-26586" selected="true" /><select idref="V-26587" selected="true" /><select idref="V-26588" selected="true" /><select idref="V-26589" selected="true" /></Profile><Profile id="MAC-3_Classified"><title>III - Administrative Classified</title><description>&lt;ProfileDescription&gt;&lt;/ProfileDescription&gt;</description><select idref="V-17173" selected="true" /><select idref="V-17174" selected="true" /><select idref="V-17175" selected="true" /><select idref="V-17183" selected="true" /><select idref="V-17184" selected="true" /><select idref="V-17187" selected="true" /><select idref="V-17545" selected="true" /><select idref="V-17584" selected="true" /><select idref="V-17603" selected="true" /><select idref="V-17757" selected="true" /><select idref="V-17810" selected="true" /><select idref="V-26584" selected="true" /><select idref="V-26585" selected="true" /><select idref="V-26586" selected="true" /><select idref="V-26587" selected="true" /><select idref="V-26588" selected="true" /><select idref="V-26589" selected="true" /></Profile><Profile id="MAC-3_Public"><title>III - Administrative Public</title><description>&lt;ProfileDescription&gt;&lt;/ProfileDescription&gt;</description><select idref="V-17173" selected="true" /><select idref="V-17174" selected="true" /><select idref="V-17175" selected="true" /><select idref="V-17183" selected="true" /><select idref="V-17184" selected="true" /><select idref="V-17187" selected="true" /><select idref="V-17545" selected="true" /><select idref="V-17584" selected="true" /><select idref="V-17603" selected="true" /><select idref="V-17757" selected="true" /><select idref="V-17810" selected="true" /><select idref="V-26584" selected="true" /><select idref="V-26585" selected="true" /><select idref="V-26586" selected="true" /><select idref="V-26587" selected="true" /><select idref="V-26588" selected="true" /><select idref="V-26589" selected="true" /></Profile><Profile id="MAC-3_Sensitive"><title>III - Administrative Sensitive</title><description>&lt;ProfileDescription&gt;&lt;/ProfileDescription&gt;</description><select idref="V-17173" selected="true" /><select idref="V-17174" selected="true" /><select idref="V-17175" selected="true" /><select idref="V-17183" selected="true" /><select idref="V-17184" selected="true" /><select idref="V-17187" selected="true" /><select idref="V-17545" selected="true" /><select idref="V-17584" selected="true" /><select idref="V-17603" selected="true" /><select idref="V-17757" selected="true" /><select idref="V-17810" selected="true" /><select idref="V-26584" selected="true" /><select idref="V-26585" selected="true" /><select idref="V-26586" selected="true" /><select idref="V-26587" selected="true" /><select idref="V-26588" selected="true" /><select idref="V-26589" selected="true" /></Profile><Group id="V-17173"><title>DTOO104 - Disable user name and password</title><description>&lt;GroupDescription&gt;&lt;/GroupDescription&gt;</description><Rule id="SV-52759r1_rule" severity="medium" weight="10.0"><version>DTOO104</version><title>Disabling of user name and password syntax from being used in URLs must be enforced.</title><description>&lt;VulnDiscussion&gt;The Uniform Resource Locator (URL) standard allows user authentication to be included in URL strings in the form http://username:password@example.com. A malicious user might use this URL syntax to create a hyperlink that appears to open a legitimate website but actually opens a deceptive (spoofed) website. For example, the URL http://www.wingtiptoys.com@example.com appears to open http://www.wingtiptoys.com but actually opens http://example.com. To protect users from such attacks, Internet Explorer usually blocks any URLs using this syntax.

This functionality can be controlled separately for instances of Internet Explorer spawned by Office applications (for example, if a user clicks a link in an Office document or selects a menu option that loads a website). If user names and passwords in URLs are allowed, users could be diverted to dangerous Web pages, which could pose a security risk.&lt;/VulnDiscussion&gt;&lt;FalsePositives&gt;&lt;/FalsePositives&gt;&lt;FalseNegatives&gt;&lt;/FalseNegatives&gt;&lt;Documentable&gt;false&lt;/Documentable&gt;&lt;Mitigations&gt;&lt;/Mitigations&gt;&lt;SeverityOverrideGuidance&gt;&lt;/SeverityOverrideGuidance&gt;&lt;PotentialImpacts&gt;&lt;/PotentialImpacts&gt;&lt;ThirdPartyTools&gt;&lt;/ThirdPartyTools&gt;&lt;MitigationControl&gt;&lt;/MitigationControl&gt;&lt;Responsibility&gt;System Administrator&lt;/Responsibility&gt;&lt;Responsibility&gt;Information Assurance Officer&lt;/Responsibility&gt;&lt;IAControls&gt;&lt;/IAControls&gt;</description><reference><dc:title>DPMS Target Microsoft Access 2013</dc:title><dc:publisher>DISA</dc:publisher><dc:type>DPMS Target</dc:type><dc:subject>Microsoft Access 2013</dc:subject><dc:identifier>2477</dc:identifier></reference><ident system="http://iase.disa.mil/cci">CCI-001170</ident><fixtext fixref="F-45685r2_fix">Set the policy value for Computer Configuration -&gt; Administrative Templates -&gt; Microsoft Office 2013 (Machine) -&gt; Security Settings -&gt; IE Security "Disable user name and password" to "Enabled" and place a check in the 'msaccess.exe' check box.</fixtext><fix id="F-45685r2_fix" /><check system="C-47088r2_chk"><check-content-ref name="M" href="DPMS_XCCDF_Benchmark_Microsoft Access 2013.xml" /><check-content>Verify the policy value for Computer Configuration -&gt; Administrative Templates -&gt; Microsoft Office 2013 (Machine) -&gt; Security Settings -&gt; IE Security "Disable user name and password" is set to "Enabled" and a check in the 'msaccess.exe' check box is set to present.

Procedure: Use the Windows Registry Editor to navigate to the following key:
HKLM\Software\Microsoft\Internet Explorer\Main\FeatureControl\FEATURE_HTTP_USERNAME_PASSWORD_DISABLE

Criteria: If the value msaccess.exe is REG_DWORD = 1, this is not a finding.</check-content></check></Rule></Group><Group id="V-17174"><title>DTOO111 - Enable IE Bind to Object </title><description>&lt;GroupDescription&gt;&lt;/GroupDescription&gt;</description><Rule id="SV-52761r1_rule" severity="medium" weight="10.0"><version>DTOO111</version><title>Enabling IE Bind to Object functionality must be present.</title><description>&lt;VulnDiscussion&gt;Internet Explorer performs a number of safety checks before initializing an ActiveX control. It will not initialize a control if the kill bit for the control is set in the registry, or if the security settings for the zone in which the control is located do not allow it to be initialized.
This functionality can be controlled separately for instances of Internet Explorer spawned by Office applications (for example, if a user clicks a link in an Office document or selects a menu option that loads a web page). A security risk could occur if potentially dangerous controls are allowed to load.&lt;/VulnDiscussion&gt;&lt;FalsePositives&gt;&lt;/FalsePositives&gt;&lt;FalseNegatives&gt;&lt;/FalseNegatives&gt;&lt;Documentable&gt;false&lt;/Documentable&gt;&lt;Mitigations&gt;&lt;/Mitigations&gt;&lt;SeverityOverrideGuidance&gt;&lt;/SeverityOverrideGuidance&gt;&lt;PotentialImpacts&gt;&lt;/PotentialImpacts&gt;&lt;ThirdPartyTools&gt;&lt;/ThirdPartyTools&gt;&lt;MitigationControl&gt;&lt;/MitigationControl&gt;&lt;Responsibility&gt;System Administrator&lt;/Responsibility&gt;&lt;Responsibility&gt;Information Assurance Officer&lt;/Responsibility&gt;&lt;IAControls&gt;&lt;/IAControls&gt;</description><reference><dc:title>DPMS Target Microsoft Access 2013</dc:title><dc:publisher>DISA</dc:publisher><dc:type>DPMS Target</dc:type><dc:subject>Microsoft Access 2013</dc:subject><dc:identifier>2477</dc:identifier></reference><ident system="http://iase.disa.mil/cci">CCI-001695</ident><fixtext fixref="F-45687r1_fix">Set the policy value for Computer Configuration -&gt; Administrative Templates -&gt; Microsoft Office 2013 (Machine) -&gt; Security Settings -&gt; IE Security "Bind to Object" to "Enabled" and place a check in the 'msaccess.exe' check box.</fixtext><fix id="F-45687r1_fix" /><check system="C-47090r1_chk"><check-content-ref name="M" href="DPMS_XCCDF_Benchmark_Microsoft Access 2013.xml" /><check-content>Verify the policy value for Computer Configuration -&gt; Administrative Templates -&gt; Microsoft Office 2013 (Machine) -&gt; Security Settings -&gt; IE Security "Bind to Object"   is set to "Enabled" and a check in the 'msaccess.exe' check box is set to present.

Procedure: Use the Windows Registry Editor to navigate to the following key: 

HKLM\Software\Microsoft\Internet Explorer\Main\FeatureControl\FEATURE_SAFE_BINDTOOBJECT

Criteria: If the value msaccess.exe is REG_DWORD = 1, this is not a finding.</check-content></check></Rule></Group><Group id="V-17175"><title>DTOO117 - Saved from URL</title><description>&lt;GroupDescription&gt;&lt;/GroupDescription&gt;</description><Rule id="SV-52762r1_rule" severity="medium" weight="10.0"><version>DTOO117</version><title>Saved from URL mark to assure Internet zone processing must be enforced.</title><description>&lt;VulnDiscussion&gt;Typically, when Internet Explorer loads a web page from a Universal Naming Convention (UNC) share that contains a Mark of the Web (MOTW) comment, indicating the page was saved from a site on the Internet, Internet Explorer runs the page in the Internet security zone instead of the less restrictive Local Intranet security zone. This functionality can be controlled separately for instances of Internet Explorer spawned by Office applications (for example, if a user clicks a link in an Office document or selects a menu option that loads a web page). If Internet Explorer does not evaluate the page for a MOTW, potentially dangerous code could be allowed to run.&lt;/VulnDiscussion&gt;&lt;FalsePositives&gt;&lt;/FalsePositives&gt;&lt;FalseNegatives&gt;&lt;/FalseNegatives&gt;&lt;Documentable&gt;false&lt;/Documentable&gt;&lt;Mitigations&gt;&lt;/Mitigations&gt;&lt;SeverityOverrideGuidance&gt;&lt;/SeverityOverrideGuidance&gt;&lt;PotentialImpacts&gt;&lt;/PotentialImpacts&gt;&lt;ThirdPartyTools&gt;&lt;/ThirdPartyTools&gt;&lt;MitigationControl&gt;&lt;/MitigationControl&gt;&lt;Responsibility&gt;System Administrator&lt;/Responsibility&gt;&lt;Responsibility&gt;Information Assurance Officer&lt;/Responsibility&gt;&lt;IAControls&gt;&lt;/IAControls&gt;</description><reference><dc:title>DPMS Target Microsoft Access 2013</dc:title><dc:publisher>DISA</dc:publisher><dc:type>DPMS Target</dc:type><dc:subject>Microsoft Access 2013</dc:subject><dc:identifier>2477</dc:identifier></reference><ident system="http://iase.disa.mil/cci">CCI-001170</ident><fixtext fixref="F-45688r1_fix">Set the policy value for Computer Configuration -&gt; Administrative Templates -&gt; Microsoft Office 2013 (Machine) -&gt; Security Settings -&gt; IE Security "Saved from URL" to "Enabled" and place a check in the 'msaccess.exe' check box.</fixtext><fix id="F-45688r1_fix" /><check system="C-47091r1_chk"><check-content-ref name="M" href="DPMS_XCCDF_Benchmark_Microsoft Access 2013.xml" /><check-content>Verify the policy value for Computer Configuration -&gt; Administrative Templates -&gt; Microsoft Office 2013 (Machine) -&gt; Security Settings -&gt; IE Security "Saved from URL" is set to "Enabled" and a check in the 'msaccess.exe' check box is set to present.

Procedure: Use the Windows Registry Editor to navigate to the following key: 

HKLM\Software\Microsoft\Internet Explorer\Main\FeatureControl\FEATURE_UNC_SAVEDFILECHECK

Criteria: If the value msaccess.exe is REG_DWORD = 1, this is not a finding.</check-content></check></Rule></Group><Group id="V-17183"><title>DTOO123-Block Navigation to URL from Office </title><description>&lt;GroupDescription&gt;&lt;/GroupDescription&gt;</description><Rule id="SV-52763r1_rule" severity="medium" weight="10.0"><version>DTOO123</version><title>Navigation to URLs embedded in Office products must be blocked.</title><description>&lt;VulnDiscussion&gt;To protect users from attacks, Internet Explorer usually does not attempt to load malformed URLs. This functionality can be controlled separately for instances of Internet Explorer spawned by Office applications (for example, if a user clicks a link in an Office document or selects a menu option that loads a web page). If Internet Explorer attempts to load a malformed URL, a security risk could occur.&lt;/VulnDiscussion&gt;&lt;FalsePositives&gt;&lt;/FalsePositives&gt;&lt;FalseNegatives&gt;&lt;/FalseNegatives&gt;&lt;Documentable&gt;false&lt;/Documentable&gt;&lt;Mitigations&gt;&lt;/Mitigations&gt;&lt;SeverityOverrideGuidance&gt;&lt;/SeverityOverrideGuidance&gt;&lt;PotentialImpacts&gt;&lt;/PotentialImpacts&gt;&lt;ThirdPartyTools&gt;&lt;/ThirdPartyTools&gt;&lt;MitigationControl&gt;&lt;/MitigationControl&gt;&lt;Responsibility&gt;System Administrator&lt;/Responsibility&gt;&lt;Responsibility&gt;Information Assurance Officer&lt;/Responsibility&gt;&lt;IAControls&gt;&lt;/IAControls&gt;</description><reference><dc:title>DPMS Target Microsoft Access 2013</dc:title><dc:publisher>DISA</dc:publisher><dc:type>DPMS Target</dc:type><dc:subject>Microsoft Access 2013</dc:subject><dc:identifier>2477</dc:identifier></reference><ident system="http://iase.disa.mil/cci">CCI-001170</ident><fixtext fixref="F-45689r1_fix">Set the policy value for Computer Configuration -&gt; Administrative Templates -&gt; Microsoft Office 2013 (Machine) -&gt; Security Settings -&gt; IE Security "Navigate URL" to "Enabled" and place a check in the 'msaccess.exe' check box.</fixtext><fix id="F-45689r1_fix" /><check system="C-47092r1_chk"><check-content-ref name="M" href="DPMS_XCCDF_Benchmark_Microsoft Access 2013.xml" /><check-content>Verify the policy value for Computer Configuration -&gt; Administrative Templates -&gt; Microsoft Office 2013 (Machine) -&gt; Security Settings -&gt; IE Security "Navigate URL" is set to "Enabled" and a check in the 'msaccess.exe' check box is set to present.

Procedure: Use the Windows Registry Editor to navigate to the following key: 

HKLM\Software\Microsoft\Internet Explorer\Main\FeatureControl\FEATURE_VALIDATE_NAVIGATE_URL

Criteria: If the value msaccess.exe is REG_DWORD = 1, this is not a finding.</check-content></check></Rule></Group><Group id="V-17184"><title>DTOO129 - Block Pop-Ups</title><description>&lt;GroupDescription&gt;&lt;/GroupDescription&gt;</description><Rule id="SV-52767r1_rule" severity="medium" weight="10.0"><version>DTOO129</version><title>Links that invoke instances of Internet Explorer from within an Office product must be blocked.</title><description>&lt;VulnDiscussion&gt;The Pop-up Blocker feature in Internet Explorer can be used to block most unwanted pop-up and pop-under windows from appearing. This functionality can be controlled separately for instances of Internet Explorer spawned by Office applications (for example, if a user clicks a link in an Office document or selects a menu option that loads a web page). If the Pop-up Blocker is disabled, disruptive and potentially dangerous pop-up windows could load and present a security risk.&lt;/VulnDiscussion&gt;&lt;FalsePositives&gt;&lt;/FalsePositives&gt;&lt;FalseNegatives&gt;&lt;/FalseNegatives&gt;&lt;Documentable&gt;false&lt;/Documentable&gt;&lt;Mitigations&gt;&lt;/Mitigations&gt;&lt;SeverityOverrideGuidance&gt;&lt;/SeverityOverrideGuidance&gt;&lt;PotentialImpacts&gt;&lt;/PotentialImpacts&gt;&lt;ThirdPartyTools&gt;&lt;/ThirdPartyTools&gt;&lt;MitigationControl&gt;&lt;/MitigationControl&gt;&lt;Responsibility&gt;System Administrator&lt;/Responsibility&gt;&lt;Responsibility&gt;Information Assurance Officer&lt;/Responsibility&gt;&lt;IAControls&gt;&lt;/IAControls&gt;</description><reference><dc:title>DPMS Target Microsoft Access 2013</dc:title><dc:publisher>DISA</dc:publisher><dc:type>DPMS Target</dc:type><dc:subject>Microsoft Access 2013</dc:subject><dc:identifier>2477</dc:identifier></reference><ident system="http://iase.disa.mil/cci">CCI-001662</ident><fixtext fixref="F-45693r1_fix">Set the policy value for Computer Configuration -&gt; Administrative Templates -&gt; Microsoft Office 2013 (Machine) -&gt; Security Settings -&gt; IE Security "Block popups" to "Enabled" and  select 'msaccess.exe'.</fixtext><fix id="F-45693r1_fix" /><check system="C-47096r1_chk"><check-content-ref name="M" href="DPMS_XCCDF_Benchmark_Microsoft Access 2013.xml" /><check-content>Verify the policy value for Computer Configuration -&gt; Administrative Templates -&gt; Microsoft Office 2013 (Machine) -&gt; Security Settings -&gt; IE Security "Block popups" is set to "Enabled" and 'msaccess.exe' is checked.

Procedure: Use the Windows Registry Editor to navigate to the following key: 

HKLM\Software\Microsoft\Internet Explorer\Main\FeatureControl\FEATURE_WEBOC_POPUPMANAGEMENT

Criteria: If the value msaccess.exe is REG_DWORD = 1, this is not a finding.</check-content></check></Rule></Group><Group id="V-17187"><title>DTOO131 - Trust Bar Notifications</title><description>&lt;GroupDescription&gt;&lt;/GroupDescription&gt;</description><Rule id="SV-52769r1_rule" severity="medium" weight="10.0"><version>DTOO131</version><title>Trust Bar Notifications for unsigned application add-ins must be blocked.</title><description>&lt;VulnDiscussion&gt;If an application is configured to require all add-ins be signed by a trusted publisher, any unsigned add-ins the application loads will be disabled and the application will display the Trust Bar at the top of the active window. The Trust Bar contains a message informing users about the unsigned add-in. If the Trust Bar were to be allowed while add-ins are required to be signed by a trusted publisher, the user would have the ability to make the determination to allow an unsigned add-in, which increases the risk of allowing malicious code to run on the user's computer and on the network.&lt;/VulnDiscussion&gt;&lt;FalsePositives&gt;&lt;/FalsePositives&gt;&lt;FalseNegatives&gt;&lt;/FalseNegatives&gt;&lt;Documentable&gt;false&lt;/Documentable&gt;&lt;Mitigations&gt;&lt;/Mitigations&gt;&lt;SeverityOverrideGuidance&gt;&lt;/SeverityOverrideGuidance&gt;&lt;PotentialImpacts&gt;&lt;/PotentialImpacts&gt;&lt;ThirdPartyTools&gt;&lt;/ThirdPartyTools&gt;&lt;MitigationControl&gt;&lt;/MitigationControl&gt;&lt;Responsibility&gt;System Administrator&lt;/Responsibility&gt;&lt;Responsibility&gt;Information Assurance Officer&lt;/Responsibility&gt;&lt;IAControls&gt;ECSC-1&lt;/IAControls&gt;</description><reference><dc:title>DPMS Target Microsoft Access 2013</dc:title><dc:publisher>DISA</dc:publisher><dc:type>DPMS Target</dc:type><dc:subject>Microsoft Access 2013</dc:subject><dc:identifier>2477</dc:identifier></reference><ident system="http://iase.disa.mil/cci">CCI-001749</ident><fixtext fixref="F-45695r1_fix">Set the policy value for User Configuration -&gt; Administrative Templates -&gt; Microsoft Access 2013 -&gt; Application Settings -&gt; Security -&gt; Trust Center "Disable Trust Bar Notification for unsigned application add-ins and block them" to "Enabled".</fixtext><fix id="F-45695r1_fix" /><check system="C-47098r1_chk"><check-content-ref name="M" href="DPMS_XCCDF_Benchmark_Microsoft Access 2013.xml" /><check-content>Verify the policy value for User Configuration -&gt; Administrative Templates -&gt; Microsoft Access 2013 -&gt; Application Settings -&gt; Security -&gt; Trust Center "Disable Trust Bar Notification for unsigned application add-ins and block them" is set to "Enabled".

Procedure: Use the Windows Registry Editor to navigate to the following key: 

HKCU\Software\Policies\Microsoft\Office\15.0\access\security

Criteria: If the value NoTBPromptUnsignedAddin is REG_DWORD = 1, this is not a finding.</check-content></check></Rule></Group><Group id="V-17545"><title>DTOO304 - VBA Macro Warning settings</title><description>&lt;GroupDescription&gt;&lt;/GroupDescription&gt;</description><Rule id="SV-52776r1_rule" severity="medium" weight="10.0"><version>DTOO304</version><title>Trust access for VBA must be disallowed.</title><description>&lt;VulnDiscussion&gt;VSTO projects require access to the Visual Basic for Applications project system in Excel, PowerPoint, and Word, even though the projects do not use Visual Basic for Applications. Design-time support of controls in both Visual Basic and C# projects depends on the Visual Basic for Applications project system in Word and Excel. By default, Excel, Word, and PowerPoint do not allow automation clients to have programmatic access to VBA projects. Users can enable this by selecting the Trust access to the VBA project object model in the Macro Settings section of the Trust Center. However, doing so allows macros in any documents the user opens to access the core Visual Basic objects, methods, and properties, which represents a potential security hazard.&lt;/VulnDiscussion&gt;&lt;FalsePositives&gt;&lt;/FalsePositives&gt;&lt;FalseNegatives&gt;&lt;/FalseNegatives&gt;&lt;Documentable&gt;false&lt;/Documentable&gt;&lt;Mitigations&gt;&lt;/Mitigations&gt;&lt;SeverityOverrideGuidance&gt;&lt;/SeverityOverrideGuidance&gt;&lt;PotentialImpacts&gt;&lt;/PotentialImpacts&gt;&lt;ThirdPartyTools&gt;&lt;/ThirdPartyTools&gt;&lt;MitigationControl&gt;&lt;/MitigationControl&gt;&lt;Responsibility&gt;System Administrator&lt;/Responsibility&gt;&lt;Responsibility&gt;Information Assurance Officer&lt;/Responsibility&gt;&lt;IAControls&gt;&lt;/IAControls&gt;</description><reference><dc:title>DPMS Target Microsoft Access 2013</dc:title><dc:publisher>DISA</dc:publisher><dc:type>DPMS Target</dc:type><dc:subject>Microsoft Access 2013</dc:subject><dc:identifier>2477</dc:identifier></reference><ident system="http://iase.disa.mil/cci">CCI-000381</ident><fixtext fixref="F-45702r1_fix">Set policy value for User Configuration -&gt; Administrative Templates -&gt; Microsoft Access 2013 -&gt; Application Settings -&gt; Security -&gt;  Trust Center -&gt; "VBA macro Notification Settings" must be set to "Enabled: Disable all with notification".</fixtext><fix id="F-45702r1_fix" /><check system="C-47105r1_chk"><check-content-ref name="M" href="DPMS_XCCDF_Benchmark_Microsoft Access 2013.xml" /><check-content>Verify the policy value for User Configuration -&gt; Administrative Templates -&gt; Microsoft Access 2013 -&gt; Application Settings -&gt; Security -&gt;  Trust Center -&gt; "VBA macro Notification Settings" is set to "Enabled: Disable all with notification".

Procedure: Use the Windows Registry Editor to navigate to the following key: 

HKCU\software\policies\Microsoft\office\15.0\access\security

Criteria: If the value vbawarnings is REG_DWORD = 2, this is not a finding.</check-content></check></Rule></Group><Group id="V-17584"><title>DTOO136 - Default file format </title><description>&lt;GroupDescription&gt;&lt;/GroupDescription&gt;</description><Rule id="SV-52772r1_rule" severity="low" weight="10.0"><version>DTOO136</version><title>The Save commands default file format must be configured.</title><description>&lt;VulnDiscussion&gt;When users create new database files, Access saves them in the new Access format. Users can change this functionality by clicking the Office button, clicking "Access Options", and then selecting a file format from the default file format list.
If a new database is created in an inappropriate format, some users might be unable to open or use it.&lt;/VulnDiscussion&gt;&lt;FalsePositives&gt;&lt;/FalsePositives&gt;&lt;FalseNegatives&gt;&lt;/FalseNegatives&gt;&lt;Documentable&gt;false&lt;/Documentable&gt;&lt;Mitigations&gt;&lt;/Mitigations&gt;&lt;SeverityOverrideGuidance&gt;&lt;/SeverityOverrideGuidance&gt;&lt;PotentialImpacts&gt;&lt;/PotentialImpacts&gt;&lt;ThirdPartyTools&gt;&lt;/ThirdPartyTools&gt;&lt;MitigationControl&gt;&lt;/MitigationControl&gt;&lt;Responsibility&gt;System Administrator&lt;/Responsibility&gt;&lt;Responsibility&gt;Information Assurance Officer&lt;/Responsibility&gt;&lt;IAControls&gt;&lt;/IAControls&gt;</description><reference><dc:title>DPMS Target Microsoft Access 2013</dc:title><dc:publisher>DISA</dc:publisher><dc:type>DPMS Target</dc:type><dc:subject>Microsoft Access 2013</dc:subject><dc:identifier>2477</dc:identifier></reference><ident system="http://iase.disa.mil/cci">CCI-000381</ident><fixtext fixref="F-45698r1_fix">Set the policy value for User Configuration -&gt; Administrative Templates -&gt; Microsoft Access 2013 -&gt; Miscellaneous "Default File Format" to "Enabled (Access 2007)".</fixtext><fix id="F-45698r1_fix" /><check system="C-47101r1_chk"><check-content-ref name="M" href="DPMS_XCCDF_Benchmark_Microsoft Access 2013.xml" /><check-content>Verify the policy value for User Configuration -&gt; Administrative Templates -&gt; Microsoft Access 2013 -&gt; Miscellaneous "Default File Format" is set to "Enabled (Access 2007)".

Procedure: Use the Windows Registry Editor to navigate to the following key: 

HKCU\Software\Policies\Microsoft\Office\15.0\access\settings

Criteria: If the value Default File Format is REG_DWORD =  0x0000000c (hex) or 12 (Decimal), this is not a finding.</check-content></check></Rule></Group><Group id="V-17603"><title>DTOO137 - Prompt / Convert Older Databases</title><description>&lt;GroupDescription&gt;&lt;/GroupDescription&gt;</description><Rule id="SV-52773r1_rule" severity="low" weight="10.0"><version>DTOO137</version><title>Prompts to convert older databases must be enforced.</title><description>&lt;VulnDiscussion&gt;When users open databases that were created in the Access 97 file format, Access 2013 prompts them to convert the database to a newer file format.  Users can choose to convert the database or leave it in the older format.  Disabling this setting ensures Access 2013 prompts the user, and is therefore unlikely to cause usability issues. Otherwise, if Access 2013 was allowed to automatically convert the database, it may be converting outdated code which is not compatible or tested with the newer version. In addition, if the database is used by multiple users, there is the potential of making the database inaccessible to other users who may not be using Access 2013.&lt;/VulnDiscussion&gt;&lt;FalsePositives&gt;&lt;/FalsePositives&gt;&lt;FalseNegatives&gt;&lt;/FalseNegatives&gt;&lt;Documentable&gt;false&lt;/Documentable&gt;&lt;Mitigations&gt;&lt;/Mitigations&gt;&lt;SeverityOverrideGuidance&gt;&lt;/SeverityOverrideGuidance&gt;&lt;PotentialImpacts&gt;&lt;/PotentialImpacts&gt;&lt;ThirdPartyTools&gt;&lt;/ThirdPartyTools&gt;&lt;MitigationControl&gt;&lt;/MitigationControl&gt;&lt;Responsibility&gt;System Administrator&lt;/Responsibility&gt;&lt;Responsibility&gt;Information Assurance Officer&lt;/Responsibility&gt;&lt;IAControls&gt;&lt;/IAControls&gt;</description><reference><dc:title>DPMS Target Microsoft Access 2013</dc:title><dc:publisher>DISA</dc:publisher><dc:type>DPMS Target</dc:type><dc:subject>Microsoft Access 2013</dc:subject><dc:identifier>2477</dc:identifier></reference><ident system="http://iase.disa.mil/cci">CCI-000366</ident><fixtext fixref="F-45699r1_fix">Set the policy value for User Configuration -&gt; Administrative Templates -&gt; Microsoft Access 2013 -&gt; Miscellaneous "Do not prompt to convert older databases" to "Disabled".</fixtext><fix id="F-45699r1_fix" /><check system="C-47102r1_chk"><check-content-ref name="M" href="DPMS_XCCDF_Benchmark_Microsoft Access 2013.xml" /><check-content>Verify the policy value for User Configuration -&gt; Administrative Templates -&gt; Microsoft Access 2013 -&gt; Miscellaneous "Do not prompt to convert older databases" is set to "Disabled".

Procedure: Use the Windows Registry Editor to navigate to the following key: 

HKCU\Software\Policies\Microsoft\Office\15.0\access\settings

Criteria: If the value NoConvertDialog is REG_DWORD = 0, this is not a finding.</check-content></check></Rule></Group><Group id="V-17757"><title>DTOO135 - Modal Trust Decision Only</title><description>&lt;GroupDescription&gt;&lt;/GroupDescription&gt;</description><Rule id="SV-52771r1_rule" severity="medium" weight="10.0"><version>DTOO135</version><title>Database functionality configurations must be displayed to the user.</title><description>&lt;VulnDiscussion&gt;When users open an untrusted Access 2013 database that contains user-programmed executable components, Access opens the database with the components disabled and displays the Message Bar with a warning that database content has been disabled. Users can inspect the contents of the database, but cannot use any disabled functionality until they enable it by clicking Options on the Message Bar and selecting the appropriate action.
The default configuration can be changed so that users see a dialog box when they open an untrusted database with executable components. Users must then choose whether to enable or disable the components before working with the database. In these circumstances users frequently enable the components, even if they do not require them. Executable components can be used to launch an attack against a computer environment.
Disabling this setting enforces Access 2013 to display the action items, so is unlikely to cause usability issues.&lt;/VulnDiscussion&gt;&lt;FalsePositives&gt;&lt;/FalsePositives&gt;&lt;FalseNegatives&gt;&lt;/FalseNegatives&gt;&lt;Documentable&gt;false&lt;/Documentable&gt;&lt;Mitigations&gt;&lt;/Mitigations&gt;&lt;SeverityOverrideGuidance&gt;&lt;/SeverityOverrideGuidance&gt;&lt;PotentialImpacts&gt;&lt;/PotentialImpacts&gt;&lt;ThirdPartyTools&gt;&lt;/ThirdPartyTools&gt;&lt;MitigationControl&gt;&lt;/MitigationControl&gt;&lt;Responsibility&gt;System Administrator&lt;/Responsibility&gt;&lt;Responsibility&gt;Information Assurance Officer&lt;/Responsibility&gt;&lt;IAControls&gt;&lt;/IAControls&gt;</description><reference><dc:title>DPMS Target Microsoft Access 2013</dc:title><dc:publisher>DISA</dc:publisher><dc:type>DPMS Target</dc:type><dc:subject>Microsoft Access 2013</dc:subject><dc:identifier>2477</dc:identifier></reference><ident system="http://iase.disa.mil/cci">CCI-000381</ident><fixtext fixref="F-45697r1_fix">Set the policy value for User Configuration -&gt; Administrative Templates -&gt; Microsoft Access 2013 -&gt; Tools \ Security "Modal Trust Decision Only" to "Disabled".</fixtext><fix id="F-45697r1_fix" /><check system="C-47100r1_chk"><check-content-ref name="M" href="DPMS_XCCDF_Benchmark_Microsoft Access 2013.xml" /><check-content>Verify the policy value for User Configuration -&gt; Administrative Templates -&gt; Microsoft Access 2013 -&gt; Tools \ Security "Modal Trust Decision Only" is set to "Disabled".

Procedure: Use the Windows Registry Editor to navigate to the following key: 

HKCU\Software\Policies\Microsoft\Office\15.0\access\security

Criteria: If the value ModalTrustDecisionOnly is REG_DWORD = 0, this is not a finding.</check-content></check></Rule></Group><Group id="V-17810"><title>DTOO130 - Underline hyperlinks </title><description>&lt;GroupDescription&gt;&lt;/GroupDescription&gt;</description><Rule id="SV-52768r1_rule" severity="medium" weight="10.0"><version>DTOO130</version><title>The configuration for enabling of hyperlinks must be enforced.</title><description>&lt;VulnDiscussion&gt;Access underlines hyperlinks that appear in tables, queries, forms, and reports. If this configuration is changed, users might click on dangerous hyperlinks without realizing it, which could pose a security risk.&lt;/VulnDiscussion&gt;&lt;FalsePositives&gt;&lt;/FalsePositives&gt;&lt;FalseNegatives&gt;&lt;/FalseNegatives&gt;&lt;Documentable&gt;false&lt;/Documentable&gt;&lt;Mitigations&gt;&lt;/Mitigations&gt;&lt;SeverityOverrideGuidance&gt;&lt;/SeverityOverrideGuidance&gt;&lt;PotentialImpacts&gt;&lt;/PotentialImpacts&gt;&lt;ThirdPartyTools&gt;&lt;/ThirdPartyTools&gt;&lt;MitigationControl&gt;&lt;/MitigationControl&gt;&lt;Responsibility&gt;System Administrator&lt;/Responsibility&gt;&lt;Responsibility&gt;Information Assurance Officer&lt;/Responsibility&gt;&lt;IAControls&gt;&lt;/IAControls&gt;</description><reference><dc:title>DPMS Target Microsoft Access 2013</dc:title><dc:publisher>DISA</dc:publisher><dc:type>DPMS Target</dc:type><dc:subject>Microsoft Access 2013</dc:subject><dc:identifier>2477</dc:identifier></reference><ident system="http://iase.disa.mil/cci">CCI-002460</ident><fixtext fixref="F-45694r1_fix">Set the policy value for User Configuration -&gt; Administrative Templates -&gt; Microsoft Access 2013 -&gt; Application Settings -&gt; Web Options... -&gt; General "Underline Hyperlinks" to "Enabled".</fixtext><fix id="F-45694r1_fix" /><check system="C-47097r1_chk"><check-content-ref name="M" href="DPMS_XCCDF_Benchmark_Microsoft Access 2013.xml" /><check-content>Verify the policy value for User Configuration -&gt; Administrative Templates -&gt; Microsoft Access 2013-&gt; Application Settings -&gt; Web Options... -&gt; General "Underline Hyperlinks" is set to "Enabled".

Procedure: Use the Windows Registry Editor to navigate to the following key: 

HKCU\Software\Policies\Microsoft\Office\15.0\access\internet

Criteria: If the value DoNotUnderlineHyperlinks is REG_DWORD = 0, this is not a finding.</check-content></check></Rule></Group><Group id="V-26584"><title>DTOO126 - Add-on Management</title><description>&lt;GroupDescription&gt;&lt;/GroupDescription&gt;</description><Rule id="SV-52765r1_rule" severity="medium" weight="10.0"><version>DTOO126</version><title>Add-on Management functionality must be allowed.
</title><description>&lt;VulnDiscussion&gt;Internet Explorer add-ons are pieces of code, run in Internet Explorer, to provide additional functionality. Rogue add-ons may contain viruses or other malicious code. Disabling or not configuring this setting could allow malicious code or users to become active on user computers or the network. For example, a malicious user can monitor and then use keystrokes users type into Internet Explorer. Even legitimate add-ons may demand resources, compromising the performance of Internet Explorer, and the operating systems for user computers.&lt;/VulnDiscussion&gt;&lt;FalsePositives&gt;&lt;/FalsePositives&gt;&lt;FalseNegatives&gt;&lt;/FalseNegatives&gt;&lt;Documentable&gt;false&lt;/Documentable&gt;&lt;Mitigations&gt;&lt;/Mitigations&gt;&lt;SeverityOverrideGuidance&gt;&lt;/SeverityOverrideGuidance&gt;&lt;PotentialImpacts&gt;&lt;/PotentialImpacts&gt;&lt;ThirdPartyTools&gt;&lt;/ThirdPartyTools&gt;&lt;MitigationControl&gt;&lt;/MitigationControl&gt;&lt;Responsibility&gt;System Administrator&lt;/Responsibility&gt;&lt;Responsibility&gt;Information Assurance Officer&lt;/Responsibility&gt;&lt;IAControls&gt;&lt;/IAControls&gt;</description><reference><dc:title>DPMS Target Microsoft Access 2013</dc:title><dc:publisher>DISA</dc:publisher><dc:type>DPMS Target</dc:type><dc:subject>Microsoft Access 2013</dc:subject><dc:identifier>2477</dc:identifier></reference><ident system="http://iase.disa.mil/cci">CCI-001662</ident><fixtext fixref="F-45691r1_fix">Set the policy value for Computer Configuration -&gt; Administrative Templates -&gt; Microsoft Office 2013 (Machine) -&gt; Security Settings -&gt; IE Security "Add-on Management" to "Enabled" and 'msaccess.exe' is checked.</fixtext><fix id="F-45691r1_fix" /><check system="C-47094r1_chk"><check-content-ref name="M" href="DPMS_XCCDF_Benchmark_Microsoft Access 2013.xml" /><check-content>Verify the policy value for Computer Configuration -&gt; Administrative Templates -&gt; Microsoft Office 2013 (Machine) -&gt; Security Settings -&gt; IE Security "Add-on Management" is set to "Enabled" and 'msaccess.exe' is checked.

Procedure: Use the Windows Registry Editor to navigate to the following key: 

HKLM\Software\Microsoft\Internet Explorer\Main\FeatureControl\FEATURE_ADDON_MANAGEMENT

Criteria: If the value msaccess.exe is REG_DWORD = 1, this is not a finding.</check-content></check></Rule></Group><Group id="V-26585"><title>DTOO209 - Zone Elevation Protection</title><description>&lt;GroupDescription&gt;&lt;/GroupDescription&gt;</description><Rule id="SV-52774r1_rule" severity="medium" weight="10.0"><version>DTOO209</version><title>Protection from zone elevation must be enforced.</title><description>&lt;VulnDiscussion&gt;Internet Explorer places restrictions on each web page users can use the browser to open. Web pages on a user's local computer have the fewest security restrictions and reside in the Local Machine zone, making this security zone a prime target for malicious users and code. Disabling or not configuring this setting could allow pages in the Internet zone to navigate to pages in the Local Machine zone to then run code to elevate privileges. This could allow malicious code or users to become active on user computers or the network.&lt;/VulnDiscussion&gt;&lt;FalsePositives&gt;&lt;/FalsePositives&gt;&lt;FalseNegatives&gt;&lt;/FalseNegatives&gt;&lt;Documentable&gt;false&lt;/Documentable&gt;&lt;Mitigations&gt;&lt;/Mitigations&gt;&lt;SeverityOverrideGuidance&gt;&lt;/SeverityOverrideGuidance&gt;&lt;PotentialImpacts&gt;&lt;/PotentialImpacts&gt;&lt;ThirdPartyTools&gt;&lt;/ThirdPartyTools&gt;&lt;MitigationControl&gt;&lt;/MitigationControl&gt;&lt;Responsibility&gt;System Administrator&lt;/Responsibility&gt;&lt;Responsibility&gt;Information Assurance Officer&lt;/Responsibility&gt;&lt;IAControls&gt;&lt;/IAControls&gt;</description><reference><dc:title>DPMS Target Microsoft Access 2013</dc:title><dc:publisher>DISA</dc:publisher><dc:type>DPMS Target</dc:type><dc:subject>Microsoft Access 2013</dc:subject><dc:identifier>2477</dc:identifier></reference><ident system="http://iase.disa.mil/cci">CCI-001695</ident><fixtext fixref="F-45700r1_fix">Set the policy value for Computer Configuration -&gt; Administrative Templates -&gt; Microsoft Office 2013 (Machine) -&gt; Security Settings -&gt; IE Security "Protection From Zone Elevation" to "Enabled" and 'msaccess.exe' is checked.</fixtext><fix id="F-45700r1_fix" /><check system="C-47103r1_chk"><check-content-ref name="M" href="DPMS_XCCDF_Benchmark_Microsoft Access 2013.xml" /><check-content>Verify the policy value for Computer Configuration -&gt; Administrative Templates -&gt; Microsoft Office 2013 (Machine) -&gt; Security Settings -&gt; IE Security "Protection From Zone Elevation" is set to "Enabled" and 'msaccess.exe' is checked.

Procedure: Use the Windows Registry Editor to navigate to the following key: 

HKLM\Software\Microsoft\Internet Explorer\Main\FeatureControl\FEATURE_ZONE_ELEVATION

Criteria: If the value msaccess.exe is REG_DWORD = 1, this is not a finding.</check-content></check></Rule></Group><Group id="V-26586"><title>DTOO211 - Restrict ActiveX Install</title><description>&lt;GroupDescription&gt;&lt;/GroupDescription&gt;</description><Rule id="SV-52775r1_rule" severity="medium" weight="10.0"><version>DTOO211</version><title>ActiveX Installs must be configured for proper restriction.</title><description>&lt;VulnDiscussion&gt;Microsoft ActiveX controls allow unmanaged, unprotected code to run on the user computers. ActiveX controls do not run within a protected container in the browser like the other types of HTML or Microsoft Silverlight-based controls. Disabling or not configuring this setting does not block prompts for ActiveX control installations, and these prompts display to users. This could allow malicious code to become active on user computers or the network.&lt;/VulnDiscussion&gt;&lt;FalsePositives&gt;&lt;/FalsePositives&gt;&lt;FalseNegatives&gt;&lt;/FalseNegatives&gt;&lt;Documentable&gt;false&lt;/Documentable&gt;&lt;Mitigations&gt;&lt;/Mitigations&gt;&lt;SeverityOverrideGuidance&gt;&lt;/SeverityOverrideGuidance&gt;&lt;PotentialImpacts&gt;&lt;/PotentialImpacts&gt;&lt;ThirdPartyTools&gt;&lt;/ThirdPartyTools&gt;&lt;MitigationControl&gt;&lt;/MitigationControl&gt;&lt;Responsibility&gt;System Administrator&lt;/Responsibility&gt;&lt;Responsibility&gt;Information Assurance Officer&lt;/Responsibility&gt;&lt;IAControls&gt;&lt;/IAControls&gt;</description><reference><dc:title>DPMS Target Microsoft Access 2013</dc:title><dc:publisher>DISA</dc:publisher><dc:type>DPMS Target</dc:type><dc:subject>Microsoft Access 2013</dc:subject><dc:identifier>2477</dc:identifier></reference><ident system="http://iase.disa.mil/cci">CCI-002460</ident><fixtext fixref="F-45701r1_fix">Set the policy value for Computer Configuration -&gt; Administrative Templates -&gt; Microsoft Office 2013 (Machine) -&gt; Security Settings -&gt; IE Security "Restrict ActiveX Install" to "Enabled" and 'msaccess.exe' is checked.</fixtext><fix id="F-45701r1_fix" /><check system="C-47104r1_chk"><check-content-ref name="M" href="DPMS_XCCDF_Benchmark_Microsoft Access 2013.xml" /><check-content>Verify the policy value for Computer Configuration -&gt; Administrative Templates -&gt; Microsoft Office 2013 (Machine) -&gt; Security Settings -&gt; IE Security "Restrict ActiveX Install" is set to "Enabled" and 'msaccess.exe' is checked.

Procedure: Use the Windows Registry Editor to navigate to the following key: 

HKLM\Software\Microsoft\Internet Explorer\Main\FeatureControl\FEATURE_RESTRICT_ACTIVEXINSTALL

Criteria: If the value msaccess.exe is REG_DWORD = 1, this is not a finding.</check-content></check></Rule></Group><Group id="V-26587"><title>DTOO132 - Restrict File Download</title><description>&lt;GroupDescription&gt;&lt;/GroupDescription&gt;</description><Rule id="SV-52770r1_rule" severity="medium" weight="10.0"><version>DTOO132</version><title>File Downloads must be configured for proper restrictions.</title><description>&lt;VulnDiscussion&gt;Disabling this setting allows websites to present file download prompts via code without the user specifically initiating the download. User preferences may also allow the download to occur without prompting or interaction with the user. Even if Internet Explorer prompts the user to accept the download, some websites abuse this functionality. Malicious websites may continually prompt users to download a file or present confusing dialog boxes to trick users into downloading or running a file. If the download occurs and it contains malicious code, the code could become active on user computers or the network.&lt;/VulnDiscussion&gt;&lt;FalsePositives&gt;&lt;/FalsePositives&gt;&lt;FalseNegatives&gt;&lt;/FalseNegatives&gt;&lt;Documentable&gt;false&lt;/Documentable&gt;&lt;Mitigations&gt;&lt;/Mitigations&gt;&lt;SeverityOverrideGuidance&gt;&lt;/SeverityOverrideGuidance&gt;&lt;PotentialImpacts&gt;&lt;/PotentialImpacts&gt;&lt;ThirdPartyTools&gt;&lt;/ThirdPartyTools&gt;&lt;MitigationControl&gt;&lt;/MitigationControl&gt;&lt;Responsibility&gt;System Administrator&lt;/Responsibility&gt;&lt;Responsibility&gt;Information Assurance Officer&lt;/Responsibility&gt;&lt;IAControls&gt;&lt;/IAControls&gt;</description><reference><dc:title>DPMS Target Microsoft Access 2013</dc:title><dc:publisher>DISA</dc:publisher><dc:type>DPMS Target</dc:type><dc:subject>Microsoft Access 2013</dc:subject><dc:identifier>2477</dc:identifier></reference><ident system="http://iase.disa.mil/cci">CCI-001169</ident><fixtext fixref="F-45696r1_fix">Set the policy value for Computer Configuration -&gt; Administrative Templates -&gt; Microsoft Office 2013 (Machine) -&gt; Security Settings -&gt; IE Security "Restrict File Download" to "Enabled" and 'msaccess.exe' is checked.</fixtext><fix id="F-45696r1_fix" /><check system="C-47099r1_chk"><check-content-ref name="M" href="DPMS_XCCDF_Benchmark_Microsoft Access 2013.xml" /><check-content>Verify the policy value for Computer Configuration -&gt; Administrative Templates -&gt; Microsoft Office 2013 (Machine) -&gt; Security Settings -&gt; IE Security "Restrict File Download" is set to "Enabled" and 'msaccess.exe' is checked.

Procedure: Use the Windows Registry Editor to navigate to the following key: 

HKLM\Software\Microsoft\Internet Explorer\Main\FeatureControl\FEATURE_RESTRICT_FILEDOWNLOAD

Criteria: If the value of msaccess.exe is REG_DWORD = 1, this is not a finding.</check-content></check></Rule></Group><Group id="V-26588"><title>DTOO124 - Scripted Window Security</title><description>&lt;GroupDescription&gt;&lt;/GroupDescription&gt;</description><Rule id="SV-52764r1_rule" severity="medium" weight="10.0"><version>DTOO124</version><title>Scripted Window Security must be enforced.
</title><description>&lt;VulnDiscussion&gt;Malicious websites often try to confuse or trick users into giving a site permission to perform an action allowing the site to take control of the users' computers in some manner. Disabling or not configuring this setting allows unknown websites to:
-Create browser windows appearing to be from the local operating system.
-Draw active windows displaying outside of the viewable areas of the screen capturing keyboard input.
-Overlay parent windows with their own browser windows to hide important system information, choices or prompts.&lt;/VulnDiscussion&gt;&lt;FalsePositives&gt;&lt;/FalsePositives&gt;&lt;FalseNegatives&gt;&lt;/FalseNegatives&gt;&lt;Documentable&gt;false&lt;/Documentable&gt;&lt;Mitigations&gt;&lt;/Mitigations&gt;&lt;SeverityOverrideGuidance&gt;&lt;/SeverityOverrideGuidance&gt;&lt;PotentialImpacts&gt;&lt;/PotentialImpacts&gt;&lt;ThirdPartyTools&gt;&lt;/ThirdPartyTools&gt;&lt;MitigationControl&gt;&lt;/MitigationControl&gt;&lt;Responsibility&gt;System Administrator&lt;/Responsibility&gt;&lt;Responsibility&gt;Information Assurance Officer&lt;/Responsibility&gt;&lt;IAControls&gt;&lt;/IAControls&gt;</description><reference><dc:title>DPMS Target Microsoft Access 2013</dc:title><dc:publisher>DISA</dc:publisher><dc:type>DPMS Target</dc:type><dc:subject>Microsoft Access 2013</dc:subject><dc:identifier>2477</dc:identifier></reference><ident system="http://iase.disa.mil/cci">CCI-001695</ident><fixtext fixref="F-45690r1_fix">Set the policy value for Computer Configuration -&gt; Administrative Templates -&gt; Microsoft Office 2013 (Machine) -&gt; Security Settings -&gt; IE Security "Scripted Window Security Restrictions" to "Enabled" and 'msaccess.exe' is checked.</fixtext><fix id="F-45690r1_fix" /><check system="C-47093r1_chk"><check-content-ref name="M" href="DPMS_XCCDF_Benchmark_Microsoft Access 2013.xml" /><check-content>Verify the policy value for Computer Configuration -&gt; Administrative Templates -&gt; Microsoft Office 2013 (Machine) -&gt; Security Settings -&gt; IE Security "Scripted Window Security Restrictions" is set to "Enabled" and 'msaccess.exe' is checked.

Procedure: Use the Windows Registry Editor to navigate to the following key: 

HKLM\Software\Microsoft\Internet Explorer\Main\FeatureControl\FEATURE_WINDOW_RESTRICTIONS

Criteria: If the value msaccess.exe is REG_DWORD = 1, this is not a finding.</check-content></check></Rule></Group><Group id="V-26589"><title>DTOO127 - Add-ins are signed by Trusted Publisher</title><description>&lt;GroupDescription&gt;&lt;/GroupDescription&gt;</description><Rule id="SV-52766r1_rule" severity="medium" weight="10.0"><version>DTOO127</version><title>Add-ins to Office applications must be signed by a Trusted Publisher.</title><description>&lt;VulnDiscussion&gt;Office 2013 applications do not check the digital signature on application add-ins before opening them. Disabling or not configuring this setting may allow an application to load a dangerous add-in. As a result, malicious code could become active on user computers or the network.&lt;/VulnDiscussion&gt;&lt;FalsePositives&gt;&lt;/FalsePositives&gt;&lt;FalseNegatives&gt;&lt;/FalseNegatives&gt;&lt;Documentable&gt;false&lt;/Documentable&gt;&lt;Mitigations&gt;&lt;/Mitigations&gt;&lt;SeverityOverrideGuidance&gt;&lt;/SeverityOverrideGuidance&gt;&lt;PotentialImpacts&gt;&lt;/PotentialImpacts&gt;&lt;ThirdPartyTools&gt;&lt;/ThirdPartyTools&gt;&lt;MitigationControl&gt;&lt;/MitigationControl&gt;&lt;Responsibility&gt;System Administrator&lt;/Responsibility&gt;&lt;Responsibility&gt;Information Assurance Officer&lt;/Responsibility&gt;&lt;IAControls&gt;&lt;/IAControls&gt;</description><reference><dc:title>DPMS Target Microsoft Access 2013</dc:title><dc:publisher>DISA</dc:publisher><dc:type>DPMS Target</dc:type><dc:subject>Microsoft Access 2013</dc:subject><dc:identifier>2477</dc:identifier></reference><ident system="http://iase.disa.mil/cci">CCI-001749</ident><fixtext fixref="F-45692r1_fix">Set the policy value for User Configuration -&gt; Administrative Templates -&gt; Microsoft Access 2013 -&gt; Application Settings -&gt; Security -&gt; Trust Center "Require that application add-ins are signed by Trusted Publisher" to "Enabled".</fixtext><fix id="F-45692r1_fix" /><check system="C-47095r1_chk"><check-content-ref name="M" href="DPMS_XCCDF_Benchmark_Microsoft Access 2013.xml" /><check-content>Verify the policy value for User Configuration -&gt; Administrative Templates -&gt; Microsoft Access 2013 -&gt; Application Settings -&gt; Security -&gt; Trust Center "Require that application add-ins are signed by Trusted Publisher" is set to "Enabled".

Procedure: Use the Windows Registry Editor to navigate to the following key: 

HKCU\Software\Policies\Microsoft\Office\15.0\access\security

Criteria: If the value RequireAddinSig is REG_DWORD = 1, this is not a finding.</check-content></check></Rule></Group></Benchmark>