<Backups xmlns="http://www.microsoft.com/GroupPolicy/GPOOperations/Manifest" xmlns:mfst="http://www.microsoft.com/GroupPolicy/GPOOperations/Manifest" mfst:version="1.0"><BackupInst><GPOGuid><![CDATA[{49FA05E8-4E8C-416B-AF59-62B3C7811E58}]]></GPOGuid><GPODomain><![CDATA[security.local]]></GPODomain><GPODomainGuid><![CDATA[{2b127034-e676-4f54-b03a-e700e3004cb0}]]></GPODomainGuid><GPODomainController><![CDATA[GPOSrv2016.security.local]]></GPODomainController><BackupTime><![CDATA[2023-09-11T15:16:47]]></BackupTime><ID><![CDATA[{82432779-89EA-4CFC-8759-7B6759037DE1}]]></ID><Comment><![CDATA[]]></Comment><GPODisplayName><![CDATA[DoD Windows 11 User STIG v1r5]]></GPODisplayName></BackupInst><BackupInst><GPOGuid><![CDATA[{7E54D51B-5171-403F-8414-B3C137580083}]]></GPOGuid><GPODomain><![CDATA[security.local]]></GPODomain><GPODomainGuid><![CDATA[{2b127034-e676-4f54-b03a-e700e3004cb0}]]></GPODomainGuid><GPODomainController><![CDATA[GPOSrv2016.security.local]]></GPODomainController><BackupTime><![CDATA[2023-09-11T15:16:01]]></BackupTime><ID><![CDATA[{8E534F4D-DD7E-4B14-B09A-B944F6341F6E}]]></ID><Comment><![CDATA[]]></Comment><GPODisplayName><![CDATA[DoD Windows 11 Computer STIG v1r5]]></GPODisplayName></BackupInst></Backups>