<?xml version="1.0" encoding="utf-8"?><?xml-stylesheet type='text/xsl' href='STIG_unclass.xsl'?><Benchmark xmlns:dsig="http://www.w3.org/2000/09/xmldsig#" xmlns:xsi="http://www.w3.org/2001/XMLSchema-instance" xmlns:cpe="http://cpe.mitre.org/language/2.0" xmlns:xhtml="http://www.w3.org/1999/xhtml" xmlns:dc="http://purl.org/dc/elements/1.1/" id="Citrix_XenDesktop_7-x_Receiver_STIG" xml:lang="en" xsi:schemaLocation="http://checklists.nist.gov/xccdf/1.1 http://nvd.nist.gov/schema/xccdf-1.1.4.xsd http://cpe.mitre.org/dictionary/2.0 http://cpe.mitre.org/files/cpe-dictionary_2.1.xsd" xmlns="http://checklists.nist.gov/xccdf/1.1"><status date="2018-08-28">accepted</status><title>Citrix XenDesktop 7.x Receiver Security Technical Implementation Guide</title><description>This Security Technical Implementation Guide is published as a tool to improve the security of Department of Defense (DoD) information systems. The requirements are derived from the National Institute of Standards and Technology (NIST) 800-53 and related documents. Comments or proposed revisions to this document should be sent via email to the following address: disa.stig_spt@mail.mil.</description><notice id="terms-of-use" xml:lang="en"></notice><reference href="http://iase.disa.mil"><dc:publisher>DISA</dc:publisher><dc:source>STIG.DOD.MIL</dc:source></reference><plain-text id="release-info">Release: 1 Benchmark Date: 23 Aug 2018</plain-text><version>1</version><Profile id="MAC-1_Classified"><title>I - Mission Critical Classified</title><description>&lt;ProfileDescription&gt;&lt;/ProfileDescription&gt;</description><select idref="V-81427" selected="true" /><select idref="V-81429" selected="true" /></Profile><Profile id="MAC-1_Public"><title>I - Mission Critical Public</title><description>&lt;ProfileDescription&gt;&lt;/ProfileDescription&gt;</description><select idref="V-81427" selected="true" /><select idref="V-81429" selected="true" /></Profile><Profile id="MAC-1_Sensitive"><title>I - Mission Critical Sensitive</title><description>&lt;ProfileDescription&gt;&lt;/ProfileDescription&gt;</description><select idref="V-81427" selected="true" /><select idref="V-81429" selected="true" /></Profile><Profile id="MAC-2_Classified"><title>II - Mission Support Classified</title><description>&lt;ProfileDescription&gt;&lt;/ProfileDescription&gt;</description><select idref="V-81427" selected="true" /><select idref="V-81429" selected="true" /></Profile><Profile id="MAC-2_Public"><title>II - Mission Support Public</title><description>&lt;ProfileDescription&gt;&lt;/ProfileDescription&gt;</description><select idref="V-81427" selected="true" /><select idref="V-81429" selected="true" /></Profile><Profile id="MAC-2_Sensitive"><title>II - Mission Support Sensitive</title><description>&lt;ProfileDescription&gt;&lt;/ProfileDescription&gt;</description><select idref="V-81427" selected="true" /><select idref="V-81429" selected="true" /></Profile><Profile id="MAC-3_Classified"><title>III - Administrative Classified</title><description>&lt;ProfileDescription&gt;&lt;/ProfileDescription&gt;</description><select idref="V-81427" selected="true" /><select idref="V-81429" selected="true" /></Profile><Profile id="MAC-3_Public"><title>III - Administrative Public</title><description>&lt;ProfileDescription&gt;&lt;/ProfileDescription&gt;</description><select idref="V-81427" selected="true" /><select idref="V-81429" selected="true" /></Profile><Profile id="MAC-3_Sensitive"><title>III - Administrative Sensitive</title><description>&lt;ProfileDescription&gt;&lt;/ProfileDescription&gt;</description><select idref="V-81427" selected="true" /><select idref="V-81429" selected="true" /></Profile><Group id="V-81427"><title>SRG-APP-000014</title><description>&lt;GroupDescription&gt;&lt;/GroupDescription&gt;</description><Rule id="SV-96141r1_rule" severity="high" weight="10.0"><version>CXEN-RE-000030</version><title>Citrix Receiver must implement DoD-approved encryption.</title><description>&lt;VulnDiscussion&gt;Without confidentiality protection mechanisms, unauthorized individuals may gain access to sensitive information via a remote access session. 

Remote access is access to DoD nonpublic information systems by an authorized user (or an information system) communicating through an external, non-organization-controlled network. Remote access methods include, for example, dial-up, broadband, and wireless. 

Encryption provides a means to secure the remote connection to prevent unauthorized access to the data traversing the remote access connection thereby providing a degree of confidentiality. The encryption strength of mechanism is selected based on the security categorization of the information.

Satisfies: SRG-APP-000014, SRG-APP-000015, SRG-APP-000142, SRG-APP-000219, SRG-APP-000416, SRG-APP-000427, SRG-APP-000439, SRG-APP-000440, SRG-APP-000441, SRG-APP-000442, SRG-APP-000514&lt;/VulnDiscussion&gt;&lt;FalsePositives&gt;&lt;/FalsePositives&gt;&lt;FalseNegatives&gt;&lt;/FalseNegatives&gt;&lt;Documentable&gt;false&lt;/Documentable&gt;&lt;Mitigations&gt;&lt;/Mitigations&gt;&lt;SeverityOverrideGuidance&gt;&lt;/SeverityOverrideGuidance&gt;&lt;PotentialImpacts&gt;&lt;/PotentialImpacts&gt;&lt;ThirdPartyTools&gt;&lt;/ThirdPartyTools&gt;&lt;MitigationControl&gt;&lt;/MitigationControl&gt;&lt;Responsibility&gt;&lt;/Responsibility&gt;&lt;IAControls&gt;&lt;/IAControls&gt;</description><reference><dc:title>DPMS Target XenDesktop 7.x Receiver</dc:title><dc:publisher>DISA</dc:publisher><dc:type>DPMS Target</dc:type><dc:subject>XenDesktop 7.x Receiver</dc:subject><dc:identifier>3289</dc:identifier></reference><ident system="http://iase.disa.mil/cci">CCI-000068</ident><ident system="http://iase.disa.mil/cci">CCI-000382</ident><ident system="http://iase.disa.mil/cci">CCI-001184</ident><ident system="http://iase.disa.mil/cci">CCI-001453</ident><ident system="http://iase.disa.mil/cci">CCI-002418</ident><ident system="http://iase.disa.mil/cci">CCI-002420</ident><ident system="http://iase.disa.mil/cci">CCI-002421</ident><ident system="http://iase.disa.mil/cci">CCI-002422</ident><ident system="http://iase.disa.mil/cci">CCI-002450</ident><ident system="http://iase.disa.mil/cci">CCI-002470</ident><fixtext fixref="F-88243r1_fix">As an administrator, open the Citrix Receiver Group Policy Object administrative template by running gpedit.msc.

Apply the policy on a domain OU containing User Devices running Windows Receiver. 
1. Launch the Citrix Receiver Group Policy Object administrative template using the Group Policy Management Console.
2. Under the Computer Configuration node, go to Administrative Templates &gt;&gt; Citrix Receiver &gt;&gt; Network routing and select the TLS and Compliance Mode Configuration policy.
3. Select "Enabled" to enable secure connections and to encrypt communication on the server. Set the following options:
- Select "Require TLS" for all connections to force Citrix Receiver for Windows to use TLS for all connections to published applications and desktops.
- From the Security Compliance Mode drop-down, select the option:
SP800-52 – Select SP800-52 for compliance with NIST SP 800-52.
- Select Full access check and CRL required.
4. Enable FIPS - Select this option to enforce the use of FIPS-approved cryptography. You must also enable the Windows security option from the operating system group policy, System Cryptography: Use FIPS-compliant algorithms for encryption, hashing, and signing. Otherwise, Citrix Receiver for Windows might fail to connect to published applications and desktops.
5. From the Allow TLS Servers drop-down, select the port number. Ensure that Citrix Receiver connects only to a specified server by using a comma-separated list. Wildcards and port numbers can be specified. For example, *.citrix.com:4433 allows connections to any server whose common name ends with .citrix.com on port 4433. The issuer of the certificate asserts the accuracy of the information in a security certificate. If Citrix Receiver does not recognize and trust the issuer, the connection is rejected.
6. From the TLS version drop-down, select "TLS 1.2".
7. TLS cipher suite - Select "Government (GOV)"
8. From the Certificate Revocation Check Policy drop-down, select the policy required by the Organizational Security Policy.</fixtext><fix id="F-88243r1_fix" /><check system="C-81167r1_chk"><check-content-ref name="M" href="DPMS_XCCDF_Benchmark_Citrix_XenDesktop_7-x_Receiver_STIG.xml" /><check-content>Verify encryption has been enabled on devices running Citrix Receiver:

Open the Citrix Receiver Group Policy Object administrative template by running gpedit.msc.

1. Launch the Citrix Receiver Group Policy Object administrative template using the Group Policy Management Console.
2. Under the Computer Configuration node, go to Administrative Templates &gt;&gt; Citrix Receiver &gt;&gt; Network routing and select the TLS and Compliance Mode Configuration policy.
3. Verify the policy is enabled.

If the policy is not enabled, this is a finding.

4. Verify the following policy options are selected:
- Verify "Require TLS for all connections" is selected. 
- From the Security Compliance Mode drop-down, verify "SP800-52" is selected. 
- Verify "Full access check and CRL required" is selected.
- Verify "Enable FIPS: is selected.
- From the Allow TLS Servers drop-down, verify the desired port number is entered.
- Verify "TLS 1.2" is selected.
- From the TLS cipher suite drop-down, verify "Select Government (GOV)" is selected.
- From the Certificate Revocation Check Policy drop-down, select the policy required by your Organizational Security Policy.

If any of the policy options noted above are not selected, this is a finding.</check-content></check></Rule></Group><Group id="V-81429"><title>SRG-APP-000391</title><description>&lt;GroupDescription&gt;&lt;/GroupDescription&gt;</description><Rule id="SV-96143r1_rule" severity="medium" weight="10.0"><version>CXEN-RE-000855</version><title>Citrix Receiver must accept Personal Identity Verification (PIV) credentials.</title><description>&lt;VulnDiscussion&gt;The use of PIV credentials facilitates standardization and reduces the risk of unauthorized access.

DoD has mandated the use of the CAC to support identity management and personal authentication for systems covered under HSPD 12, as well as a primary component of layered protection for national security systems.

Satisfies: SRG-APP-000391, SRG-APP-000392&lt;/VulnDiscussion&gt;&lt;FalsePositives&gt;&lt;/FalsePositives&gt;&lt;FalseNegatives&gt;&lt;/FalseNegatives&gt;&lt;Documentable&gt;false&lt;/Documentable&gt;&lt;Mitigations&gt;&lt;/Mitigations&gt;&lt;SeverityOverrideGuidance&gt;&lt;/SeverityOverrideGuidance&gt;&lt;PotentialImpacts&gt;&lt;/PotentialImpacts&gt;&lt;ThirdPartyTools&gt;&lt;/ThirdPartyTools&gt;&lt;MitigationControl&gt;&lt;/MitigationControl&gt;&lt;Responsibility&gt;&lt;/Responsibility&gt;&lt;IAControls&gt;&lt;/IAControls&gt;</description><reference><dc:title>DPMS Target XenDesktop 7.x Receiver</dc:title><dc:publisher>DISA</dc:publisher><dc:type>DPMS Target</dc:type><dc:subject>XenDesktop 7.x Receiver</dc:subject><dc:identifier>3289</dc:identifier></reference><ident system="http://iase.disa.mil/cci">CCI-001953</ident><ident system="http://iase.disa.mil/cci">CCI-001954</ident><fixtext fixref="F-88247r1_fix">Set the policy value for Administrative Templates &gt;&gt; Classic Administrative Templates (ADM) &gt;&gt; Citrix Components &gt;&gt; Citrix Receiver &gt;&gt; User authentication &gt;&gt; Local user name and password to "Enabled" and select the option "Enable pass-through authentication".</fixtext><fix id="F-88247r1_fix" /><check system="C-81169r1_chk"><check-content-ref name="M" href="DPMS_XCCDF_Benchmark_Citrix_XenDesktop_7-x_Receiver_STIG.xml" /><check-content>Verify the policy value for Administrative Templates &gt;&gt; Classic Administrative Templates (ADM) &gt;&gt; Citrix Components &gt;&gt; Citrix Receiver &gt;&gt; User authentication &gt;&gt; "Local user name and password" is set to "Enabled" with the option "Enable pass-through authentication" checked. 

If the "Local user name and password" policy is not "Enabled" or does not have the "Enable pass-through authentication" option checked, this is a finding.</check-content></check></Rule></Group></Benchmark>