<?xml version="1.0" encoding="utf-8"?><?xml-stylesheet type='text/xsl' href='STIG_unclass.xsl'?><Benchmark xmlns:dc="http://purl.org/dc/elements/1.1/" xmlns:xsi="http://www.w3.org/2001/XMLSchema-instance" xmlns:cpe="http://cpe.mitre.org/language/2.0" xmlns:xhtml="http://www.w3.org/1999/xhtml" xmlns:dsig="http://www.w3.org/2000/09/xmldsig#" xsi:schemaLocation="http://checklists.nist.gov/xccdf/1.1 http://nvd.nist.gov/schema/xccdf-1.1.4.xsd http://cpe.mitre.org/dictionary/2.0 http://cpe.mitre.org/files/cpe-dictionary_2.1.xsd" id="MS_SCOM_STIG" xml:lang="en" xmlns="http://checklists.nist.gov/xccdf/1.1"><status date="2021-03-15">accepted</status><title>Microsoft SCOM Security Technical Implementation Guide</title><description>This Security Technical Implementation Guide is published as a tool to improve the security of Department of Defense (DoD) information systems. The requirements are derived from the National Institute of Standards and Technology (NIST) 800-53 and related documents. Comments or proposed revisions to this document should be sent via email to the following address: disa.stig_spt@mail.mil.</description><notice id="terms-of-use" xml:lang="en"></notice><front-matter xml:lang="en"></front-matter><rear-matter xml:lang="en"></rear-matter><reference href="https://cyber.mil"><dc:publisher>DISA</dc:publisher><dc:source>STIG.DOD.MIL</dc:source></reference><plain-text id="release-info">Release: 1 Benchmark Date: 09 Mar 2021</plain-text><plain-text id="generator">3.2.2.36079</plain-text><plain-text id="conventionsVersion">1.10.0</plain-text><version>1</version><Profile id="MAC-1_Classified"><title>I - Mission Critical Classified</title><description>&lt;ProfileDescription&gt;&lt;/ProfileDescription&gt;</description><select idref="V-237423" selected="true" /><select idref="V-237424" selected="true" /><select idref="V-237425" selected="true" /><select idref="V-237426" selected="true" /><select idref="V-237427" selected="true" /><select idref="V-237428" selected="true" /><select idref="V-237429" selected="true" /><select idref="V-237430" selected="true" /><select idref="V-237431" selected="true" /><select idref="V-237432" selected="true" /><select idref="V-237433" selected="true" /><select idref="V-237434" selected="true" /><select idref="V-237435" selected="true" /><select idref="V-237436" selected="true" /><select idref="V-237437" selected="true" /><select idref="V-237438" selected="true" /><select idref="V-237439" selected="true" /><select idref="V-237440" selected="true" /></Profile><Profile id="MAC-1_Public"><title>I - Mission Critical Public</title><description>&lt;ProfileDescription&gt;&lt;/ProfileDescription&gt;</description><select idref="V-237423" selected="true" /><select idref="V-237424" selected="true" /><select idref="V-237425" selected="true" /><select idref="V-237426" selected="true" /><select idref="V-237427" selected="true" /><select idref="V-237428" selected="true" /><select idref="V-237429" selected="true" /><select idref="V-237430" selected="true" /><select idref="V-237431" selected="true" /><select idref="V-237432" selected="true" /><select idref="V-237433" selected="true" /><select idref="V-237434" selected="true" /><select idref="V-237435" selected="true" /><select idref="V-237436" selected="true" /><select idref="V-237437" selected="true" /><select idref="V-237438" selected="true" /><select idref="V-237439" selected="true" /><select idref="V-237440" selected="true" /></Profile><Profile id="MAC-1_Sensitive"><title>I - Mission Critical Sensitive</title><description>&lt;ProfileDescription&gt;&lt;/ProfileDescription&gt;</description><select idref="V-237423" selected="true" /><select idref="V-237424" selected="true" /><select idref="V-237425" selected="true" /><select idref="V-237426" selected="true" /><select idref="V-237427" selected="true" /><select idref="V-237428" selected="true" /><select idref="V-237429" selected="true" /><select idref="V-237430" selected="true" /><select idref="V-237431" selected="true" /><select idref="V-237432" selected="true" /><select idref="V-237433" selected="true" /><select idref="V-237434" selected="true" /><select idref="V-237435" selected="true" /><select idref="V-237436" selected="true" /><select idref="V-237437" selected="true" /><select idref="V-237438" selected="true" /><select idref="V-237439" selected="true" /><select idref="V-237440" selected="true" /></Profile><Profile id="MAC-2_Classified"><title>II - Mission Support Classified</title><description>&lt;ProfileDescription&gt;&lt;/ProfileDescription&gt;</description><select idref="V-237423" selected="true" /><select idref="V-237424" selected="true" /><select idref="V-237425" selected="true" /><select idref="V-237426" selected="true" /><select idref="V-237427" selected="true" /><select idref="V-237428" selected="true" /><select idref="V-237429" selected="true" /><select idref="V-237430" selected="true" /><select idref="V-237431" selected="true" /><select idref="V-237432" selected="true" /><select idref="V-237433" selected="true" /><select idref="V-237434" selected="true" /><select idref="V-237435" selected="true" /><select idref="V-237436" selected="true" /><select idref="V-237437" selected="true" /><select idref="V-237438" selected="true" /><select idref="V-237439" selected="true" /><select idref="V-237440" selected="true" /></Profile><Profile id="MAC-2_Public"><title>II - Mission Support Public</title><description>&lt;ProfileDescription&gt;&lt;/ProfileDescription&gt;</description><select idref="V-237423" selected="true" /><select idref="V-237424" selected="true" /><select idref="V-237425" selected="true" /><select idref="V-237426" selected="true" /><select idref="V-237427" selected="true" /><select idref="V-237428" selected="true" /><select idref="V-237429" selected="true" /><select idref="V-237430" selected="true" /><select idref="V-237431" selected="true" /><select idref="V-237432" selected="true" /><select idref="V-237433" selected="true" /><select idref="V-237434" selected="true" /><select idref="V-237435" selected="true" /><select idref="V-237436" selected="true" /><select idref="V-237437" selected="true" /><select idref="V-237438" selected="true" /><select idref="V-237439" selected="true" /><select idref="V-237440" selected="true" /></Profile><Profile id="MAC-2_Sensitive"><title>II - Mission Support Sensitive</title><description>&lt;ProfileDescription&gt;&lt;/ProfileDescription&gt;</description><select idref="V-237423" selected="true" /><select idref="V-237424" selected="true" /><select idref="V-237425" selected="true" /><select idref="V-237426" selected="true" /><select idref="V-237427" selected="true" /><select idref="V-237428" selected="true" /><select idref="V-237429" selected="true" /><select idref="V-237430" selected="true" /><select idref="V-237431" selected="true" /><select idref="V-237432" selected="true" /><select idref="V-237433" selected="true" /><select idref="V-237434" selected="true" /><select idref="V-237435" selected="true" /><select idref="V-237436" selected="true" /><select idref="V-237437" selected="true" /><select idref="V-237438" selected="true" /><select idref="V-237439" selected="true" /><select idref="V-237440" selected="true" /></Profile><Profile id="MAC-3_Classified"><title>III - Administrative Classified</title><description>&lt;ProfileDescription&gt;&lt;/ProfileDescription&gt;</description><select idref="V-237423" selected="true" /><select idref="V-237424" selected="true" /><select idref="V-237425" selected="true" /><select idref="V-237426" selected="true" /><select idref="V-237427" selected="true" /><select idref="V-237428" selected="true" /><select idref="V-237429" selected="true" /><select idref="V-237430" selected="true" /><select idref="V-237431" selected="true" /><select idref="V-237432" selected="true" /><select idref="V-237433" selected="true" /><select idref="V-237434" selected="true" /><select idref="V-237435" selected="true" /><select idref="V-237436" selected="true" /><select idref="V-237437" selected="true" /><select idref="V-237438" selected="true" /><select idref="V-237439" selected="true" /><select idref="V-237440" selected="true" /></Profile><Profile id="MAC-3_Public"><title>III - Administrative Public</title><description>&lt;ProfileDescription&gt;&lt;/ProfileDescription&gt;</description><select idref="V-237423" selected="true" /><select idref="V-237424" selected="true" /><select idref="V-237425" selected="true" /><select idref="V-237426" selected="true" /><select idref="V-237427" selected="true" /><select idref="V-237428" selected="true" /><select idref="V-237429" selected="true" /><select idref="V-237430" selected="true" /><select idref="V-237431" selected="true" /><select idref="V-237432" selected="true" /><select idref="V-237433" selected="true" /><select idref="V-237434" selected="true" /><select idref="V-237435" selected="true" /><select idref="V-237436" selected="true" /><select idref="V-237437" selected="true" /><select idref="V-237438" selected="true" /><select idref="V-237439" selected="true" /><select idref="V-237440" selected="true" /></Profile><Profile id="MAC-3_Sensitive"><title>III - Administrative Sensitive</title><description>&lt;ProfileDescription&gt;&lt;/ProfileDescription&gt;</description><select idref="V-237423" selected="true" /><select idref="V-237424" selected="true" /><select idref="V-237425" selected="true" /><select idref="V-237426" selected="true" /><select idref="V-237427" selected="true" /><select idref="V-237428" selected="true" /><select idref="V-237429" selected="true" /><select idref="V-237430" selected="true" /><select idref="V-237431" selected="true" /><select idref="V-237432" selected="true" /><select idref="V-237433" selected="true" /><select idref="V-237434" selected="true" /><select idref="V-237435" selected="true" /><select idref="V-237436" selected="true" /><select idref="V-237437" selected="true" /><select idref="V-237438" selected="true" /><select idref="V-237439" selected="true" /><select idref="V-237440" selected="true" /></Profile><Group id="V-237423"><title>SRG-APP-000317-NDM-000282</title><description>&lt;GroupDescription&gt;&lt;/GroupDescription&gt;</description><Rule id="SV-237423r643915_rule" weight="10.0" severity="medium"><version>SCOM-AC-000001</version><title>Members of the SCOM Administrators Group must be reviewed to ensure access is still required.</title><description>&lt;VulnDiscussion&gt;When people leave their roles, their group memberships are often times not updated.&lt;/VulnDiscussion&gt;&lt;FalsePositives&gt;&lt;/FalsePositives&gt;&lt;FalseNegatives&gt;&lt;/FalseNegatives&gt;&lt;Documentable&gt;false&lt;/Documentable&gt;&lt;Mitigations&gt;&lt;/Mitigations&gt;&lt;SeverityOverrideGuidance&gt;&lt;/SeverityOverrideGuidance&gt;&lt;PotentialImpacts&gt;&lt;/PotentialImpacts&gt;&lt;ThirdPartyTools&gt;&lt;/ThirdPartyTools&gt;&lt;MitigationControl&gt;&lt;/MitigationControl&gt;&lt;Responsibility&gt;&lt;/Responsibility&gt;&lt;IAControls&gt;&lt;/IAControls&gt;</description><reference><dc:title>DPMS Target Microsoft SCOM</dc:title><dc:publisher>DISA</dc:publisher><dc:type>DPMS Target</dc:type><dc:subject>Microsoft SCOM</dc:subject><dc:identifier>5294</dc:identifier></reference><ident system="http://cyber.mil/cci">CCI-002142</ident><fixtext fixref="F-40605r643914_fix">From Active Directory Users and Computers, search for the group containing SCOM administrators. Double-click on the group and select the members tab. For each user that no longer needs rights, select the account and click the Remove button. Click OK once finished.</fixtext><fix id="F-40605r643914_fix" /><check system="C-40642r643913_chk"><check-content-ref href="Microsoft_SCOM_STIG.xml" name="M" /><check-content>From Active Directory Users and Computers, search for the group containing SCOM administrators. Review the users who are listed in this group. If any user in this group is no longer with the organization, no longer requires SCOM administration rights, or is no longer in a SCOM administration role within the organization, this is a finding.</check-content></check></Rule></Group><Group id="V-237424"><title>SRG-APP-000033-NDM-000212</title><description>&lt;GroupDescription&gt;&lt;/GroupDescription&gt;</description><Rule id="SV-237424r643918_rule" weight="10.0" severity="high"><version>SCOM-AC-000002</version><title>Manually configured SCOM Run As accounts must be set to More Secure distribution.</title><description>&lt;VulnDiscussion&gt;The Microsoft SCOM privileged Run As accounts are used to execute work flow tasks on target endpoints. A SCOM Run As account creates an interactive log on session to perform its tasks. The interactive session could allow an attacker to harvest and reuse these credentials. The SCOM less-secure distribution option configures a Run As account to run on every SCOM agent within the environment, making it easier for an attacker to compromise a critical account. 

The use of the SCOM "More Secure" option restricts Run As accounts to specific systems. This restricts a compromised account to a specific set of systems limiting the ability of an attacker to move laterally within the network. A less secure distribution means that if any server running a SCOM agent is compromised, then the accounts credentials may be reused by an attacker.&lt;/VulnDiscussion&gt;&lt;FalsePositives&gt;&lt;/FalsePositives&gt;&lt;FalseNegatives&gt;&lt;/FalseNegatives&gt;&lt;Documentable&gt;false&lt;/Documentable&gt;&lt;Mitigations&gt;&lt;/Mitigations&gt;&lt;SeverityOverrideGuidance&gt;&lt;/SeverityOverrideGuidance&gt;&lt;PotentialImpacts&gt;&lt;/PotentialImpacts&gt;&lt;ThirdPartyTools&gt;&lt;/ThirdPartyTools&gt;&lt;MitigationControl&gt;&lt;/MitigationControl&gt;&lt;Responsibility&gt;&lt;/Responsibility&gt;&lt;IAControls&gt;&lt;/IAControls&gt;</description><reference><dc:title>DPMS Target Microsoft SCOM</dc:title><dc:publisher>DISA</dc:publisher><dc:type>DPMS Target</dc:type><dc:subject>Microsoft SCOM</dc:subject><dc:identifier>5294</dc:identifier></reference><ident system="http://cyber.mil/cci">CCI-000213</ident><fixtext fixref="F-40606r643917_fix">Open the Operations Console and select the Administration workspace.

Under Run As Configuration, select Accounts.

Double-click on the account(s) in question. Click the Distribution tab. Click the "More Secure" radio button and then click the "Add" button next to the green plus sign. In the filter by section, type the computer name(s) for each computer that is required to use the Run As account and click "Search". Double-click on the account in the available users section to add it to the selected users section. Click OK when finished.

Note: If the Run As account in question is not assigned to any run-as profile, it is recommended that the Run As account be deleted.</fixtext><fix id="F-40606r643917_fix" /><check system="C-40643r643916_chk"><check-content-ref href="Microsoft_SCOM_STIG.xml" name="M" /><check-content>Review the account distribution settings on the SCOM Management server.

Open the Operations Console and select the Administration workspace.

Under Run As Configuration, select Accounts.

Double-click on each account listed under the Windows type and select the distribution tab (note that the network system and local system accounts do not need to be checked).

If any Run As account is set to the "less secure" distribution option, this is a finding.</check-content></check></Rule></Group><Group id="V-237425"><title>SRG-APP-000033-NDM-000212</title><description>&lt;GroupDescription&gt;&lt;/GroupDescription&gt;</description><Rule id="SV-237425r643921_rule" weight="10.0" severity="high"><version>SCOM-AC-000003</version><title>SCOM Run As accounts used to manage Linux/UNIX endpoints must be configured for least privilege.</title><description>&lt;VulnDiscussion&gt;The Microsoft SCOM privileged Run As accounts are used to execute work flow tasks on target endpoints. A SCOM Run As account must only have the level of privileges required to perform the defined SCOM actions. An account with full administrative (SUDO) privileges could be used to breach security boundaries and compromise the endpoint.&lt;/VulnDiscussion&gt;&lt;FalsePositives&gt;&lt;/FalsePositives&gt;&lt;FalseNegatives&gt;&lt;/FalseNegatives&gt;&lt;Documentable&gt;false&lt;/Documentable&gt;&lt;Mitigations&gt;&lt;/Mitigations&gt;&lt;SeverityOverrideGuidance&gt;&lt;/SeverityOverrideGuidance&gt;&lt;PotentialImpacts&gt;&lt;/PotentialImpacts&gt;&lt;ThirdPartyTools&gt;&lt;/ThirdPartyTools&gt;&lt;MitigationControl&gt;&lt;/MitigationControl&gt;&lt;Responsibility&gt;&lt;/Responsibility&gt;&lt;IAControls&gt;&lt;/IAControls&gt;</description><reference><dc:title>DPMS Target Microsoft SCOM</dc:title><dc:publisher>DISA</dc:publisher><dc:type>DPMS Target</dc:type><dc:subject>Microsoft SCOM</dc:subject><dc:identifier>5294</dc:identifier></reference><ident system="http://cyber.mil/cci">CCI-000213</ident><fixtext fixref="F-40607r643920_fix">Configure the permissions on the Run As accounts used on Linux/UNIX endpoints to remove the SUDO ALL permissions. This will be dependent on the specific versions and flavor of the Linux/UNIX operating systems in question. 

Microsoft's least privilege recommendations for supported versions can be found at the following location: https://social.technet.microsoft.com/wiki/contents/articles/7375.scom-configuring-sudo-elevation-for-UNIX-and-linux-monitoring.aspx.</fixtext><fix id="F-40607r643920_fix" /><check system="C-40644r643919_chk"><check-content-ref href="Microsoft_SCOM_STIG.xml" name="M" /><check-content>If the Microsoft SCOM environment is not used to monitor Linux/UNIX endpoints, this check is Not Applicable.

Review the account permission settings on the SCOM Management server.

Log on to a subset of Linux or UNIX servers being monitored by SCOM and look at the Sudoers file. Verify that the SCOM account does not have Sudo all permissions. Alternatively, the following command can be run from the machine "sudo -l -U &lt;Run As account Name&gt;".

If any Run As account used for Linux\UNIX endpoint management has the SUDO ALL permissions, this is a finding.</check-content></check></Rule></Group><Group id="V-237426"><title>SRG-APP-000033-NDM-000212</title><description>&lt;GroupDescription&gt;&lt;/GroupDescription&gt;</description><Rule id="SV-237426r643924_rule" weight="10.0" severity="medium"><version>SCOM-AC-000004</version><title>The Microsoft SCOM Agent Action Account must be a local system account.</title><description>&lt;VulnDiscussion&gt;The SCOM agent action account is the account agent used to perform tasks on an individual machine. By default, the action agent account is the local system account, but this can be configured to run as a service account. In that scenario, the account will be running locally in memory and could be used by an attacker to laterally move throughout an environment. Using the local system account limits the ability to laterally traverse within the environment if a specific endpoint is compromised.&lt;/VulnDiscussion&gt;&lt;FalsePositives&gt;&lt;/FalsePositives&gt;&lt;FalseNegatives&gt;&lt;/FalseNegatives&gt;&lt;Documentable&gt;false&lt;/Documentable&gt;&lt;Mitigations&gt;&lt;/Mitigations&gt;&lt;SeverityOverrideGuidance&gt;&lt;/SeverityOverrideGuidance&gt;&lt;PotentialImpacts&gt;&lt;/PotentialImpacts&gt;&lt;ThirdPartyTools&gt;&lt;/ThirdPartyTools&gt;&lt;MitigationControl&gt;&lt;/MitigationControl&gt;&lt;Responsibility&gt;&lt;/Responsibility&gt;&lt;IAControls&gt;&lt;/IAControls&gt;</description><reference><dc:title>DPMS Target Microsoft SCOM</dc:title><dc:publisher>DISA</dc:publisher><dc:type>DPMS Target</dc:type><dc:subject>Microsoft SCOM</dc:subject><dc:identifier>5294</dc:identifier></reference><ident system="http://cyber.mil/cci">CCI-000213</ident><fixtext fixref="F-40608r643923_fix">From the SCOM console, go to the administration workspace. Under Run As Configuration, select Profiles.

Double-click on the Default Action Account in the center pane. From the box that appears, select the Run As accounts link.

Click on each non-management server that is configured with a Run As account and click Edit. From the box that appears, select "Local System Account" in the Run As account drop down. Click OK. 

Click Save once finished with all systems.</fixtext><fix id="F-40608r643923_fix" /><check system="C-40645r643922_chk"><check-content-ref href="Microsoft_SCOM_STIG.xml" name="M" /><check-content>From the SCOM console, go to the administration workspace. 

Under Run As Configuration, select Profiles.

Double-click on the Default Action Account in the center pane. From the box that appears, select the Run As accounts link.

Under the Account Name column, verify that ONLY management servers are running with a specified user account. All other accounts should say Local System Action Account.

If any non-management servers have a specific user account listed, this is a finding.

Elevate to a CAT I if the specified account is a local administrator on other systems. This can be downgraded to CAT III if the agent action account has been restricted from logging on to all other systems except the monitored endpoint, as the risk of credential leakage has been sufficiently mitigated.</check-content></check></Rule></Group><Group id="V-237427"><title>SRG-APP-000033-NDM-000212</title><description>&lt;GroupDescription&gt;&lt;/GroupDescription&gt;</description><Rule id="SV-237427r643927_rule" weight="10.0" severity="medium"><version>SCOM-AC-000005</version><title>The Microsoft SCOM Run As accounts must only use least access permissions.</title><description>&lt;VulnDiscussion&gt;The Microsoft SCOM privileged Run As accounts are used to execute work flow tasks on target endpoints. Run As Accounts are interactive logon sessions on a system. An attacker who has compromised one of those systems could potentially reuse the credentials of a Run As account on another system.&lt;/VulnDiscussion&gt;&lt;FalsePositives&gt;&lt;/FalsePositives&gt;&lt;FalseNegatives&gt;&lt;/FalseNegatives&gt;&lt;Documentable&gt;false&lt;/Documentable&gt;&lt;Mitigations&gt;&lt;/Mitigations&gt;&lt;SeverityOverrideGuidance&gt;&lt;/SeverityOverrideGuidance&gt;&lt;PotentialImpacts&gt;&lt;/PotentialImpacts&gt;&lt;ThirdPartyTools&gt;&lt;/ThirdPartyTools&gt;&lt;MitigationControl&gt;&lt;/MitigationControl&gt;&lt;Responsibility&gt;&lt;/Responsibility&gt;&lt;IAControls&gt;&lt;/IAControls&gt;</description><reference><dc:title>DPMS Target Microsoft SCOM</dc:title><dc:publisher>DISA</dc:publisher><dc:type>DPMS Target</dc:type><dc:subject>Microsoft SCOM</dc:subject><dc:identifier>5294</dc:identifier></reference><ident system="http://cyber.mil/cci">CCI-000213</ident><fixtext fixref="F-40609r643926_fix">Create an active directory group in which the account is a member. Assign this group the appropriate permissions on only the servers that need this account. Remove the Run As account from all additional administrative AD groups.</fixtext><fix id="F-40609r643926_fix" /><check system="C-40646r643925_chk"><check-content-ref href="Microsoft_SCOM_STIG.xml" name="M" /><check-content>Obtain the User ID(s) in SCOM:

Open the Operations Console and select the Administration workspace.

Under Run As Configuration, select Accounts. 

Double-click on each account listed under the Windows type and select the credentials tab (note that the network system and local system accounts do not need to be checked). Note the Username and domain name. Click on the Distribution tab and note the computer names that the account is distributed to.

Validate Permissions in Active Directory:

For each SCOM Run As account, open the Active Directory Users and Computers MMC and if necessary connect to the appropriate domain. Right-click on the domain and select "Find". In the "Name" field, type the User ID and click "Find Now". The account will appear in the results below. Double-click on the account and select the "Member Of" tab.

Review the groups listed. If any group listed is an administrator on any system other than the systems the account is distributed to, this is a finding.

If the account is part of Domain Administrators or Enterprise Administrators, elevate to CAT I.</check-content></check></Rule></Group><Group id="V-237428"><title>SRG-APP-000033-NDM-000212</title><description>&lt;GroupDescription&gt;&lt;/GroupDescription&gt;</description><Rule id="SV-237428r643930_rule" weight="10.0" severity="low"><version>SCOM-AC-000006</version><title>The Microsoft SCOM administration console must only be installed on Management Servers and hardened Privileged Access Workstations.</title><description>&lt;VulnDiscussion&gt;The Microsoft SCOM management servers are considered high value IT resources where compromise would cause a significant impact to the organization. The Operations Manager console contains APIs that an attacker can use to decrypt Run As accounts or install malicious management packs. If a SCOM console sits on a Tier 2 device, an attacker could use the administrator's alternate credentials to exploit SCOM. A Privileged Admin Workstation (PAW) device provides configuration and installation requirements for dedicated Windows workstations used exclusively for remote administrative management of designated high-value IT resources.&lt;/VulnDiscussion&gt;&lt;FalsePositives&gt;&lt;/FalsePositives&gt;&lt;FalseNegatives&gt;&lt;/FalseNegatives&gt;&lt;Documentable&gt;false&lt;/Documentable&gt;&lt;Mitigations&gt;&lt;/Mitigations&gt;&lt;SeverityOverrideGuidance&gt;&lt;/SeverityOverrideGuidance&gt;&lt;PotentialImpacts&gt;&lt;/PotentialImpacts&gt;&lt;ThirdPartyTools&gt;&lt;/ThirdPartyTools&gt;&lt;MitigationControl&gt;&lt;/MitigationControl&gt;&lt;Responsibility&gt;&lt;/Responsibility&gt;&lt;IAControls&gt;&lt;/IAControls&gt;</description><reference><dc:title>DPMS Target Microsoft SCOM</dc:title><dc:publisher>DISA</dc:publisher><dc:type>DPMS Target</dc:type><dc:subject>Microsoft SCOM</dc:subject><dc:identifier>5294</dc:identifier></reference><ident system="http://cyber.mil/cci">CCI-000213</ident><fixtext fixref="F-40610r643929_fix">Remove any SCOM consoles from productivity workstations.</fixtext><fix id="F-40610r643929_fix" /><check system="C-40647r643928_chk"><check-content-ref href="Microsoft_SCOM_STIG.xml" name="M" /><check-content>If the SCOM console is installed on a Terminal Server within a dedicated hardened management forest, this check is Not Applicable.

If the console is installed on a general purpose device and the user is NOT a SCOM administrator, this is not a finding. Examples would be individuals in the Network Operations Center (NOC) who only respond to alerts.

From the SCOM Administrator(s) productivity workstation (i.e. it has internet, or office applications), check for the presence of the operations console. This can be done by clicking the windows button and typing "Operations" in the search bar. 

If the console is installed on a general purpose device and the user is NOT a SCOM administrator, this is not a finding. Examples would be individuals in the Network Operations Center (NOC) who only respond to alerts.

If the Operations console appears, this is a finding.</check-content></check></Rule></Group><Group id="V-237429"><title>SRG-APP-000033-NDM-000212</title><description>&lt;GroupDescription&gt;&lt;/GroupDescription&gt;</description><Rule id="SV-237429r643933_rule" weight="10.0" severity="high"><version>SCOM-AC-000007</version><title>The Microsoft SCOM Service Accounts and Run As accounts must not be granted enterprise or domain level administrative privileges.</title><description>&lt;VulnDiscussion&gt;The Microsoft SCOM privileged Run As accounts are used to execute work flow tasks on target endpoints. A SCOM Run As account must only have the level of privileges required to perform the defined SCOM actions. An account with full administrative at the domain or enterprise level could be used to breach security boundaries and compromise the endpoint.&lt;/VulnDiscussion&gt;&lt;FalsePositives&gt;&lt;/FalsePositives&gt;&lt;FalseNegatives&gt;&lt;/FalseNegatives&gt;&lt;Documentable&gt;false&lt;/Documentable&gt;&lt;Mitigations&gt;&lt;/Mitigations&gt;&lt;SeverityOverrideGuidance&gt;&lt;/SeverityOverrideGuidance&gt;&lt;PotentialImpacts&gt;&lt;/PotentialImpacts&gt;&lt;ThirdPartyTools&gt;&lt;/ThirdPartyTools&gt;&lt;MitigationControl&gt;&lt;/MitigationControl&gt;&lt;Responsibility&gt;&lt;/Responsibility&gt;&lt;IAControls&gt;&lt;/IAControls&gt;</description><reference><dc:title>DPMS Target Microsoft SCOM</dc:title><dc:publisher>DISA</dc:publisher><dc:type>DPMS Target</dc:type><dc:subject>Microsoft SCOM</dc:subject><dc:identifier>5294</dc:identifier></reference><ident system="http://cyber.mil/cci">CCI-000213</ident><fixtext fixref="F-40611r643932_fix">Remove the service accounts from these groups and grant appropriate permissions to them. SCOM service account permission documentation can be found at this link: https://kevinholman.com/2019/03/08/scom-2016-security-account-matrix/. Run As accounts that are not being used as SCOM service accounts should be configured to least privileges as well.</fixtext><fix id="F-40611r643932_fix" /><check system="C-40648r643931_chk"><check-content-ref href="Microsoft_SCOM_STIG.xml" name="M" /><check-content>Obtain the User ID(s) for the appropriate accounts in SCOM:

Open the Operations Console and select the Administration workspace.

Under Run As Configuration, select Accounts.

Double-click on each account listed under the Windows type and select the credentials tab (note that the network system and local system accounts do not need to be checked). Note the Username and domain name. Open Active Directory Users and Computers.

Determine rights in Active Directory:

Review the Domain Admins, Administrators (in AD), Enterprise Admins, Schema Admins groups, and any group that is a member of these groups.

If a SCOM Run-As account or Service account is a member of any of these groups, this is a finding.</check-content></check></Rule></Group><Group id="V-237430"><title>SRG-APP-000033-NDM-000212</title><description>&lt;GroupDescription&gt;&lt;/GroupDescription&gt;</description><Rule id="SV-237430r643936_rule" weight="10.0" severity="high"><version>SCOM-AC-000008</version><title>SCOM SQL Management must be configured to use least privileges.</title><description>&lt;VulnDiscussion&gt;Microsoft SCOM's SQL management requires a Run as solution because the local system account will not have the required permissions to monitor SQL.

If the Run As account is created with elevated database privileges on the SQL endpoint, this can be used to modify SQL databases, breach security boundaries, or otherwise compromise the endpoint.&lt;/VulnDiscussion&gt;&lt;FalsePositives&gt;&lt;/FalsePositives&gt;&lt;FalseNegatives&gt;&lt;/FalseNegatives&gt;&lt;Documentable&gt;false&lt;/Documentable&gt;&lt;Mitigations&gt;&lt;/Mitigations&gt;&lt;SeverityOverrideGuidance&gt;&lt;/SeverityOverrideGuidance&gt;&lt;PotentialImpacts&gt;&lt;/PotentialImpacts&gt;&lt;ThirdPartyTools&gt;&lt;/ThirdPartyTools&gt;&lt;MitigationControl&gt;&lt;/MitigationControl&gt;&lt;Responsibility&gt;&lt;/Responsibility&gt;&lt;IAControls&gt;&lt;/IAControls&gt;</description><reference><dc:title>DPMS Target Microsoft SCOM</dc:title><dc:publisher>DISA</dc:publisher><dc:type>DPMS Target</dc:type><dc:subject>Microsoft SCOM</dc:subject><dc:identifier>5294</dc:identifier></reference><ident system="http://cyber.mil/cci">CCI-000213</ident><fixtext fixref="F-40612r663056_fix">Configure the NT System\Authority or SCOM Run As accounts for least privileges as described in the documentation for the SCOM SQL management pack. The documentation can be found with the management pack download, and permissions may vary depending on the version of the SQL management pack being used. Generally speaking, the account used for monitoring will need to view server state, view any definition, and view any database.

Additional information on this topic can be found at this location along with a management pack that can automate this process: https://kevinholman.com/2016/08/25/sql-mp-run-as-accounts-no-longer-required/</fixtext><fix id="F-40612r663056_fix" /><check system="C-40649r643934_chk"><check-content-ref href="Microsoft_SCOM_STIG.xml" name="M" /><check-content>If the Microsoft SQL management packs for SCOM are not imported, this check is Not Applicable.

Determine which SQL Servers are managed by SCOM:

From the Operations Console, click on the Monitoring workspace. In the left pane, expand the "Microsoft SQL Servers folder" and click on the Computers icon (note older versions of this management pack may be version specific). Make note of the servers listed.

Log on to SQL Server Management Studio and connect to servers being managed in SCOM. Expand the Security Tab and select Logins. 

Verify that NT System\Authority, NT Service\HealthService, or the SQL Run As account has not been granted System Admin privileges (SA rights).

If the any of these accounts have been granted SA privileges, this is a finding.</check-content></check></Rule></Group><Group id="V-237431"><title>SRG-APP-000516-NDM-000340</title><description>&lt;GroupDescription&gt;&lt;/GroupDescription&gt;</description><Rule id="SV-237431r643939_rule" weight="10.0" severity="medium"><version>SCOM-AU-000001</version><title>The Microsoft SCOM server must back up audit records at least every seven days onto a different system or system component than the system or component being audited.</title><description>&lt;VulnDiscussion&gt;Protection of log data includes assuring log data is not accidentally lost or deleted. Regularly backing up audit records to a different system or onto separate media than the system being audited helps to assure, in the event of a catastrophic system failure, the audit records will be retained.&lt;/VulnDiscussion&gt;&lt;FalsePositives&gt;&lt;/FalsePositives&gt;&lt;FalseNegatives&gt;&lt;/FalseNegatives&gt;&lt;Documentable&gt;false&lt;/Documentable&gt;&lt;Mitigations&gt;&lt;/Mitigations&gt;&lt;SeverityOverrideGuidance&gt;&lt;/SeverityOverrideGuidance&gt;&lt;PotentialImpacts&gt;&lt;/PotentialImpacts&gt;&lt;ThirdPartyTools&gt;&lt;/ThirdPartyTools&gt;&lt;MitigationControl&gt;&lt;/MitigationControl&gt;&lt;Responsibility&gt;&lt;/Responsibility&gt;&lt;IAControls&gt;&lt;/IAControls&gt;</description><reference><dc:title>DPMS Target Microsoft SCOM</dc:title><dc:publisher>DISA</dc:publisher><dc:type>DPMS Target</dc:type><dc:subject>Microsoft SCOM</dc:subject><dc:identifier>5294</dc:identifier></reference><ident system="http://cyber.mil/cci">CCI-000366</ident><fixtext fixref="F-40613r643938_fix">Establish and implement a process for keeping the Security Log as well as the Operations Manager log. Most DoD enclaves are already running tools such as Splunk or Azure Log Analytics. It is important that these logs be ingested by these tools.</fixtext><fix id="F-40613r643938_fix" /><check system="C-40650r643937_chk"><check-content-ref href="Microsoft_SCOM_STIG.xml" name="M" /><check-content>Determine if the security logs as well as the Operations Manager logs on the SCOM management server are being ingested by a tool such as Splunk, ArcSite, or Azure Log Analytics. 

If no effort is being made to retain log data on the SCOM server, this is a finding.</check-content></check></Rule></Group><Group id="V-237432"><title>SRG-APP-000516-NDM-000351</title><description>&lt;GroupDescription&gt;&lt;/GroupDescription&gt;</description><Rule id="SV-237432r643942_rule" weight="10.0" severity="high"><version>SCOM-CM-000001</version><title>The Microsoft SCOM server must be running Windows operating system that supports modern security features such as virtualization based security.</title><description>&lt;VulnDiscussion&gt;Network devices running older but supported operating systems lack modern security features that mitigate attack surfaces. Attackers face a higher level of complexity to overcome during a compromise attempt.&lt;/VulnDiscussion&gt;&lt;FalsePositives&gt;&lt;/FalsePositives&gt;&lt;FalseNegatives&gt;&lt;/FalseNegatives&gt;&lt;Documentable&gt;false&lt;/Documentable&gt;&lt;Mitigations&gt;&lt;/Mitigations&gt;&lt;SeverityOverrideGuidance&gt;&lt;/SeverityOverrideGuidance&gt;&lt;PotentialImpacts&gt;&lt;/PotentialImpacts&gt;&lt;ThirdPartyTools&gt;&lt;/ThirdPartyTools&gt;&lt;MitigationControl&gt;&lt;/MitigationControl&gt;&lt;Responsibility&gt;&lt;/Responsibility&gt;&lt;IAControls&gt;&lt;/IAControls&gt;</description><reference><dc:title>DPMS Target Microsoft SCOM</dc:title><dc:publisher>DISA</dc:publisher><dc:type>DPMS Target</dc:type><dc:subject>Microsoft SCOM</dc:subject><dc:identifier>5294</dc:identifier></reference><ident system="http://cyber.mil/cci">CCI-000366</ident><fixtext fixref="F-40614r643941_fix">Upgrade the network device to an operating that supports modern security features such as virtualization based security.</fixtext><fix id="F-40614r643941_fix" /><check system="C-40651r663057_chk"><check-content-ref href="Microsoft_SCOM_STIG.xml" name="M" /><check-content>Check the operating system version.

From the SCOM management servers, type winver and press enter. If the operating system is not Windows Server 2016 or later, this is a finding.</check-content></check></Rule></Group><Group id="V-237433"><title>SRG-APP-000516-NDM-000340</title><description>&lt;GroupDescription&gt;&lt;/GroupDescription&gt;</description><Rule id="SV-237433r643945_rule" weight="10.0" severity="low"><version>SCOM-CM-000002</version><title>SCOM unsealed management packs must be backed up regularly.</title><description>&lt;VulnDiscussion&gt;SCOM's configuration information is stored within unsealed management packs. Even without SQL backups, a catastrophic failure to SCOM can be recovered from quickly if the unsealed management packs have been backed up.

Satisfies: SRG-APP-000516-NDM-000340, SRG-APP-000516-NDM-000341&lt;/VulnDiscussion&gt;&lt;FalsePositives&gt;&lt;/FalsePositives&gt;&lt;FalseNegatives&gt;&lt;/FalseNegatives&gt;&lt;Documentable&gt;false&lt;/Documentable&gt;&lt;Mitigations&gt;&lt;/Mitigations&gt;&lt;SeverityOverrideGuidance&gt;&lt;/SeverityOverrideGuidance&gt;&lt;PotentialImpacts&gt;&lt;/PotentialImpacts&gt;&lt;ThirdPartyTools&gt;&lt;/ThirdPartyTools&gt;&lt;MitigationControl&gt;&lt;/MitigationControl&gt;&lt;Responsibility&gt;&lt;/Responsibility&gt;&lt;IAControls&gt;&lt;/IAControls&gt;</description><reference><dc:title>DPMS Target Microsoft SCOM</dc:title><dc:publisher>DISA</dc:publisher><dc:type>DPMS Target</dc:type><dc:subject>Microsoft SCOM</dc:subject><dc:identifier>5294</dc:identifier></reference><ident system="http://cyber.mil/cci">CCI-000366</ident><ident system="http://cyber.mil/cci">CCI-000537</ident><ident system="http://cyber.mil/cci">CCI-000539</ident><fixtext fixref="F-40615r643944_fix">The quickest solution available is to download the management pack referenced in this article and configure it accordingly: https://kevinholman.com/2017/07/07/scom-2012-and-2016-unsealed-mp-backup/

Ultimately, this is an organizational decision as to how the administrator would like to proceed.</fixtext><fix id="F-40615r643944_fix" /><check system="C-40652r643943_chk"><check-content-ref href="Microsoft_SCOM_STIG.xml" name="M" /><check-content>There is more than one way to configure this, and it will be at an administrator's discretion. 

Open task scheduler and check for the presence of a scheduled task to back up unsealed management packs. If present, review the script to determine where backups are being stored. 

Verify that the unsealed management packs are being saved to the location specified in the task and that the location is being backed up regularly. 

Alternatively, several free management packs do exist to automate this process within SCOM, or an administrator could automate this with their own custom management pack or using an orchestration tool such as System Center Orchestrator. 

This is not a finding if an administrator can show that one of these is installed/configured and that unsealed management packs are being written to the configured location.

If unsealed management packs are not being exported to disk and backed up, this is a finding.</check-content></check></Rule></Group><Group id="V-237434"><title>SRG-APP-000516-NDM-000344</title><description>&lt;GroupDescription&gt;&lt;/GroupDescription&gt;</description><Rule id="SV-237434r643948_rule" weight="10.0" severity="low"><version>SCOM-CM-000003</version><title>If a certificate is used for the SCOM web console, this certificate must be generated by a DoD CA or CA approved by the organization.</title><description>&lt;VulnDiscussion&gt;Web certificates should always be signed by a trusted signer and never self-signed.&lt;/VulnDiscussion&gt;&lt;FalsePositives&gt;&lt;/FalsePositives&gt;&lt;FalseNegatives&gt;&lt;/FalseNegatives&gt;&lt;Documentable&gt;false&lt;/Documentable&gt;&lt;Mitigations&gt;&lt;/Mitigations&gt;&lt;SeverityOverrideGuidance&gt;&lt;/SeverityOverrideGuidance&gt;&lt;PotentialImpacts&gt;&lt;/PotentialImpacts&gt;&lt;ThirdPartyTools&gt;&lt;/ThirdPartyTools&gt;&lt;MitigationControl&gt;&lt;/MitigationControl&gt;&lt;Responsibility&gt;&lt;/Responsibility&gt;&lt;IAControls&gt;&lt;/IAControls&gt;</description><reference><dc:title>DPMS Target Microsoft SCOM</dc:title><dc:publisher>DISA</dc:publisher><dc:type>DPMS Target</dc:type><dc:subject>Microsoft SCOM</dc:subject><dc:identifier>5294</dc:identifier></reference><ident system="http://cyber.mil/cci">CCI-000366</ident><ident system="http://cyber.mil/cci">CCI-001159</ident><fixtext fixref="F-40616r643947_fix">Issue a web corticated from a trusted internal CA server as this will be required for https protocols to function properly. It will need to be installed on the server in advance.

From the SCOM web console server, open IIS. Right-click on the Default Website and choose edit bindings. Click on the https binding and click edit. For the SSL certificate drop down, choose the new certificate. Click OK. Test https access to the SCOM web console and troubleshoot if connectivity is not working. Once connectivity is established, delete the http binding.</fixtext><fix id="F-40616r643947_fix" /><check system="C-40653r643946_chk"><check-content-ref href="Microsoft_SCOM_STIG.xml" name="M" /><check-content>From the web console server, open IIS. Right-click on the Default Website and choose Edit Bindings. Select the https binding and click edit. Click View to view the certificate being used to protect the website. If the certificate is not issued by a DoD CA or a trusted internal CA, this is a finding.</check-content></check></Rule></Group><Group id="V-237435"><title>SRG-APP-000395-NDM-000310</title><description>&lt;GroupDescription&gt;&lt;/GroupDescription&gt;</description><Rule id="SV-237435r643951_rule" weight="10.0" severity="low"><version>SCOM-IA-000001</version><title>The Microsoft SCOM SNMP Monitoring in SCOM must use SNMP V3.</title><description>&lt;VulnDiscussion&gt;SNMP Versions 1 and 2 do not use a FIPS-validated Keyed-Hash message Authentication Code (HMAC). SCOM has the capability of monitoring all versions of SNMP. As such, SNMP 1 and 2 monitoring should only be done if the device being monitored does not support SNMP V3.&lt;/VulnDiscussion&gt;&lt;FalsePositives&gt;&lt;/FalsePositives&gt;&lt;FalseNegatives&gt;&lt;/FalseNegatives&gt;&lt;Documentable&gt;false&lt;/Documentable&gt;&lt;Mitigations&gt;&lt;/Mitigations&gt;&lt;SeverityOverrideGuidance&gt;&lt;/SeverityOverrideGuidance&gt;&lt;PotentialImpacts&gt;&lt;/PotentialImpacts&gt;&lt;ThirdPartyTools&gt;&lt;/ThirdPartyTools&gt;&lt;MitigationControl&gt;&lt;/MitigationControl&gt;&lt;Responsibility&gt;&lt;/Responsibility&gt;&lt;IAControls&gt;&lt;/IAControls&gt;</description><reference><dc:title>DPMS Target Microsoft SCOM</dc:title><dc:publisher>DISA</dc:publisher><dc:type>DPMS Target</dc:type><dc:subject>Microsoft SCOM</dc:subject><dc:identifier>5294</dc:identifier></reference><ident system="http://cyber.mil/cci">CCI-001967</ident><fixtext fixref="F-40617r643950_fix">Create SNMP V3 Run As accounts and use these to monitor network devices:

Note that for this to work, SNMP V3 must be set up on the network device being monitored and some of the configuration info for this account must be obtained from that device.

From the SCOM Operations Console, select the Administration workspace, expand Run As Configuration, and select Accounts. Right-click and choose "Create Run As accounts". Click "Next" at the first screen and in the Run As account type, choose SNMP V3 account. Give it an appropriate display name and complete the wizard supplying the relevant information from the monitored network device(s).</fixtext><fix id="F-40617r643950_fix" /><check system="C-40654r643949_chk"><check-content-ref href="Microsoft_SCOM_STIG.xml" name="M" /><check-content>From the SCOM Console, select the Administration workspace.

Navigate to Run As Configuration and select Accounts.

Review all of the listed Accounts.

If any account is listed under the "Community String" type, this is a finding.</check-content></check></Rule></Group><Group id="V-237436"><title>SRG-APP-000080-NDM-000345</title><description>&lt;GroupDescription&gt;&lt;/GroupDescription&gt;</description><Rule id="SV-237436r643954_rule" weight="10.0" severity="medium"><version>SCOM-IA-000002</version><title>The Microsoft SCOM server must use an active directory group that contains authorized members of the SCOM Administrators Role Group.</title><description>&lt;VulnDiscussion&gt;During the initial installation, SCOM grants the Builtin\Administrators group administrator rights to the application. This configuration will allow any local administrator to the SCOM server to have full administrative rights into SCOM.&lt;/VulnDiscussion&gt;&lt;FalsePositives&gt;&lt;/FalsePositives&gt;&lt;FalseNegatives&gt;&lt;/FalseNegatives&gt;&lt;Documentable&gt;false&lt;/Documentable&gt;&lt;Mitigations&gt;&lt;/Mitigations&gt;&lt;SeverityOverrideGuidance&gt;&lt;/SeverityOverrideGuidance&gt;&lt;PotentialImpacts&gt;&lt;/PotentialImpacts&gt;&lt;ThirdPartyTools&gt;&lt;/ThirdPartyTools&gt;&lt;MitigationControl&gt;&lt;/MitigationControl&gt;&lt;Responsibility&gt;&lt;/Responsibility&gt;&lt;IAControls&gt;&lt;/IAControls&gt;</description><reference><dc:title>DPMS Target Microsoft SCOM</dc:title><dc:publisher>DISA</dc:publisher><dc:type>DPMS Target</dc:type><dc:subject>Microsoft SCOM</dc:subject><dc:identifier>5294</dc:identifier></reference><ident system="http://cyber.mil/cci">CCI-002041</ident><fixtext fixref="F-40618r643953_fix">From Active Directory Users and Computers, create a group following the organizational naming standards for SCOM Administrators. Add the SCOM service accounts to this group along with any user's administrative account that is required to administer SCOM. Make note of the group name.

Log on to the SCOM console with an administrative account. Select the Administration workspace. Expand Security and click User Roles. From the center pane, double-click on Operations Manager Administrators.

Click the Add button and type the name of the group created above and click Check Names. The name should validate. Click OK.

The new group should now be added to the Operations Manager Administrators role. Click on Builtin\Administrators and click Remove. Click OK.</fixtext><fix id="F-40618r643953_fix" /><check system="C-40655r643952_chk"><check-content-ref href="Microsoft_SCOM_STIG.xml" name="M" /><check-content>Open the Operations Console and select the Administrative workspace.

In the left pane, expand Security and select User Roles. In the center pane, double-click on Operations Manager Administrators.

If Builtin\Administrators is listed, this is a finding.</check-content></check></Rule></Group><Group id="V-237437"><title>SRG-APP-000080-NDM-000345</title><description>&lt;GroupDescription&gt;&lt;/GroupDescription&gt;</description><Rule id="SV-237437r643957_rule" weight="10.0" severity="medium"><version>SCOM-IA-000003</version><title>The default Builtin\Administrators group must be removed from the SCOM Administrators Role Group.</title><description>&lt;VulnDiscussion&gt;SCOM servers with default well-known operating system groups defined the SCOM Administrators Global Group may allow a local administrator access to privileged SCOM access.&lt;/VulnDiscussion&gt;&lt;FalsePositives&gt;&lt;/FalsePositives&gt;&lt;FalseNegatives&gt;&lt;/FalseNegatives&gt;&lt;Documentable&gt;false&lt;/Documentable&gt;&lt;Mitigations&gt;&lt;/Mitigations&gt;&lt;SeverityOverrideGuidance&gt;&lt;/SeverityOverrideGuidance&gt;&lt;PotentialImpacts&gt;&lt;/PotentialImpacts&gt;&lt;ThirdPartyTools&gt;&lt;/ThirdPartyTools&gt;&lt;MitigationControl&gt;&lt;/MitigationControl&gt;&lt;Responsibility&gt;&lt;/Responsibility&gt;&lt;IAControls&gt;&lt;/IAControls&gt;</description><reference><dc:title>DPMS Target Microsoft SCOM</dc:title><dc:publisher>DISA</dc:publisher><dc:type>DPMS Target</dc:type><dc:subject>Microsoft SCOM</dc:subject><dc:identifier>5294</dc:identifier></reference><ident system="http://cyber.mil/cci">CCI-002041</ident><fixtext fixref="F-40619r643956_fix">Remove the Built-in\Administrators group from the SCOM Administrators Role Group.</fixtext><fix id="F-40619r643956_fix" /><check system="C-40656r643955_chk"><check-content-ref href="Microsoft_SCOM_STIG.xml" name="M" /><check-content>Review the SCOM Administrators Global Group and verify that the Built-in\Administrators Group is not a member.

If the Built-in\Administrators group is a member, this is a finding.</check-content></check></Rule></Group><Group id="V-237438"><title>SRG-APP-000412-NDM-000331</title><description>&lt;GroupDescription&gt;&lt;/GroupDescription&gt;</description><Rule id="SV-237438r643960_rule" weight="10.0" severity="high"><version>SCOM-MA-000001</version><title>The SCOM Web Console must be configured for HTTPS.</title><description>&lt;VulnDiscussion&gt;HTTP sessions are sent in clear text and can allow a man in the middle to recon the environment. The web console itself does not allow for administrative actions, so most of the risk associated with http authentication is inherently mitigated. However, this would allow an attacker to intercept SCOM web-console traffic for reconnaissance purposes.&lt;/VulnDiscussion&gt;&lt;FalsePositives&gt;&lt;/FalsePositives&gt;&lt;FalseNegatives&gt;&lt;/FalseNegatives&gt;&lt;Documentable&gt;false&lt;/Documentable&gt;&lt;Mitigations&gt;&lt;/Mitigations&gt;&lt;SeverityOverrideGuidance&gt;&lt;/SeverityOverrideGuidance&gt;&lt;PotentialImpacts&gt;&lt;/PotentialImpacts&gt;&lt;ThirdPartyTools&gt;&lt;/ThirdPartyTools&gt;&lt;MitigationControl&gt;&lt;/MitigationControl&gt;&lt;Responsibility&gt;&lt;/Responsibility&gt;&lt;IAControls&gt;&lt;/IAControls&gt;</description><reference><dc:title>DPMS Target Microsoft SCOM</dc:title><dc:publisher>DISA</dc:publisher><dc:type>DPMS Target</dc:type><dc:subject>Microsoft SCOM</dc:subject><dc:identifier>5294</dc:identifier></reference><ident system="http://cyber.mil/cci">CCI-003123</ident><fixtext fixref="F-40620r643959_fix">Issue a web corticated from a trusted internal CA server, as this will be required for https protocols to function properly. It will need to be installed on the server in advance.

From the SCOM web console server, open IIS. 

Right-click on the Default Website and choose edit bindings. 

Click the Add button. 

Under type, select https and enter the appropriate host name in the host name field. 

For the SSL certificate drop down, choose the certificate that was installed. Click OK. 

Test https access to the SCOM web console and troubleshoot if connectivity is not working. 

Once connectivity is established, delete the http binding.</fixtext><fix id="F-40620r643959_fix" /><check system="C-40657r643958_chk"><check-content-ref href="Microsoft_SCOM_STIG.xml" name="M" /><check-content>This check is Not Applicable if the SCOM web console is not installed.

From the SCOM web console server, open IIS. Right-click on the Default Website and choose edit bindings. Examine the bindings for the web console and verify that only https is an option. If http is present or if there is no https binding, this is a finding.</check-content></check></Rule></Group><Group id="V-237439"><title>SRG-APP-000224-NDM-000270</title><description>&lt;GroupDescription&gt;&lt;/GroupDescription&gt;</description><Rule id="SV-237439r643963_rule" weight="10.0" severity="high"><version>SCOM-SC-000001</version><title>All SCOM servers must be configured for FIPS 140-2 compliance.</title><description>&lt;VulnDiscussion&gt;Unapproved mechanisms used for authentication to the cryptographic module are not validated and therefore cannot be relied on to provide confidentiality or integrity, and DoD data may be compromised. FIPS 140-2 is the current standard for validating that mechanisms used to access cryptographic modules utilize authentication that meets DoD requirements. However, authentication algorithms must configure security processes to use only FIPS-approved and NIST-recommended authentication algorithms.

SCOM is FIPS-compliant out of the box with the exception of the Web Console.&lt;/VulnDiscussion&gt;&lt;FalsePositives&gt;&lt;/FalsePositives&gt;&lt;FalseNegatives&gt;&lt;/FalseNegatives&gt;&lt;Documentable&gt;false&lt;/Documentable&gt;&lt;Mitigations&gt;&lt;/Mitigations&gt;&lt;SeverityOverrideGuidance&gt;&lt;/SeverityOverrideGuidance&gt;&lt;PotentialImpacts&gt;&lt;/PotentialImpacts&gt;&lt;ThirdPartyTools&gt;&lt;/ThirdPartyTools&gt;&lt;MitigationControl&gt;&lt;/MitigationControl&gt;&lt;Responsibility&gt;&lt;/Responsibility&gt;&lt;IAControls&gt;&lt;/IAControls&gt;</description><reference><dc:title>DPMS Target Microsoft SCOM</dc:title><dc:publisher>DISA</dc:publisher><dc:type>DPMS Target</dc:type><dc:subject>Microsoft SCOM</dc:subject><dc:identifier>5294</dc:identifier></reference><ident system="http://cyber.mil/cci">CCI-000803</ident><ident system="http://cyber.mil/cci">CCI-001188</ident><fixtext fixref="F-40621r643962_fix">From a SCOM Management server, open the registry editor. Navigate to the following key:

HKEY_LOCAL_MACHINE\SYSTEM\CurrentControlSet\Control\Lsa\FipsAlgorithmPolicy

Double-click on "Enabled" and set the value to 1.

Note that many organizations use a GPO to accomplish this task. Older versions of SCOM may require additional configuration. That is documented here: https://nathangau.wordpress.com/2016/12/02/scom-2012-webconsole-and-fips-compatibility/</fixtext><fix id="F-40621r643962_fix" /><check system="C-40658r643961_chk"><check-content-ref href="Microsoft_SCOM_STIG.xml" name="M" /><check-content>From a SCOM Management server, open the registry editor. Navigate to the following key:

HKEY_LOCAL_MACHINE\SYSTEM\CurrentControlSet\Control\Lsa\FipsAlgorithmPolicy

Verify that the "Enabled" key is set to 1.

If the "Enabled" key is not set to 1 or is not present, this is a finding.

From a command prompt, open the following file with notepad: C:\Windows\Micosoft.NET\Framework]v2.0.50727\CONFIG\machine.config. Immediately following the &lt;ConfigSection&gt;, look for &lt;cryptographySettings&gt;. 

If the &lt;cryptographySettings&gt; section does not exist under &lt;ConfigSection&gt; of the machine.config file, this is a finding.</check-content></check></Rule></Group><Group id="V-237440"><title>SRG-APP-000435-NDM-000315</title><description>&lt;GroupDescription&gt;&lt;/GroupDescription&gt;</description><Rule id="SV-237440r643966_rule" weight="10.0" severity="medium"><version>SCOM-SC-000002</version><title>A host-based firewall must be configured on the SCOM management servers.</title><description>&lt;VulnDiscussion&gt;To prevent a DDoS, a firewall that inspects and drops packets must be configured.&lt;/VulnDiscussion&gt;&lt;FalsePositives&gt;&lt;/FalsePositives&gt;&lt;FalseNegatives&gt;&lt;/FalseNegatives&gt;&lt;Documentable&gt;false&lt;/Documentable&gt;&lt;Mitigations&gt;&lt;/Mitigations&gt;&lt;SeverityOverrideGuidance&gt;&lt;/SeverityOverrideGuidance&gt;&lt;PotentialImpacts&gt;&lt;/PotentialImpacts&gt;&lt;ThirdPartyTools&gt;&lt;/ThirdPartyTools&gt;&lt;MitigationControl&gt;&lt;/MitigationControl&gt;&lt;Responsibility&gt;&lt;/Responsibility&gt;&lt;IAControls&gt;&lt;/IAControls&gt;</description><reference><dc:title>DPMS Target Microsoft SCOM</dc:title><dc:publisher>DISA</dc:publisher><dc:type>DPMS Target</dc:type><dc:subject>Microsoft SCOM</dc:subject><dc:identifier>5294</dc:identifier></reference><ident system="http://cyber.mil/cci">CCI-002385</ident><fixtext fixref="F-40622r643965_fix">Configure a host-based firewall based on the organization's standards. A full list of ports needed for SCOM to function properly can be found here: https://docs.microsoft.com/en-us/system-center/scom/plan-security-config-firewall?view=sc-om-2019.</fixtext><fix id="F-40622r643965_fix" /><check system="C-40659r643964_chk"><check-content-ref href="Microsoft_SCOM_STIG.xml" name="M" /><check-content>The steps in this check will vary based on the host-based firewall being used in the environment. 

For Windows Firewall, type wf.msc. 

Verify that the firewall is set to On. 

Click on Inbound rules and verify that there are no any-any allow rules in any profile. 

If McAfee is installed, it will be visible in the system tray. Verify with a McAfee administrator that there are no any-any rules allowing full access. 

If no host-based firewall is installed, or a host-based firewall is configured to allow all traffic inbound, this is a finding.</check-content></check></Rule></Group></Benchmark>