<?xml version="1.0" encoding="utf-8"?><?xml-stylesheet type='text/xsl' href='STIG_unclass.xsl'?><Benchmark xmlns:dc="http://purl.org/dc/elements/1.1/" xmlns:xsi="http://www.w3.org/2001/XMLSchema-instance" xmlns:cpe="http://cpe.mitre.org/language/2.0" xmlns:xhtml="http://www.w3.org/1999/xhtml" xmlns:dsig="http://www.w3.org/2000/09/xmldsig#" xsi:schemaLocation="http://checklists.nist.gov/xccdf/1.1 http://nvd.nist.gov/schema/xccdf-1.1.4.xsd http://cpe.mitre.org/dictionary/2.0 http://cpe.mitre.org/files/cpe-dictionary_2.1.xsd" id="Citrix_VAD_7-x_Delivery_Controller_STIG" xml:lang="en" xmlns="http://checklists.nist.gov/xccdf/1.1"><status date="2021-12-10">accepted</status><title>Citrix Virtual Apps and Desktop 7.x Delivery Controller Security Technical Implementation Guide</title><description>This Security Technical Implementation Guide is published as a tool to improve the security of Department of Defense (DoD) information systems. The requirements are derived from the National Institute of Standards and Technology (NIST) 800-53 and related documents. Comments or proposed revisions to this document should be sent via email to the following address: disa.stig_spt@mail.mil.</description><notice id="terms-of-use" xml:lang="en"></notice><front-matter xml:lang="en"></front-matter><rear-matter xml:lang="en"></rear-matter><reference href="https://cyber.mil"><dc:publisher>DISA</dc:publisher><dc:source>STIG.DOD.MIL</dc:source></reference><plain-text id="release-info">Release: 2 Benchmark Date: 27 Jan 2022</plain-text><plain-text id="generator">3.2.2.36079</plain-text><plain-text id="conventionsVersion">1.10.0</plain-text><version>1</version><Profile id="MAC-1_Classified"><title>I - Mission Critical Classified</title><description>&lt;ProfileDescription&gt;&lt;/ProfileDescription&gt;</description><select idref="V-234565" selected="true" /><select idref="V-234567" selected="true" /><select idref="V-234569" selected="true" /></Profile><Profile id="MAC-1_Public"><title>I - Mission Critical Public</title><description>&lt;ProfileDescription&gt;&lt;/ProfileDescription&gt;</description><select idref="V-234565" selected="true" /><select idref="V-234567" selected="true" /><select idref="V-234569" selected="true" /></Profile><Profile id="MAC-1_Sensitive"><title>I - Mission Critical Sensitive</title><description>&lt;ProfileDescription&gt;&lt;/ProfileDescription&gt;</description><select idref="V-234565" selected="true" /><select idref="V-234567" selected="true" /><select idref="V-234569" selected="true" /></Profile><Profile id="MAC-2_Classified"><title>II - Mission Support Classified</title><description>&lt;ProfileDescription&gt;&lt;/ProfileDescription&gt;</description><select idref="V-234565" selected="true" /><select idref="V-234567" selected="true" /><select idref="V-234569" selected="true" /></Profile><Profile id="MAC-2_Public"><title>II - Mission Support Public</title><description>&lt;ProfileDescription&gt;&lt;/ProfileDescription&gt;</description><select idref="V-234565" selected="true" /><select idref="V-234567" selected="true" /><select idref="V-234569" selected="true" /></Profile><Profile id="MAC-2_Sensitive"><title>II - Mission Support Sensitive</title><description>&lt;ProfileDescription&gt;&lt;/ProfileDescription&gt;</description><select idref="V-234565" selected="true" /><select idref="V-234567" selected="true" /><select idref="V-234569" selected="true" /></Profile><Profile id="MAC-3_Classified"><title>III - Administrative Classified</title><description>&lt;ProfileDescription&gt;&lt;/ProfileDescription&gt;</description><select idref="V-234565" selected="true" /><select idref="V-234567" selected="true" /><select idref="V-234569" selected="true" /></Profile><Profile id="MAC-3_Public"><title>III - Administrative Public</title><description>&lt;ProfileDescription&gt;&lt;/ProfileDescription&gt;</description><select idref="V-234565" selected="true" /><select idref="V-234567" selected="true" /><select idref="V-234569" selected="true" /></Profile><Profile id="MAC-3_Sensitive"><title>III - Administrative Sensitive</title><description>&lt;ProfileDescription&gt;&lt;/ProfileDescription&gt;</description><select idref="V-234565" selected="true" /><select idref="V-234567" selected="true" /><select idref="V-234569" selected="true" /></Profile><Group id="V-234565"><title>SRG-APP-000014</title><description>&lt;GroupDescription&gt;&lt;/GroupDescription&gt;</description><Rule id="SV-234565r810853_rule" weight="10.0" severity="high"><version>CVAD-DC-000030</version><title>Citrix Delivery Controller must implement DoD-approved encryption.</title><description>&lt;VulnDiscussion&gt;Without confidentiality protection mechanisms, unauthorized individuals may gain access to sensitive information via a remote access session. 

Remote access is access to DoD nonpublic information systems by an authorized user (or an information system) communicating through an external, non-organization-controlled network. Remote access methods include, for example, dial-up, broadband, and wireless. 
 
Encryption provides a means to secure the remote connection to prevent unauthorized access to the data traversing the remote access connection, thereby providing a degree of confidentiality. The encryption strength of mechanism is selected based on the security categorization of the information.

Satisfies: SRG-APP-000014, SRG-APP-000015, SRG-APP-000039, SRG-APP-000142, SRG-APP-000172, SRG-APP-000219, SRG-APP-000224, SRG-APP-000416, SRG-APP-000439, SRG-APP-000440, SRG-APP-000441, SRG-APP-000442, SRG-APP-000514&lt;/VulnDiscussion&gt;&lt;FalsePositives&gt;&lt;/FalsePositives&gt;&lt;FalseNegatives&gt;&lt;/FalseNegatives&gt;&lt;Documentable&gt;false&lt;/Documentable&gt;&lt;Mitigations&gt;&lt;/Mitigations&gt;&lt;SeverityOverrideGuidance&gt;&lt;/SeverityOverrideGuidance&gt;&lt;PotentialImpacts&gt;&lt;/PotentialImpacts&gt;&lt;ThirdPartyTools&gt;&lt;/ThirdPartyTools&gt;&lt;MitigationControl&gt;&lt;/MitigationControl&gt;&lt;Responsibility&gt;&lt;/Responsibility&gt;&lt;IAControls&gt;&lt;/IAControls&gt;</description><reference><dc:title>DPMS Target Citrix VAD 7.x Delivery Controller</dc:title><dc:publisher>DISA</dc:publisher><dc:type>DPMS Target</dc:type><dc:subject>Citrix VAD 7.x Delivery Controller</dc:subject><dc:identifier>5270</dc:identifier></reference><ident system="http://cyber.mil/cci">CCI-000068</ident><ident system="http://cyber.mil/cci">CCI-000197</ident><ident system="http://cyber.mil/cci">CCI-000382</ident><ident system="http://cyber.mil/cci">CCI-001184</ident><ident system="http://cyber.mil/cci">CCI-001188</ident><ident system="http://cyber.mil/cci">CCI-001414</ident><ident system="http://cyber.mil/cci">CCI-001453</ident><ident system="http://cyber.mil/cci">CCI-002418</ident><ident system="http://cyber.mil/cci">CCI-002420</ident><ident system="http://cyber.mil/cci">CCI-002421</ident><ident system="http://cyber.mil/cci">CCI-002422</ident><ident system="http://cyber.mil/cci">CCI-002450</ident><fixtext fixref="F-37715r810852_fix">Obtain and install root certificate(s) for server certificates installed on VDAs, SQL Server(s), Storefront, and VM Host (VMware VCenter, Hyper-V, XenServer).

To install a TLS server certificate on the Delivery Controller without IIS:
1. Log on to each Delivery Controller with a domain account that has Administrator rights.
2. Obtain a TLS server certificate and install it on the Delivery Controller, and assign it to a port using netsh, using Microsoft server instructions.
3. Configure the Delivery Controller with the certificate.

To install a TLS server certificate on the Delivery Controller with IIS:
1. Add the server certificate per the Microsoft server instructions.
2. From IIS Manager, select the IIS site on which HTTPS will be enabled and select "Bindings" under "Edit Site".
3. Click "Add", select "Type" as https, and port number as "443". Select the SSL Certificate that was installed and click "OK".

To configure the Delivery Controller to use the no configured TLS port:
1. Change the XML TLS service port use the following command:
BrokerService –WiSslPort &lt;port number&gt;
2. Open the Registry Editor on the CVAD Controller and find the following key name:
HKEY_LOCAL_MACHINE\SOFTWARE\Citrix\DesktopServer
3. Verify that the "XmlServicesSslPort" DWORD value exists with the correct value for SSL port. By default, it is set to "443". If it does not exist, add it.
4. Verify that the "XmlServicesEnableSsl" DWORD value exists and is set to "1". If it does not exist, add it.
5. Reboot the Delivery Controller to ensure all changes take effect.

Perform the following only after ensuring all references to the Delivery Controllers on StoreFront servers and gateway proxy devices are set to use https and working. This includes STA references. Now disable non-TLS communication with the XML port.
1. Open the Registry Editor on the CVAD Controller and find the following key name:
HKEY_LOCAL_MACHINE\SOFTWARE\Citrix\DesktopServer
2. Add the DWORD value "XmlServicesEnableNonSsl" and set it to "1".
3. Reboot the Delivery Controller.

If XmlServicesEnableSsl is not set to "1", this is a finding.

Notes:
If the XML service port number on the Delivery Controller needs to be changed, update the IIS port number as well under "Bindings" to match the new value.

To change the default VDA registration port:
1. Log on to the Delivery Controller server with a domain account that has Administrator rights.
2. Open the command prompt window and type these commands:
%SystemDrive%
Cd %ProgramFiles%\Citrix\Broker\Service
BrokerService.exe –VDAport 8888
3. Launch Server Manager from the Start menu.
4. In the Server Manager, go to the "Local Server" properties window and edit the "Windows Firewall" setting. Click "Advanced Settings".
5. Click "Inbound Rules".
6. Create a new inbound rule with the following settings:
a) In the Rule type screen, click "Port". Click "Next".
b) In the Protocol and Ports screen, select "Specific local ports" and type "8888". Click "Next".
c) In the Action screen, accept the default value "Allow the connection" and click "Next".
d) In the Profile screen, accept the default values and click "Next".
e) In the Name screen, type a name for the rule (example: Citrix VDA Registration Port) and click "Finish".

To configure the SSL Cipher Suite Order Group Policy setting manually, follow these steps:
1. At a command prompt, enter "gpedit.msc", and press "Enter". The Local Group Policy Editor is displayed.
2. Go to Computer Configuration &gt;&gt; Administrative Templates &gt;&gt; Network &gt;&gt; SSL Configuration Settings.
3. Under SSL Configuration Settings, select "SSL Cipher Suite Order".
4. In the SSL Cipher Suite Order pane, scroll to the bottom. Follow the instructions that are labeled "How to modify this setting".</fixtext><fix id="F-37715r810852_fix" /><check system="C-37750r615785_chk"><check-content-ref href="Citrix_VAD_7.x_Delivery_Controller_STIG.xml" name="M" /><check-content>Enforcement is via TLS encryption. To verify, open the Registry Editor on each Delivery Controller and find the following key name: HKEY_LOCAL_MACHINE\SOFTWARE\Citrix\DesktopServer 

1. Verify that the XmlServicesSslPort registry key exists with the correct value for SSL port. By default, it is set to "443".
2. Verify XmlServicesEnableNonSsl is set to "0".
3. Verify the corresponding registry value to ignore HTTPS traffic, XmlServicesEnableSsl, is not set to "0".

If "XmlServicesSslPort" is not set to the desired port, this is a finding.

If "XmlServicesEnableNonSsl" is not set to "0", this is a finding.

If XmlServicesEnableSsl is not set to "1", this is a finding.

To verify the FIPS Cipher Suites used:
1. From the Group Policy Management Console, go to Computer Configuration &gt;&gt; Administrative Templates &gt;&gt; Networks &gt;&gt; SSL Configuration Settings.
2. Double-click "SSL Cipher Suite Order" and verify the "Enabled" option is checked. 
3. Verify the correct Cipher Suites are listed in the correct order per current DoD guidelines.

If the "Enabled" option is not checked or the correct Cipher Suites are not listed in the correct order per current DoD guidelines, this is a finding.</check-content></check></Rule></Group><Group id="V-234567"><title>SRG-APP-000141</title><description>&lt;GroupDescription&gt;&lt;/GroupDescription&gt;</description><Rule id="SV-234567r615790_rule" weight="10.0" severity="medium"><version>CVAD-DC-000270</version><title>Citrix Delivery Controller must be configured to disable non-essential capabilities.</title><description>&lt;VulnDiscussion&gt;It is detrimental for applications to provide or install by default functionality exceeding requirements or mission objectives. These unnecessary capabilities or services are often overlooked and therefore may remain unsecured. They increase the risk to the platform by providing additional attack vectors.

Applications are capable of providing a wide variety of functions and services. Some of the functions and services provided by default may not be necessary to support essential organizational operations (e.g., key missions, functions). 

Examples of non-essential capabilities include but are not limited to advertising software or browser plug-ins not related to requirements or providing a wide array of functionality not required for every mission but that cannot be disabled.&lt;/VulnDiscussion&gt;&lt;FalsePositives&gt;&lt;/FalsePositives&gt;&lt;FalseNegatives&gt;&lt;/FalseNegatives&gt;&lt;Documentable&gt;false&lt;/Documentable&gt;&lt;Mitigations&gt;&lt;/Mitigations&gt;&lt;SeverityOverrideGuidance&gt;&lt;/SeverityOverrideGuidance&gt;&lt;PotentialImpacts&gt;&lt;/PotentialImpacts&gt;&lt;ThirdPartyTools&gt;&lt;/ThirdPartyTools&gt;&lt;MitigationControl&gt;&lt;/MitigationControl&gt;&lt;Responsibility&gt;&lt;/Responsibility&gt;&lt;IAControls&gt;&lt;/IAControls&gt;</description><reference><dc:title>DPMS Target Citrix VAD 7.x Delivery Controller</dc:title><dc:publisher>DISA</dc:publisher><dc:type>DPMS Target</dc:type><dc:subject>Citrix VAD 7.x Delivery Controller</dc:subject><dc:identifier>5270</dc:identifier></reference><ident system="http://cyber.mil/cci">CCI-000381</ident><fixtext fixref="F-37717r615789_fix">To disable Citrix CEIP - Phone Home:
1. Launch Studio.
2. Select "Configuration" in the left navigation pane.
3. Select the Support tab.
4. Follow the prompts to end participation in CEIP.

This prevents automatic upload of installation experience metrics that are collected locally during installation.
VADServerStartup.exe /components "CONTROLLER,DESKTOPSTUDIO"
/disableexperiencemetrics /exclude "Smart Tools Agent" /nosql
/quiet /verboselog /noreboot</fixtext><fix id="F-37717r615789_fix" /><check system="C-37752r615788_chk"><check-content-ref href="Citrix_VAD_7.x_Delivery_Controller_STIG.xml" name="M" /><check-content>Verify Citrix Customer Experience Improvement Program (CEIP) - PHONE HOME is disabled on Delivery Controller.

1. Launch Studio.
2. Select "Configuration" in the left navigation pane.
3. Select the Support tab.
4. Verify CEIP is disabled.

If CEIP is not disabled, this is a finding.</check-content></check></Rule></Group><Group id="V-234569"><title>SRG-APP-000516</title><description>&lt;GroupDescription&gt;&lt;/GroupDescription&gt;</description><Rule id="SV-234569r615793_rule" weight="10.0" severity="medium"><version>CVAD-DC-001235</version><title>Citrix Delivery Controller must be configured in accordance with the security configuration settings based on DoD security configuration or implementation guidance, including STIGs, NSA configuration guides, CTOs, and DTMs.</title><description>&lt;VulnDiscussion&gt;Configuring the application to implement organization-wide security implementation guides and security checklists ensures compliance with federal standards and establishes a common security baseline across DoD that reflects the most restrictive security posture consistent with operational requirements. 

Configuration settings are the set of parameters that can be changed that affects the security posture and/or functionality of the system. Security-related parameters are parameters impacting the security state of the application, including the parameters required to satisfy other security control requirements.&lt;/VulnDiscussion&gt;&lt;FalsePositives&gt;&lt;/FalsePositives&gt;&lt;FalseNegatives&gt;&lt;/FalseNegatives&gt;&lt;Documentable&gt;false&lt;/Documentable&gt;&lt;Mitigations&gt;&lt;/Mitigations&gt;&lt;SeverityOverrideGuidance&gt;&lt;/SeverityOverrideGuidance&gt;&lt;PotentialImpacts&gt;&lt;/PotentialImpacts&gt;&lt;ThirdPartyTools&gt;&lt;/ThirdPartyTools&gt;&lt;MitigationControl&gt;&lt;/MitigationControl&gt;&lt;Responsibility&gt;&lt;/Responsibility&gt;&lt;IAControls&gt;&lt;/IAControls&gt;</description><reference><dc:title>DPMS Target Citrix VAD 7.x Delivery Controller</dc:title><dc:publisher>DISA</dc:publisher><dc:type>DPMS Target</dc:type><dc:subject>Citrix VAD 7.x Delivery Controller</dc:subject><dc:identifier>5270</dc:identifier></reference><ident system="http://cyber.mil/cci">CCI-000366</ident><fixtext fixref="F-37719r615792_fix">To ensure that Citrix Delivery Controller and all other infrastructure server components are installable and manageable by authorized administrative accounts, the following policies must be modified:

Go to Computer Configuration Policies &gt;&gt; Windows Settings &gt;&gt; Security Settings &gt;&gt; Local Policies/User Rights Assignment.
1. Edit "Allow log on locally".
2. Edit "Shut down the system".
3. Change both settings to the global security group name containing the XenApp or CVAD administrators.</fixtext><fix id="F-37719r615792_fix" /><check system="C-37754r615791_chk"><check-content-ref href="Citrix_VAD_7.x_Delivery_Controller_STIG.xml" name="M" /><check-content>To verify that Citrix Delivery Controller and all other infrastructure server components are installable and manageable by authorized administrative accounts, the following policies must be modified:

Go to Computer Configuration Policies &gt;&gt; Windows Settings &gt;&gt; Security Settings &gt;&gt; Local Policies/User Rights Assignment.

Verify policy settings "Allow log on locally" and "Shut down the system" are both set to the global security group name containing the XenApp or CVAD administrators.

If they are not, this is a finding.</check-content></check></Rule></Group></Benchmark>