<?xml version="1.0" encoding="utf-8"?><?xml-stylesheet type='text/xsl' href='STIG_unclass.xsl'?><Benchmark xmlns:dsig="http://www.w3.org/2000/09/xmldsig#" xmlns:xsi="http://www.w3.org/2001/XMLSchema-instance" xmlns:cpe="http://cpe.mitre.org/language/2.0" xmlns:xhtml="http://www.w3.org/1999/xhtml" xmlns:dc="http://purl.org/dc/elements/1.1/" id="Microsoft_Access_2010" xml:lang="en" xsi:schemaLocation="http://checklists.nist.gov/xccdf/1.1 http://nvd.nist.gov/schema/xccdf-1.1.4.xsd http://cpe.mitre.org/dictionary/2.0 http://cpe.mitre.org/files/cpe-dictionary_2.1.xsd" xmlns="http://checklists.nist.gov/xccdf/1.1"><status date="2018-04-03">accepted</status><title>Microsoft Access 2010</title><description>Settings in this guidance assume a complete installation of Microsoft Office 2010 on the Windows 7 Platform.  Registry paths and values identified in each control assume the use of Group Policy Administrative Templates.  Installations not using Group Policies to administer Microsoft Office products may observe alternate registry paths for stored configuration values. Comments or proposed revisions to this document should be sent via e-mail to the following address: disa.stig_spt@mail.mil.</description><notice id="terms-of-use" xml:lang="en"></notice><reference href="http://iase.disa.mil"><dc:publisher>DISA</dc:publisher><dc:source>STIG.DOD.MIL</dc:source></reference><plain-text id="release-info">Release: 10 Benchmark Date: 27 Apr 2018</plain-text><version>1</version><Profile id="MAC-1_Classified"><title>I - Mission Critical Classified</title><description>&lt;ProfileDescription&gt;&lt;/ProfileDescription&gt;</description><select idref="V-17173" selected="true" /><select idref="V-17174" selected="true" /><select idref="V-17175" selected="true" /><select idref="V-17183" selected="true" /><select idref="V-17184" selected="true" /><select idref="V-17187" selected="true" /><select idref="V-17545" selected="true" /><select idref="V-17584" selected="true" /><select idref="V-17603" selected="true" /><select idref="V-17757" selected="true" /><select idref="V-17810" selected="true" /><select idref="V-26584" selected="true" /><select idref="V-26585" selected="true" /><select idref="V-26586" selected="true" /><select idref="V-26587" selected="true" /><select idref="V-26588" selected="true" /><select idref="V-26589" selected="true" /><select idref="V-26590" selected="true" /></Profile><Profile id="MAC-1_Public"><title>I - Mission Critical Public</title><description>&lt;ProfileDescription&gt;&lt;/ProfileDescription&gt;</description><select idref="V-17173" selected="true" /><select idref="V-17174" selected="true" /><select idref="V-17175" selected="true" /><select idref="V-17183" selected="true" /><select idref="V-17184" selected="true" /><select idref="V-17187" selected="true" /><select idref="V-17545" selected="true" /><select idref="V-17584" selected="true" /><select idref="V-17603" selected="true" /><select idref="V-17757" selected="true" /><select idref="V-17810" selected="true" /><select idref="V-26584" selected="true" /><select idref="V-26585" selected="true" /><select idref="V-26586" selected="true" /><select idref="V-26587" selected="true" /><select idref="V-26588" selected="true" /><select idref="V-26589" selected="true" /><select idref="V-26590" selected="true" /></Profile><Profile id="MAC-1_Sensitive"><title>I - Mission Critical Sensitive</title><description>&lt;ProfileDescription&gt;&lt;/ProfileDescription&gt;</description><select idref="V-17173" selected="true" /><select idref="V-17174" selected="true" /><select idref="V-17175" selected="true" /><select idref="V-17183" selected="true" /><select idref="V-17184" selected="true" /><select idref="V-17187" selected="true" /><select idref="V-17545" selected="true" /><select idref="V-17584" selected="true" /><select idref="V-17603" selected="true" /><select idref="V-17757" selected="true" /><select idref="V-17810" selected="true" /><select idref="V-26584" selected="true" /><select idref="V-26585" selected="true" /><select idref="V-26586" selected="true" /><select idref="V-26587" selected="true" /><select idref="V-26588" selected="true" /><select idref="V-26589" selected="true" /><select idref="V-26590" selected="true" /></Profile><Profile id="MAC-2_Classified"><title>II - Mission Support Classified</title><description>&lt;ProfileDescription&gt;&lt;/ProfileDescription&gt;</description><select idref="V-17173" selected="true" /><select idref="V-17174" selected="true" /><select idref="V-17175" selected="true" /><select idref="V-17183" selected="true" /><select idref="V-17184" selected="true" /><select idref="V-17187" selected="true" /><select idref="V-17545" selected="true" /><select idref="V-17584" selected="true" /><select idref="V-17603" selected="true" /><select idref="V-17757" selected="true" /><select idref="V-17810" selected="true" /><select idref="V-26584" selected="true" /><select idref="V-26585" selected="true" /><select idref="V-26586" selected="true" /><select idref="V-26587" selected="true" /><select idref="V-26588" selected="true" /><select idref="V-26589" selected="true" /><select idref="V-26590" selected="true" /></Profile><Profile id="MAC-2_Public"><title>II - Mission Support Public</title><description>&lt;ProfileDescription&gt;&lt;/ProfileDescription&gt;</description><select idref="V-17173" selected="true" /><select idref="V-17174" selected="true" /><select idref="V-17175" selected="true" /><select idref="V-17183" selected="true" /><select idref="V-17184" selected="true" /><select idref="V-17187" selected="true" /><select idref="V-17545" selected="true" /><select idref="V-17584" selected="true" /><select idref="V-17603" selected="true" /><select idref="V-17757" selected="true" /><select idref="V-17810" selected="true" /><select idref="V-26584" selected="true" /><select idref="V-26585" selected="true" /><select idref="V-26586" selected="true" /><select idref="V-26587" selected="true" /><select idref="V-26588" selected="true" /><select idref="V-26589" selected="true" /><select idref="V-26590" selected="true" /></Profile><Profile id="MAC-2_Sensitive"><title>II - Mission Support Sensitive</title><description>&lt;ProfileDescription&gt;&lt;/ProfileDescription&gt;</description><select idref="V-17173" selected="true" /><select idref="V-17174" selected="true" /><select idref="V-17175" selected="true" /><select idref="V-17183" selected="true" /><select idref="V-17184" selected="true" /><select idref="V-17187" selected="true" /><select idref="V-17545" selected="true" /><select idref="V-17584" selected="true" /><select idref="V-17603" selected="true" /><select idref="V-17757" selected="true" /><select idref="V-17810" selected="true" /><select idref="V-26584" selected="true" /><select idref="V-26585" selected="true" /><select idref="V-26586" selected="true" /><select idref="V-26587" selected="true" /><select idref="V-26588" selected="true" /><select idref="V-26589" selected="true" /><select idref="V-26590" selected="true" /></Profile><Profile id="MAC-3_Classified"><title>III - Administrative Classified</title><description>&lt;ProfileDescription&gt;&lt;/ProfileDescription&gt;</description><select idref="V-17173" selected="true" /><select idref="V-17174" selected="true" /><select idref="V-17175" selected="true" /><select idref="V-17183" selected="true" /><select idref="V-17184" selected="true" /><select idref="V-17187" selected="true" /><select idref="V-17545" selected="true" /><select idref="V-17584" selected="true" /><select idref="V-17603" selected="true" /><select idref="V-17757" selected="true" /><select idref="V-17810" selected="true" /><select idref="V-26584" selected="true" /><select idref="V-26585" selected="true" /><select idref="V-26586" selected="true" /><select idref="V-26587" selected="true" /><select idref="V-26588" selected="true" /><select idref="V-26589" selected="true" /><select idref="V-26590" selected="true" /></Profile><Profile id="MAC-3_Public"><title>III - Administrative Public</title><description>&lt;ProfileDescription&gt;&lt;/ProfileDescription&gt;</description><select idref="V-17173" selected="true" /><select idref="V-17174" selected="true" /><select idref="V-17175" selected="true" /><select idref="V-17183" selected="true" /><select idref="V-17184" selected="true" /><select idref="V-17187" selected="true" /><select idref="V-17545" selected="true" /><select idref="V-17584" selected="true" /><select idref="V-17603" selected="true" /><select idref="V-17757" selected="true" /><select idref="V-17810" selected="true" /><select idref="V-26584" selected="true" /><select idref="V-26585" selected="true" /><select idref="V-26586" selected="true" /><select idref="V-26587" selected="true" /><select idref="V-26588" selected="true" /><select idref="V-26589" selected="true" /><select idref="V-26590" selected="true" /></Profile><Profile id="MAC-3_Sensitive"><title>III - Administrative Sensitive</title><description>&lt;ProfileDescription&gt;&lt;/ProfileDescription&gt;</description><select idref="V-17173" selected="true" /><select idref="V-17174" selected="true" /><select idref="V-17175" selected="true" /><select idref="V-17183" selected="true" /><select idref="V-17184" selected="true" /><select idref="V-17187" selected="true" /><select idref="V-17545" selected="true" /><select idref="V-17584" selected="true" /><select idref="V-17603" selected="true" /><select idref="V-17757" selected="true" /><select idref="V-17810" selected="true" /><select idref="V-26584" selected="true" /><select idref="V-26585" selected="true" /><select idref="V-26586" selected="true" /><select idref="V-26587" selected="true" /><select idref="V-26588" selected="true" /><select idref="V-26589" selected="true" /><select idref="V-26590" selected="true" /></Profile><Group id="V-17173"><title>DTOO104 - Disable user name and password</title><description>&lt;GroupDescription&gt;&lt;/GroupDescription&gt;</description><Rule id="SV-33401r1_rule" severity="medium" weight="10.0"><version>DTOO104 - Access</version><title>Disabling of user name and password syntax from being used in URLs must be enforced.</title><description>&lt;VulnDiscussion&gt;The Uniform Resource Locator (URL) standard allows user authentication to be included in URL strings in the form http://username:password@example.com. A malicious user might use this URL syntax to create a hyperlink that appears to open a legitimate Web site but actually opens a deceptive (spoofed) Web site. For example, the URL http://www.wingtiptoys.com@example.com appears to open http://www.wingtiptoys.com but actually opens http://example.com. To protect users from such attacks, Internet Explorer usually blocks any URLs using this syntax.

This functionality can be controlled separately for instances of Internet Explorer spawned by Office applications (for example, if a user clicks a link in an Office document or selects a menu option that loads a Web page). If user names and passwords in URLs are allowed, users could be diverted to dangerous Web pages, which could pose a security risk.
&lt;/VulnDiscussion&gt;&lt;FalsePositives&gt;&lt;/FalsePositives&gt;&lt;FalseNegatives&gt;&lt;/FalseNegatives&gt;&lt;Documentable&gt;false&lt;/Documentable&gt;&lt;Mitigations&gt;&lt;/Mitigations&gt;&lt;SeverityOverrideGuidance&gt;&lt;/SeverityOverrideGuidance&gt;&lt;PotentialImpacts&gt;&lt;/PotentialImpacts&gt;&lt;ThirdPartyTools&gt;&lt;/ThirdPartyTools&gt;&lt;MitigationControl&gt;&lt;/MitigationControl&gt;&lt;Responsibility&gt;System Administrator&lt;/Responsibility&gt;&lt;Responsibility&gt;Information Assurance Officer&lt;/Responsibility&gt;&lt;IAControls&gt;&lt;/IAControls&gt;</description><reference><dc:title>DPMS Target Microsoft Access 2010</dc:title><dc:publisher>DISA</dc:publisher><dc:type>DPMS Target</dc:type><dc:subject>Microsoft Access 2010</dc:subject><dc:identifier>2020</dc:identifier></reference><ident system="http://iase.disa.mil/cci">CCI-001170</ident><fixtext fixref="F-29573r1_fix">Set the policy value for Computer Configuration -&gt; Administrative Templates -&gt; Microsoft Office 2010 (Machine) -&gt; Security Settings -&gt; IE Security “Disable user name and password” to “Enabled” and place a check in the ‘msaccess.exe’ check box.

</fixtext><fix id="F-29573r1_fix" /><check system="C-33884r1_chk"><check-content-ref name="M" href="DPMS_XCCDF_Benchmark_Microsoft Access 2010.xml" /><check-content>The policy value for Computer Configuration -&gt; Administrative Templates -&gt; Microsoft Office 2010 (Machine) -&gt; Security Settings -&gt; IE Security “Disable user name and password” must be “Enabled” and a check in the ‘msaccess.exe’ check box must be present.

Procedure: Use the Windows Registry Editor to navigate to the following key:
HKLM\Software\Microsoft\Internet Explorer\Main\FeatureControl\FEATURE_HTTP_USERNAME_PASSWORD_DISABLE

Criteria: If the value msaccess.exe is REG_DWORD = 1, this is not a finding.
</check-content></check></Rule></Group><Group id="V-17174"><title>DTOO111 - Enable IE Bind to Object </title><description>&lt;GroupDescription&gt;&lt;/GroupDescription&gt;</description><Rule id="SV-33387r1_rule" severity="medium" weight="10.0"><version>DTOO111 - Access</version><title>Enabling IE Bind to Object functionality must be present.</title><description>&lt;VulnDiscussion&gt;Internet Explorer performs a number of safety checks before initializing an ActiveX control. It will not initialize a control if the kill bit for the control is set in the registry, or if the security settings for the zone in which the control is located do not allow it to be initialized.
This functionality can be controlled separately for instances of Internet Explorer spawned by Office applications (for example, if a user clicks a link in an Office document or selects a menu option that loads a Web page). A security risk could occur if potentially dangerous controls are allowed to load.
&lt;/VulnDiscussion&gt;&lt;FalsePositives&gt;&lt;/FalsePositives&gt;&lt;FalseNegatives&gt;&lt;/FalseNegatives&gt;&lt;Documentable&gt;false&lt;/Documentable&gt;&lt;Mitigations&gt;&lt;/Mitigations&gt;&lt;SeverityOverrideGuidance&gt;&lt;/SeverityOverrideGuidance&gt;&lt;PotentialImpacts&gt;&lt;/PotentialImpacts&gt;&lt;ThirdPartyTools&gt;&lt;/ThirdPartyTools&gt;&lt;MitigationControl&gt;&lt;/MitigationControl&gt;&lt;Responsibility&gt;System Administrator&lt;/Responsibility&gt;&lt;Responsibility&gt;Information Assurance Officer&lt;/Responsibility&gt;&lt;IAControls&gt;&lt;/IAControls&gt;</description><reference><dc:title>DPMS Target Microsoft Access 2010</dc:title><dc:publisher>DISA</dc:publisher><dc:type>DPMS Target</dc:type><dc:subject>Microsoft Access 2010</dc:subject><dc:identifier>2020</dc:identifier></reference><ident system="http://iase.disa.mil/cci">CCI-001695</ident><fixtext fixref="F-29559r1_fix">Set the policy value for Computer Configuration -&gt; Administrative Templates -&gt; Microsoft Office 2010 (Machine) -&gt; Security Settings -&gt; IE Security “Bind to Object” to “Enabled” and place a check in the ‘msaccess.exe’ check box.</fixtext><fix id="F-29559r1_fix" /><check system="C-33870r1_chk"><check-content-ref name="M" href="DPMS_XCCDF_Benchmark_Microsoft Access 2010.xml" /><check-content>The policy value for Computer Configuration -&gt; Administrative Templates -&gt; Microsoft Office 2010 (Machine) -&gt; Security Settings -&gt; IE Security “Bind to Object”   must be “Enabled” and a check in the ‘msaccess.exe’ check box must be present.

Procedure: Use the Windows Registry Editor to navigate to the following key: 

HKLM\Software\Microsoft\Internet Explorer\Main\FeatureControl\FEATURE_SAFE_BINDTOOBJECT

Criteria: If the value msaccess.exe is REG_DWORD = 1, this is not a finding.
</check-content></check></Rule></Group><Group id="V-17175"><title>DTOO117 - Saved from URL</title><description>&lt;GroupDescription&gt;&lt;/GroupDescription&gt;</description><Rule id="SV-33420r1_rule" severity="medium" weight="10.0"><version>DTOO117 - Access</version><title>Saved from URL mark to assure Internet zone processing must be enforced.</title><description>&lt;VulnDiscussion&gt;Typically, when Internet Explorer loads a Web page from a Universal Naming Convention (UNC) share that contains a Mark of the Web (MOTW) comment, indicating the page was saved from a site on the Internet, Internet Explorer runs the page in the Internet security zone instead of the less restrictive Local Intranet security zone. This functionality can be controlled separately for instances of Internet Explorer spawned by Office applications (for example, if a user clicks a link in an Office document or selects a menu option that loads a Web page). If Internet Explorer does not evaluate the page for a MOTW, potentially dangerous code could be allowed to run.&lt;/VulnDiscussion&gt;&lt;FalsePositives&gt;&lt;/FalsePositives&gt;&lt;FalseNegatives&gt;&lt;/FalseNegatives&gt;&lt;Documentable&gt;false&lt;/Documentable&gt;&lt;Mitigations&gt;&lt;/Mitigations&gt;&lt;SeverityOverrideGuidance&gt;&lt;/SeverityOverrideGuidance&gt;&lt;PotentialImpacts&gt;&lt;/PotentialImpacts&gt;&lt;ThirdPartyTools&gt;&lt;/ThirdPartyTools&gt;&lt;MitigationControl&gt;&lt;/MitigationControl&gt;&lt;Responsibility&gt;System Administrator&lt;/Responsibility&gt;&lt;Responsibility&gt;Information Assurance Officer&lt;/Responsibility&gt;&lt;IAControls&gt;&lt;/IAControls&gt;</description><reference><dc:title>DPMS Target Microsoft Access 2010</dc:title><dc:publisher>DISA</dc:publisher><dc:type>DPMS Target</dc:type><dc:subject>Microsoft Access 2010</dc:subject><dc:identifier>2020</dc:identifier></reference><ident system="http://iase.disa.mil/cci">CCI-001170</ident><fixtext fixref="F-29592r1_fix">Set the policy value for Computer Configuration -&gt; Administrative Templates -&gt; Microsoft Office 2010 (Machine) -&gt; Security Settings -&gt; IE Security “Saved from URL” to “Enabled” and place a check in the ‘msaccess.exe’ check box.</fixtext><fix id="F-29592r1_fix" /><check system="C-33904r1_chk"><check-content-ref name="M" href="DPMS_XCCDF_Benchmark_Microsoft Access 2010.xml" /><check-content>The policy value for Computer Configuration -&gt; Administrative Templates -&gt; Microsoft Office 2010 (Machine) -&gt; Security Settings -&gt; IE Security “Saved from URL” must be “Enabled” and a check in the ‘msaccess.exe’ check box must be present.

Procedure: Use the Windows Registry Editor to navigate to the following key: 

HKLM\Software\Microsoft\Internet Explorer\Main\FeatureControl\FEATURE_UNC_SAVEDFILECHECK

Criteria: If the value msaccess.exe is REG_DWORD = 1, this is not a finding.

</check-content></check></Rule></Group><Group id="V-17183"><title>DTOO123-Block Navigation to URL from Office </title><description>&lt;GroupDescription&gt;&lt;/GroupDescription&gt;</description><Rule id="SV-33410r1_rule" severity="medium" weight="10.0"><version>DTOO123 - Access</version><title>Navigation to URL's embedded in Office products must be blocked.</title><description>&lt;VulnDiscussion&gt;To protect users from attacks, Internet Explorer usually does not attempt to load malformed URLs. This functionality can be controlled separately for instances of Internet Explorer spawned by Office applications (for example, if a user clicks a link in an Office document or selects a menu option that loads a Web page). If Internet Explorer attempts to load a malformed URL, a security risk could occur in some cases.&lt;/VulnDiscussion&gt;&lt;FalsePositives&gt;&lt;/FalsePositives&gt;&lt;FalseNegatives&gt;&lt;/FalseNegatives&gt;&lt;Documentable&gt;false&lt;/Documentable&gt;&lt;Mitigations&gt;&lt;/Mitigations&gt;&lt;SeverityOverrideGuidance&gt;&lt;/SeverityOverrideGuidance&gt;&lt;PotentialImpacts&gt;&lt;/PotentialImpacts&gt;&lt;ThirdPartyTools&gt;&lt;/ThirdPartyTools&gt;&lt;MitigationControl&gt;&lt;/MitigationControl&gt;&lt;Responsibility&gt;System Administrator&lt;/Responsibility&gt;&lt;Responsibility&gt;Information Assurance Officer&lt;/Responsibility&gt;&lt;IAControls&gt;&lt;/IAControls&gt;</description><reference><dc:title>DPMS Target Microsoft Access 2010</dc:title><dc:publisher>DISA</dc:publisher><dc:type>DPMS Target</dc:type><dc:subject>Microsoft Access 2010</dc:subject><dc:identifier>2020</dc:identifier></reference><ident system="http://iase.disa.mil/cci">CCI-001170</ident><fixtext fixref="F-29583r1_fix">Set the policy value for Computer Configuration -&gt; Administrative Templates -&gt; Microsoft Office 2010 (Machine) -&gt; Security Settings -&gt; IE Security “Navigate URL” to “Enabled” and place a check in the ‘msaccess.exe’ check box.
</fixtext><fix id="F-29583r1_fix" /><check system="C-33894r1_chk"><check-content-ref name="M" href="DPMS_XCCDF_Benchmark_Microsoft Access 2010.xml" /><check-content>The policy value for Computer Configuration -&gt; Administrative Templates -&gt; Microsoft Office 2010 (Machine) -&gt; Security Settings -&gt; IE Security “Navigate URL” must be “Enabled” and a check in the ‘msaccess.exe’ check box must be present.

Procedure: Use the Windows Registry Editor to navigate to the following key: 

HKLM\Software\Microsoft\Internet Explorer\Main\FeatureControl\FEATURE_VALIDATE_NAVIGATE_URL

Criteria: If the value msaccess.exe is REG_DWORD = 1, this is not a finding.
</check-content></check></Rule></Group><Group id="V-17184"><title>DTOO129 - Block Pop-Ups</title><description>&lt;GroupDescription&gt;&lt;/GroupDescription&gt;</description><Rule id="SV-33399r1_rule" severity="medium" weight="10.0"><version>DTOO129 - Access</version><title>Links that invoke instances of IE from within an Office product must be blocked.</title><description>&lt;VulnDiscussion&gt;The Pop-up Blocker feature in Internet Explorer can be used to block most unwanted pop-up and pop-under windows from appearing. This functionality can be controlled separately for instances of Internet Explorer spawned by Office applications (for example, if a user clicks a link in an Office document or selects a menu option that loads a Web page). If the Pop-up Blocker is disabled, disruptive and potentially dangerous pop-up windows could load and present a security risk.&lt;/VulnDiscussion&gt;&lt;FalsePositives&gt;&lt;/FalsePositives&gt;&lt;FalseNegatives&gt;&lt;/FalseNegatives&gt;&lt;Documentable&gt;false&lt;/Documentable&gt;&lt;Mitigations&gt;&lt;/Mitigations&gt;&lt;SeverityOverrideGuidance&gt;&lt;/SeverityOverrideGuidance&gt;&lt;PotentialImpacts&gt;&lt;/PotentialImpacts&gt;&lt;ThirdPartyTools&gt;&lt;/ThirdPartyTools&gt;&lt;MitigationControl&gt;&lt;/MitigationControl&gt;&lt;Responsibility&gt;System Administrator&lt;/Responsibility&gt;&lt;Responsibility&gt;Information Assurance Officer&lt;/Responsibility&gt;&lt;IAControls&gt;&lt;/IAControls&gt;</description><reference><dc:title>DPMS Target Microsoft Access 2010</dc:title><dc:publisher>DISA</dc:publisher><dc:type>DPMS Target</dc:type><dc:subject>Microsoft Access 2010</dc:subject><dc:identifier>2020</dc:identifier></reference><ident system="http://iase.disa.mil/cci">CCI-001662</ident><fixtext fixref="F-29571r1_fix">Set the policy value for Computer Configuration -&gt; Administrative Templates -&gt; Microsoft Office 2010 (Machine) -&gt; Security Settings -&gt; IE Security “Block popups” to “Enabled” and  select ‘msaccess.exe’.
</fixtext><fix id="F-29571r1_fix" /><check system="C-33882r1_chk"><check-content-ref name="M" href="DPMS_XCCDF_Benchmark_Microsoft Access 2010.xml" /><check-content>The policy value for Computer Configuration -&gt; Administrative Templates -&gt; Microsoft Office 2010 (Machine) -&gt; Security Settings -&gt; IE Security “Block popups” must be “Enabled” and ‘msaccess.exe’ is checked.

Procedure: Use the Windows Registry Editor to navigate to the following key: 

HKLM\Software\Microsoft\Internet Explorer\Main\FeatureControl\FEATURE_WEBOC_POPUPMANAGEMENT

Criteria: If the value msaccess.exe is REG_DWORD = 1, this is not a finding.
</check-content></check></Rule></Group><Group id="V-17187"><title>DTOO131 - Trust Bar Notifications</title><description>&lt;GroupDescription&gt;&lt;/GroupDescription&gt;</description><Rule id="SV-33422r1_rule" severity="medium" weight="10.0"><version>DTOO131 - Access</version><title>Trust Bar Notifications for unsigned application add-ins must be blocked.</title><description>&lt;VulnDiscussion&gt;If an application is configured to require all add-ins be signed by a trusted publisher, any unsigned add-ins the application loads will be disabled and the application will display the Trust Bar at the top of the active window. The Trust Bar contains a message informing users about the unsigned add-in.&lt;/VulnDiscussion&gt;&lt;FalsePositives&gt;&lt;/FalsePositives&gt;&lt;FalseNegatives&gt;&lt;/FalseNegatives&gt;&lt;Documentable&gt;false&lt;/Documentable&gt;&lt;Mitigations&gt;&lt;/Mitigations&gt;&lt;SeverityOverrideGuidance&gt;&lt;/SeverityOverrideGuidance&gt;&lt;PotentialImpacts&gt;&lt;/PotentialImpacts&gt;&lt;ThirdPartyTools&gt;&lt;/ThirdPartyTools&gt;&lt;MitigationControl&gt;&lt;/MitigationControl&gt;&lt;Responsibility&gt;System Administrator&lt;/Responsibility&gt;&lt;Responsibility&gt;Information Assurance Officer&lt;/Responsibility&gt;&lt;IAControls&gt;&lt;/IAControls&gt;</description><reference><dc:title>DPMS Target Microsoft Access 2010</dc:title><dc:publisher>DISA</dc:publisher><dc:type>DPMS Target</dc:type><dc:subject>Microsoft Access 2010</dc:subject><dc:identifier>2020</dc:identifier></reference><ident system="http://iase.disa.mil/cci">CCI-001749</ident><fixtext fixref="F-29594r1_fix">Set the policy value for User Configuration -&gt; Administrative Templates -&gt; Microsoft Access 2010 -&gt; Application Settings -&gt; Security -&gt; Trust Center “Disable Trust Bar Notification for unsigned application add-ins and block them” to “Enabled”.

</fixtext><fix id="F-29594r1_fix" /><check system="C-33905r1_chk"><check-content-ref name="M" href="DPMS_XCCDF_Benchmark_Microsoft Access 2010.xml" /><check-content>The policy value for User Configuration -&gt; Administrative Templates -&gt; Microsoft Access 2010 -&gt; Application Settings -&gt; Security -&gt; Trust Center “Disable Trust Bar Notification for unsigned application add-ins and block them” must be “Enabled”.

Procedure: Use the Windows Registry Editor to navigate to the following key: 

HKCU\Software\Policies\Microsoft\Office\14.0\access\security

Criteria: If the value NoTBPromptUnsignedAddin is REG_DWORD = 1, this is not a finding.

</check-content></check></Rule></Group><Group id="V-17545"><title>DTOO304 - VBA Macro Warning settings</title><description>&lt;GroupDescription&gt;&lt;/GroupDescription&gt;</description><Rule id="SV-33424r1_rule" severity="medium" weight="10.0"><version>DTOO304 - Access</version><title>Warning Bar settings for VBA macros must be configured.</title><description>&lt;VulnDiscussion&gt;When users open files containing VBA Macros, applications open the files with the macros disabled and displays the Trust Bar with a warning that macros are present and have been disabled. Users may then enable these macros by clicking Options on the Trust Bar and selecting the option to enable them. Disabling or not configuring this setting may allow dangerous macros to become active on user computers or the network. &lt;/VulnDiscussion&gt;&lt;FalsePositives&gt;&lt;/FalsePositives&gt;&lt;FalseNegatives&gt;&lt;/FalseNegatives&gt;&lt;Documentable&gt;false&lt;/Documentable&gt;&lt;Mitigations&gt;&lt;/Mitigations&gt;&lt;SeverityOverrideGuidance&gt;&lt;/SeverityOverrideGuidance&gt;&lt;PotentialImpacts&gt;&lt;/PotentialImpacts&gt;&lt;ThirdPartyTools&gt;&lt;/ThirdPartyTools&gt;&lt;MitigationControl&gt;&lt;/MitigationControl&gt;&lt;Responsibility&gt;System Administrator&lt;/Responsibility&gt;&lt;Responsibility&gt;Information Assurance Officer&lt;/Responsibility&gt;&lt;IAControls&gt;&lt;/IAControls&gt;</description><reference><dc:title>DPMS Target Microsoft Access 2010</dc:title><dc:publisher>DISA</dc:publisher><dc:type>DPMS Target</dc:type><dc:subject>Microsoft Access 2010</dc:subject><dc:identifier>2020</dc:identifier></reference><ident system="http://iase.disa.mil/cci">CCI-000381</ident><fixtext fixref="F-29596r1_fix">Set the policy value for User Configuration -&gt; Administrative Templates -&gt; Microsoft Access 2010 -&gt; Application Settings -&gt; Security -&gt; Trust Center “VBA Macro Warning Settings” to “Enabled (Disabled all with notifications)”. </fixtext><fix id="F-29596r1_fix" /><check system="C-33907r1_chk"><check-content-ref name="M" href="DPMS_XCCDF_Benchmark_Microsoft Access 2010.xml" /><check-content>The policy value for User Configuration -&gt; Administrative Templates -&gt; Microsoft Access 2010-&gt; Application Settings -&gt; Security -&gt; Trust Center “VBA Macro Notification Settings” must be “Enabled (Disabled all with notifications)”.

Procedure: Use the Windows Registry Editor to navigate to the following key: 

HKCU\Software\Policies\Microsoft\Office\14.0\access\security

Criteria: If the value VBAWarnings is REG_DWORD = 2, this is not a finding.
</check-content></check></Rule></Group><Group id="V-17584"><title>DTOO136 - Default file format </title><description>&lt;GroupDescription&gt;&lt;/GroupDescription&gt;</description><Rule id="SV-33430r1_rule" severity="medium" weight="10.0"><version>DTOO136 - Access</version><title>The Default file format must be set.</title><description>&lt;VulnDiscussion&gt;When users create new database files, Access saves them in the new Access format. Users can change this functionality by clicking the Office button, clicking Access Options, and then selecting a file format from the Default file format list.
If a new database is created in an inappropriate format, some users might be unable to open or use it.
&lt;/VulnDiscussion&gt;&lt;FalsePositives&gt;&lt;/FalsePositives&gt;&lt;FalseNegatives&gt;&lt;/FalseNegatives&gt;&lt;Documentable&gt;false&lt;/Documentable&gt;&lt;Mitigations&gt;&lt;/Mitigations&gt;&lt;SeverityOverrideGuidance&gt;&lt;/SeverityOverrideGuidance&gt;&lt;PotentialImpacts&gt;&lt;/PotentialImpacts&gt;&lt;ThirdPartyTools&gt;&lt;/ThirdPartyTools&gt;&lt;MitigationControl&gt;&lt;/MitigationControl&gt;&lt;Responsibility&gt;System Administrator&lt;/Responsibility&gt;&lt;Responsibility&gt;Information Assurance Officer&lt;/Responsibility&gt;&lt;IAControls&gt;&lt;/IAControls&gt;</description><reference><dc:title>DPMS Target Microsoft Access 2010</dc:title><dc:publisher>DISA</dc:publisher><dc:type>DPMS Target</dc:type><dc:subject>Microsoft Access 2010</dc:subject><dc:identifier>2020</dc:identifier></reference><ident system="http://iase.disa.mil/cci">CCI-000381</ident><fixtext fixref="F-29602r1_fix">Set the policy value for User Configuration -&gt; Administrative Templates -&gt; Microsoft Access 2010 -&gt; Miscellaneous “Default File Format” to “Enabled (Access 2007)”.   </fixtext><fix id="F-29602r1_fix" /><check system="C-33913r1_chk"><check-content-ref name="M" href="DPMS_XCCDF_Benchmark_Microsoft Access 2010.xml" /><check-content>The policy value for User Configuration -&gt; Administrative Templates -&gt; Microsoft Access 2010 -&gt; Miscellaneous “Default File Format” must be set to “Enabled (Access 2007)”.

Procedure: Use the Windows Registry Editor to navigate to the following key: 

HKCU\Software\Policies\Microsoft\Office\14.0\access\settings

Criteria: If the value Default File Format is REG_DWORD =  0x0000000c (hex) or 12 (Decimal), this is not a finding.
</check-content></check></Rule></Group><Group id="V-17603"><title>DTOO137 - Prompt / Convert Older Databases</title><description>&lt;GroupDescription&gt;&lt;/GroupDescription&gt;</description><Rule id="SV-33673r1_rule" severity="medium" weight="10.0"><version>DTOO137 - Access</version><title>Prompts to convert older databases must be enforced.</title><description>&lt;VulnDiscussion&gt;When users open databases that were created in the Access 97 file format, Access 2010 prompts them to convert the database to a newer file format.  Users can choose to convert the database or leave it in the older format.  Disabling this setting enforces Access 2010 to prompt the users, and is therefore unlikely to cause usability issues.&lt;/VulnDiscussion&gt;&lt;FalsePositives&gt;&lt;/FalsePositives&gt;&lt;FalseNegatives&gt;&lt;/FalseNegatives&gt;&lt;Documentable&gt;false&lt;/Documentable&gt;&lt;Mitigations&gt;&lt;/Mitigations&gt;&lt;SeverityOverrideGuidance&gt;&lt;/SeverityOverrideGuidance&gt;&lt;PotentialImpacts&gt;&lt;/PotentialImpacts&gt;&lt;ThirdPartyTools&gt;&lt;/ThirdPartyTools&gt;&lt;MitigationControl&gt;&lt;/MitigationControl&gt;&lt;Responsibility&gt;System Administrator&lt;/Responsibility&gt;&lt;Responsibility&gt;Information Assurance Officer&lt;/Responsibility&gt;&lt;IAControls&gt;&lt;/IAControls&gt;</description><reference><dc:title>DPMS Target Microsoft Access 2010</dc:title><dc:publisher>DISA</dc:publisher><dc:type>DPMS Target</dc:type><dc:subject>Microsoft Access 2010</dc:subject><dc:identifier>2020</dc:identifier></reference><ident system="http://iase.disa.mil/cci">CCI-000366</ident><fixtext fixref="F-29815r1_fix">Set the policy value for User Configuration -&gt; Administrative Templates -&gt; Microsoft Access 2010 -&gt; Miscellaneous “Do not prompt to convert older databases” to “Disabled”.
</fixtext><fix id="F-29815r1_fix" /><check system="C-34130r1_chk"><check-content-ref name="M" href="DPMS_XCCDF_Benchmark_Microsoft Access 2010.xml" /><check-content>The policy value for User Configuration -&gt; Administrative Templates -&gt; Microsoft Access 2010 -&gt; Miscellaneous “Do not prompt to convert older databases” must be “Disabled”.

Procedure: Use the Windows Registry Editor to navigate to the following key: 

HKCU\Software\Policies\Microsoft\Office\14.0\access\settings

Criteria: If the value NoConvertDialog is REG_DWORD = 0, this is not a finding.
</check-content></check></Rule></Group><Group id="V-17757"><title>DTOO135 - Modal Trust Decision Only</title><description>&lt;GroupDescription&gt;&lt;/GroupDescription&gt;</description><Rule id="SV-33433r1_rule" severity="medium" weight="10.0"><version>DTOO135 - Access</version><title>Database functionality configurations must be displayed to the user.</title><description>&lt;VulnDiscussion&gt;When users open an untrusted Access 2010 database that contains user-programmed executable components, Access opens the database with the components disabled and displays the Message Bar with a warning that database content has been disabled. Users can inspect the contents of the database, but cannot use any disabled functionality until they enable it by clicking Options on the Message Bar and selecting the appropriate action.
The default configuration can be changed so that users see a dialog box when they open an untrusted database with executable components. Users must then choose whether to enable or disable the components before working with the database. In these circumstances users frequently enable the components, even if they do not require them. Executable components can be used to launch an attack against a computer environment.
Disabling this setting enforces Access 2010 to display the action items, so is unlikely to cause usability issues. &lt;/VulnDiscussion&gt;&lt;FalsePositives&gt;&lt;/FalsePositives&gt;&lt;FalseNegatives&gt;&lt;/FalseNegatives&gt;&lt;Documentable&gt;false&lt;/Documentable&gt;&lt;Mitigations&gt;&lt;/Mitigations&gt;&lt;SeverityOverrideGuidance&gt;&lt;/SeverityOverrideGuidance&gt;&lt;PotentialImpacts&gt;&lt;/PotentialImpacts&gt;&lt;ThirdPartyTools&gt;&lt;/ThirdPartyTools&gt;&lt;MitigationControl&gt;&lt;/MitigationControl&gt;&lt;Responsibility&gt;System Administrator&lt;/Responsibility&gt;&lt;Responsibility&gt;Information Assurance Officer&lt;/Responsibility&gt;&lt;IAControls&gt;&lt;/IAControls&gt;</description><reference><dc:title>DPMS Target Microsoft Access 2010</dc:title><dc:publisher>DISA</dc:publisher><dc:type>DPMS Target</dc:type><dc:subject>Microsoft Access 2010</dc:subject><dc:identifier>2020</dc:identifier></reference><ident system="http://iase.disa.mil/cci">CCI-000381</ident><fixtext fixref="F-29605r1_fix">Set the policy value for User Configuration -&gt; Administrative Templates -&gt; Microsoft Access 2010 -&gt; Tools \ Security “Modal Trust Decision Only” to “Disabled”.
</fixtext><fix id="F-29605r1_fix" /><check system="C-33916r1_chk"><check-content-ref name="M" href="DPMS_XCCDF_Benchmark_Microsoft Access 2010.xml" /><check-content>The policy value for User Configuration -&gt; Administrative Templates -&gt; Microsoft Access 2010 -&gt; Tools \ Security “Modal Trust Decision Only” must be “Disabled”.

Procedure: Use the Windows Registry Editor to navigate to the following key: 

HKCU\Software\Policies\Microsoft\Office\14.0\access\security

Criteria: If the value ModalTrustDecisionOnly is REG_DWORD = 0, this is not a finding.
</check-content></check></Rule></Group><Group id="V-17810"><title>DTOO130 - Underline hyperlinks </title><description>&lt;GroupDescription&gt;&lt;/GroupDescription&gt;</description><Rule id="SV-33428r1_rule" severity="medium" weight="10.0"><version>DTOO130 - Access</version><title>Configuration for enabling of hyperlinks must be enforced.</title><description>&lt;VulnDiscussion&gt;Access underlines hyperlinks that appear in tables, queries, forms, and reports. If this configuration is changed, users might click on dangerous hyperlinks without realizing it, which could pose a security risk&lt;/VulnDiscussion&gt;&lt;FalsePositives&gt;&lt;/FalsePositives&gt;&lt;FalseNegatives&gt;&lt;/FalseNegatives&gt;&lt;Documentable&gt;false&lt;/Documentable&gt;&lt;Mitigations&gt;&lt;/Mitigations&gt;&lt;SeverityOverrideGuidance&gt;&lt;/SeverityOverrideGuidance&gt;&lt;PotentialImpacts&gt;&lt;/PotentialImpacts&gt;&lt;ThirdPartyTools&gt;&lt;/ThirdPartyTools&gt;&lt;MitigationControl&gt;&lt;/MitigationControl&gt;&lt;Responsibility&gt;System Administrator&lt;/Responsibility&gt;&lt;Responsibility&gt;Information Assurance Officer&lt;/Responsibility&gt;&lt;IAControls&gt;&lt;/IAControls&gt;</description><reference><dc:title>DPMS Target Microsoft Access 2010</dc:title><dc:publisher>DISA</dc:publisher><dc:type>DPMS Target</dc:type><dc:subject>Microsoft Access 2010</dc:subject><dc:identifier>2020</dc:identifier></reference><ident system="http://iase.disa.mil/cci">CCI-002460</ident><fixtext fixref="F-29600r1_fix">Set the policy value for User Configuration -&gt; Administrative Templates -&gt; Microsoft Access 2010 -&gt; Application Settings -&gt; Web Options... -&gt; General “Underline Hyperlinks” to “Enabled”.   </fixtext><fix id="F-29600r1_fix" /><check system="C-33911r1_chk"><check-content-ref name="M" href="DPMS_XCCDF_Benchmark_Microsoft Access 2010.xml" /><check-content>The policy value for User Configuration -&gt; Administrative Templates -&gt; Microsoft Access 2010-&gt; Application Settings -&gt; Web Options... -&gt; General “Underline Hyperlinks” must be “Enabled”.

Procedure: Use the Windows Registry Editor to navigate to the following key: 

HKCU\Software\Policies\Microsoft\Office\14.0\access\internet

Criteria: If the value DoNotUnderlineHyperlinks is REG_DWORD = 0, this is not a finding.
</check-content></check></Rule></Group><Group id="V-26584"><title>DTOO126 - Add-on Management</title><description>&lt;GroupDescription&gt;&lt;/GroupDescription&gt;</description><Rule id="SV-33781r1_rule" severity="medium" weight="10.0"><version>DTOO126 - Access</version><title>Add-on Management functionality must be allowed.
</title><description>&lt;VulnDiscussion&gt;Internet Explorer add-ons are pieces of code, run in Internet Explorer, to provide additional functionality. Rogue add-ons may contain viruses or other malicious code. Disabling or not configuring this setting could allow malicious code or users to become active on user computers or the network. For example, a malicious user can monitor and then use keystrokes users type into Internet Explorer. Even legitimate add-ons may demand resources, compromising the performance of Internet Explorer, and the operating systems for user computers.&lt;/VulnDiscussion&gt;&lt;FalsePositives&gt;&lt;/FalsePositives&gt;&lt;FalseNegatives&gt;&lt;/FalseNegatives&gt;&lt;Documentable&gt;false&lt;/Documentable&gt;&lt;Mitigations&gt;&lt;/Mitigations&gt;&lt;SeverityOverrideGuidance&gt;&lt;/SeverityOverrideGuidance&gt;&lt;PotentialImpacts&gt;&lt;/PotentialImpacts&gt;&lt;ThirdPartyTools&gt;&lt;/ThirdPartyTools&gt;&lt;MitigationControl&gt;&lt;/MitigationControl&gt;&lt;Responsibility&gt;System Administrator&lt;/Responsibility&gt;&lt;Responsibility&gt;Information Assurance Officer&lt;/Responsibility&gt;&lt;IAControls&gt;&lt;/IAControls&gt;</description><reference><dc:title>DPMS Target Microsoft Access 2010</dc:title><dc:publisher>DISA</dc:publisher><dc:type>DPMS Target</dc:type><dc:subject>Microsoft Access 2010</dc:subject><dc:identifier>2020</dc:identifier></reference><ident system="http://iase.disa.mil/cci">CCI-001662</ident><fixtext fixref="F-29846r1_fix">Set the policy value for Computer Configuration -&gt; Administrative Templates -&gt; Microsoft Office 2010 (Machine) -&gt; Security Settings -&gt; IE Security “Add-on Management” to “Enabled” and ‘msaccess.exe’ is checked. </fixtext><fix id="F-29846r1_fix" /><check system="C-34157r1_chk"><check-content-ref name="M" href="DPMS_XCCDF_Benchmark_Microsoft Access 2010.xml" /><check-content>The policy value for Computer Configuration -&gt; Administrative Templates -&gt; Microsoft Office 2010 (Machine) -&gt; Security Settings -&gt; IE Security “Add-on Management” must be set to “Enabled” and ‘msaccess.exe’ is checked.

Procedure: Use the Windows Registry Editor to navigate to the following key: 

HKLM\Software\Microsoft\Internet Explorer\Main\FeatureControl\FEATURE_ADDON_MANAGEMENT

Criteria: If the value msaccess.exe is REG_DWORD = 1, this is not a finding.
</check-content></check></Rule></Group><Group id="V-26585"><title>DTOO209 - Zone Elevation Protection</title><description>&lt;GroupDescription&gt;&lt;/GroupDescription&gt;</description><Rule id="SV-33788r1_rule" severity="medium" weight="10.0"><version>DTOO209 - Access</version><title>Protection from zone elevation must be enforced.</title><description>&lt;VulnDiscussion&gt;Internet Explorer places restrictions on each web page users can use the browser to open. Web pages on a user's local computer have the fewest security restrictions and reside in the Local Machine zone, making this security zone a prime target for malicious users and code. Disabling or not configuring this setting could allow pages in the Internet zone to navigate to pages in the Local Machine zone to then run code to elevate privileges. This could allow malicious code or users to become active on user computers or the network. &lt;/VulnDiscussion&gt;&lt;FalsePositives&gt;&lt;/FalsePositives&gt;&lt;FalseNegatives&gt;&lt;/FalseNegatives&gt;&lt;Documentable&gt;false&lt;/Documentable&gt;&lt;Mitigations&gt;&lt;/Mitigations&gt;&lt;SeverityOverrideGuidance&gt;&lt;/SeverityOverrideGuidance&gt;&lt;PotentialImpacts&gt;&lt;/PotentialImpacts&gt;&lt;ThirdPartyTools&gt;&lt;/ThirdPartyTools&gt;&lt;MitigationControl&gt;&lt;/MitigationControl&gt;&lt;Responsibility&gt;System Administrator&lt;/Responsibility&gt;&lt;Responsibility&gt;Information Assurance Officer&lt;/Responsibility&gt;&lt;IAControls&gt;&lt;/IAControls&gt;</description><reference><dc:title>DPMS Target Microsoft Access 2010</dc:title><dc:publisher>DISA</dc:publisher><dc:type>DPMS Target</dc:type><dc:subject>Microsoft Access 2010</dc:subject><dc:identifier>2020</dc:identifier></reference><ident system="http://iase.disa.mil/cci">CCI-001695</ident><fixtext fixref="F-29853r1_fix">Set the policy value for Computer Configuration -&gt; Administrative Templates -&gt; Microsoft Office 2010 (Machine) -&gt; Security Settings -&gt; IE Security “Protection From Zone Elevation” to “Enabled” and 'msaccess.exe' is checked. </fixtext><fix id="F-29853r1_fix" /><check system="C-34164r1_chk"><check-content-ref name="M" href="DPMS_XCCDF_Benchmark_Microsoft Access 2010.xml" /><check-content>The policy value for Computer Configuration -&gt; Administrative Templates -&gt; Microsoft Office 2010 (Machine) -&gt; Security Settings -&gt; IE Security “Protection From Zone Elevation” must be set to “Enabled” and 'msaccess.exe' is checked.

Procedure: Use the Windows Registry Editor to navigate to the following key: 

HKLM\Software\Microsoft\Internet Explorer\Main\FeatureControl\FEATURE_ZONE_ELEVATION

Criteria: If the value msaccess.exe is REG_DWORD = 1, this is not a finding.
</check-content></check></Rule></Group><Group id="V-26586"><title>DTOO211 - Restrict ActiveX Install</title><description>&lt;GroupDescription&gt;&lt;/GroupDescription&gt;</description><Rule id="SV-33792r1_rule" severity="medium" weight="10.0"><version>DTOO211 - Access</version><title>ActiveX Installs must be configured for proper restriction.</title><description>&lt;VulnDiscussion&gt;Microsoft ActiveX controls allow unmanaged, unprotected code to run on the user computers. ActiveX controls do not run within a protected container in the browser like the other types of HTML or Microsoft Silverlight-based controls. Disabling or not configuring this setting does not block prompts for ActiveX control installations and these prompts display to users. This could allow malicious code to become active on user computers or the network. &lt;/VulnDiscussion&gt;&lt;FalsePositives&gt;&lt;/FalsePositives&gt;&lt;FalseNegatives&gt;&lt;/FalseNegatives&gt;&lt;Documentable&gt;false&lt;/Documentable&gt;&lt;Mitigations&gt;&lt;/Mitigations&gt;&lt;SeverityOverrideGuidance&gt;&lt;/SeverityOverrideGuidance&gt;&lt;PotentialImpacts&gt;&lt;/PotentialImpacts&gt;&lt;ThirdPartyTools&gt;&lt;/ThirdPartyTools&gt;&lt;MitigationControl&gt;&lt;/MitigationControl&gt;&lt;Responsibility&gt;System Administrator&lt;/Responsibility&gt;&lt;Responsibility&gt;Information Assurance Officer&lt;/Responsibility&gt;&lt;IAControls&gt;&lt;/IAControls&gt;</description><reference><dc:title>DPMS Target Microsoft Access 2010</dc:title><dc:publisher>DISA</dc:publisher><dc:type>DPMS Target</dc:type><dc:subject>Microsoft Access 2010</dc:subject><dc:identifier>2020</dc:identifier></reference><ident system="http://iase.disa.mil/cci">CCI-002460</ident><fixtext fixref="F-29857r1_fix">Set the policy value for Computer Configuration -&gt; Administrative Templates -&gt; Microsoft Office 2010 (Machine) -&gt; Security Settings -&gt; IE Security “Restrict ActiveX Install” to “Enabled” and 'msaccess.exe' is checked.
</fixtext><fix id="F-29857r1_fix" /><check system="C-34168r1_chk"><check-content-ref name="M" href="DPMS_XCCDF_Benchmark_Microsoft Access 2010.xml" /><check-content>The policy value for Computer Configuration -&gt; Administrative Templates -&gt; Microsoft Office 2010 (Machine) -&gt; Security Settings -&gt; IE Security “Restrict ActiveX Install” must be set to “Enabled” and 'msaccess.exe' is checked.

Procedure: Use the Windows Registry Editor to navigate to the following key: 

HKLM\Software\Microsoft\Internet Explorer\Main\FeatureControl\FEATURE_RESTRICT_ACTIVEXINSTALL

Criteria: If the value msaccess.exe is REG_DWORD = 1, this is not a finding.
</check-content></check></Rule></Group><Group id="V-26587"><title>DTOO132 - Restrict File Download</title><description>&lt;GroupDescription&gt;&lt;/GroupDescription&gt;</description><Rule id="SV-33799r1_rule" severity="medium" weight="10.0"><version>DTOO132 - Access</version><title>File Downloads must be configured for proper restrictions.</title><description>&lt;VulnDiscussion&gt;Disabling this setting allows websites to present file download prompts via code without the user specifically initiating the download.  User preferences may also allow the download to occur without prompting or interacting with the user.  Even if Internet Explorer prompts the user to accept the download, some websites abuse this functionality.  Malicious websites may continually prompt users to download a file or present confusing dialog boxes to trick users into downloading or running a file.  If the download occurs and it contains malicious code, the code could become active on user computers or the network.  &lt;/VulnDiscussion&gt;&lt;FalsePositives&gt;&lt;/FalsePositives&gt;&lt;FalseNegatives&gt;&lt;/FalseNegatives&gt;&lt;Documentable&gt;false&lt;/Documentable&gt;&lt;Mitigations&gt;&lt;/Mitigations&gt;&lt;SeverityOverrideGuidance&gt;&lt;/SeverityOverrideGuidance&gt;&lt;PotentialImpacts&gt;&lt;/PotentialImpacts&gt;&lt;ThirdPartyTools&gt;&lt;/ThirdPartyTools&gt;&lt;MitigationControl&gt;&lt;/MitigationControl&gt;&lt;Responsibility&gt;System Administrator&lt;/Responsibility&gt;&lt;Responsibility&gt;Information Assurance Officer&lt;/Responsibility&gt;&lt;IAControls&gt;&lt;/IAControls&gt;</description><reference><dc:title>DPMS Target Microsoft Access 2010</dc:title><dc:publisher>DISA</dc:publisher><dc:type>DPMS Target</dc:type><dc:subject>Microsoft Access 2010</dc:subject><dc:identifier>2020</dc:identifier></reference><ident system="http://iase.disa.mil/cci">CCI-001169</ident><fixtext fixref="F-29862r1_fix">Set the policy value for Computer Configuration -&gt; Administrative Templates -&gt; Microsoft Office 2010 (Machine) -&gt; Security Settings -&gt; IE Security “Restrict File Download” to “Enabled” and 'msaccess.exe' is checked.

</fixtext><fix id="F-29862r1_fix" /><check system="C-34173r1_chk"><check-content-ref name="M" href="DPMS_XCCDF_Benchmark_Microsoft Access 2010.xml" /><check-content>The policy value for Computer Configuration -&gt; Administrative Templates -&gt; Microsoft Office 2010 (Machine) -&gt; Security Settings -&gt; IE Security “Restrict File Download” must be set to “Enabled” and 'msaccess.exe' is checked.

Procedure: Use the Windows Registry Editor to navigate to the following key: 

HKLM\Software\Microsoft\Internet Explorer\Main\FeatureControl\FEATURE_RESTRICT_FILEDOWNLOAD

Criteria: If the value msaccess.exe is REG_DWORD = 1, this is not a finding.
</check-content></check></Rule></Group><Group id="V-26588"><title>DTOO124 - Scripted Window Security</title><description>&lt;GroupDescription&gt;&lt;/GroupDescription&gt;</description><Rule id="SV-33807r1_rule" severity="medium" weight="10.0"><version>DTOO124 - Access</version><title>Scripted Window Security must be enforced.
</title><description>&lt;VulnDiscussion&gt;Malicious websites often try to confuse or trick users into giving a site permission to perform an action allowing the site to take control of the users' computers in some manner. Disabling or not configuring this setting allows unknown websites to:
-Create browser windows appearing to be from the local operating system.
-Draw active windows displaying outside of the viewable areas of the screen capturing keyboard input.
-Overlay parent windows with their own browser windows to hide important system information, choices or prompts.
&lt;/VulnDiscussion&gt;&lt;FalsePositives&gt;&lt;/FalsePositives&gt;&lt;FalseNegatives&gt;&lt;/FalseNegatives&gt;&lt;Documentable&gt;false&lt;/Documentable&gt;&lt;Mitigations&gt;&lt;/Mitigations&gt;&lt;SeverityOverrideGuidance&gt;&lt;/SeverityOverrideGuidance&gt;&lt;PotentialImpacts&gt;&lt;/PotentialImpacts&gt;&lt;ThirdPartyTools&gt;&lt;/ThirdPartyTools&gt;&lt;MitigationControl&gt;&lt;/MitigationControl&gt;&lt;Responsibility&gt;System Administrator&lt;/Responsibility&gt;&lt;Responsibility&gt;Information Assurance Officer&lt;/Responsibility&gt;&lt;IAControls&gt;&lt;/IAControls&gt;</description><reference><dc:title>DPMS Target Microsoft Access 2010</dc:title><dc:publisher>DISA</dc:publisher><dc:type>DPMS Target</dc:type><dc:subject>Microsoft Access 2010</dc:subject><dc:identifier>2020</dc:identifier></reference><ident system="http://iase.disa.mil/cci">CCI-001695</ident><fixtext fixref="F-29870r1_fix">Set the policy value for Computer Configuration -&gt; Administrative Templates -&gt; Microsoft Office 2010 (Machine) -&gt; Security Settings -&gt; IE Security “Scripted Window Security Restrictions” to “Enabled” and 'msaccess.exe' is checked.
</fixtext><fix id="F-29870r1_fix" /><check system="C-34181r1_chk"><check-content-ref name="M" href="DPMS_XCCDF_Benchmark_Microsoft Access 2010.xml" /><check-content>The policy value for Computer Configuration -&gt; Administrative Templates -&gt; Microsoft Office 2010 (Machine) -&gt; Security Settings -&gt; IE Security “Scripted Window Security Restrictions” must be set to “Enabled” and 'msaccess.exe' is checked.

Procedure: Use the Windows Registry Editor to navigate to the following key: 

HKLM\Software\Microsoft\Internet Explorer\Main\FeatureControl\FEATURE_WINDOW_RESTRICTIONS

Criteria: If the value msaccess.exe is REG_DWORD = 1, this is not a finding.
</check-content></check></Rule></Group><Group id="V-26589"><title>DTOO127 - Add-ins are signed by Trusted Publisher</title><description>&lt;GroupDescription&gt;&lt;/GroupDescription&gt;</description><Rule id="SV-33848r1_rule" severity="medium" weight="10.0"><version>DTOO127 - Access</version><title>Application add-ins must be signed by Trusted Publisher.</title><description>&lt;VulnDiscussion&gt;Office 2010 applications do not check the digital signature on application add-ins before opening them.  Disabling or not configuring this setting may allow an application to load a dangerous add-in.  As a result, malicious code could become active on user computers or the network.&lt;/VulnDiscussion&gt;&lt;FalsePositives&gt;&lt;/FalsePositives&gt;&lt;FalseNegatives&gt;&lt;/FalseNegatives&gt;&lt;Documentable&gt;false&lt;/Documentable&gt;&lt;Mitigations&gt;&lt;/Mitigations&gt;&lt;SeverityOverrideGuidance&gt;&lt;/SeverityOverrideGuidance&gt;&lt;PotentialImpacts&gt;&lt;/PotentialImpacts&gt;&lt;ThirdPartyTools&gt;&lt;/ThirdPartyTools&gt;&lt;MitigationControl&gt;&lt;/MitigationControl&gt;&lt;Responsibility&gt;System Administrator&lt;/Responsibility&gt;&lt;Responsibility&gt;Information Assurance Officer&lt;/Responsibility&gt;&lt;IAControls&gt;&lt;/IAControls&gt;</description><reference><dc:title>DPMS Target Microsoft Access 2010</dc:title><dc:publisher>DISA</dc:publisher><dc:type>DPMS Target</dc:type><dc:subject>Microsoft Access 2010</dc:subject><dc:identifier>2020</dc:identifier></reference><ident system="http://iase.disa.mil/cci">CCI-001749</ident><fixtext fixref="F-29877r1_fix">Set the policy value for User Configuration -&gt; Administrative Templates -&gt; Microsoft Access 2010 -&gt; Application Settings -&gt; Security -&gt; Trust Center “Require that application add-ins are signed by Trusted Publisher” to “Enabled”.
</fixtext><fix id="F-29877r1_fix" /><check system="C-34188r1_chk"><check-content-ref name="M" href="DPMS_XCCDF_Benchmark_Microsoft Access 2010.xml" /><check-content>The policy value for User Configuration -&gt; Administrative Templates -&gt; Microsoft Access 2010 -&gt; Application Settings -&gt; Security -&gt; Trust Center “Require that application add-ins are signed by Trusted Publisher” must be set to “Enabled”.

Procedure: Use the Windows Registry Editor to navigate to the following key: 

HKCU\Software\Policies\Microsoft\Office\14.0\access\security

Criteria: If the value RequireAddinSig is REG_DWORD = 1, this is not a finding.
</check-content></check></Rule></Group><Group id="V-26590"><title>DTOO128 - Data Execution Prevention</title><description>&lt;GroupDescription&gt;&lt;/GroupDescription&gt;</description><Rule id="SV-33854r1_rule" severity="medium" weight="10.0"><version>DTOO128 - Access</version><title>Data Execution Prevention must be enforced.</title><description>&lt;VulnDiscussion&gt;Data Execution Prevention (DEP) is a set of hardware and software technologies performing additional checks on memory to help prevent malicious code from running on a system. The primary benefit of DEP is to help prevent code execution from data pages. Enabling this setting, turns off Data Execution Prevention. As a result, malicious code takes advantage of code injection or buffer overflow vulnerabilities possibly exploiting the computer.&lt;/VulnDiscussion&gt;&lt;FalsePositives&gt;&lt;/FalsePositives&gt;&lt;FalseNegatives&gt;&lt;/FalseNegatives&gt;&lt;Documentable&gt;false&lt;/Documentable&gt;&lt;Mitigations&gt;&lt;/Mitigations&gt;&lt;SeverityOverrideGuidance&gt;&lt;/SeverityOverrideGuidance&gt;&lt;PotentialImpacts&gt;&lt;/PotentialImpacts&gt;&lt;ThirdPartyTools&gt;&lt;/ThirdPartyTools&gt;&lt;MitigationControl&gt;&lt;/MitigationControl&gt;&lt;Responsibility&gt;System Administrator&lt;/Responsibility&gt;&lt;Responsibility&gt;Information Assurance Officer&lt;/Responsibility&gt;&lt;IAControls&gt;&lt;/IAControls&gt;</description><reference><dc:title>DPMS Target Microsoft Access 2010</dc:title><dc:publisher>DISA</dc:publisher><dc:type>DPMS Target</dc:type><dc:subject>Microsoft Access 2010</dc:subject><dc:identifier>2020</dc:identifier></reference><ident system="http://iase.disa.mil/cci">CCI-001170</ident><fixtext fixref="F-29878r1_fix">Set the policy value for User Configuration -&gt; Administrative Templates -&gt; Microsoft Access 2010 -&gt; Application Settings -&gt; Security -&gt; Trust Center “Turn off Data Execution Prevention” to “Disabled”. </fixtext><fix id="F-29878r1_fix" /><check system="C-34189r1_chk"><check-content-ref name="M" href="DPMS_XCCDF_Benchmark_Microsoft Access 2010.xml" /><check-content>The policy value for User Configuration -&gt; Administrative Templates -&gt; Microsoft Access 2010 -&gt; Application Settings -&gt; Security -&gt; Trust Center “Turn off Data Execution Prevention” must be set to “Disabled”. 

Procedure: Use the Windows Registry Editor to navigate to the following key: 

HKCU\Software\Policies\Microsoft\Office\14.0\access\security 

Criteria: If the value EnableDEP is REG_DWORD = 1, this is not a finding. 
</check-content></check></Rule></Group></Benchmark>