<?xml version="1.0" encoding="utf-8"?><?xml-stylesheet type='text/xsl' href='STIG_unclass.xsl'?><Benchmark xmlns:dc="http://purl.org/dc/elements/1.1/" xmlns:xsi="http://www.w3.org/2001/XMLSchema-instance" xmlns:cpe="http://cpe.mitre.org/language/2.0" xmlns:xhtml="http://www.w3.org/1999/xhtml" xmlns:dsig="http://www.w3.org/2000/09/xmldsig#" xsi:schemaLocation="http://checklists.nist.gov/xccdf/1.1 http://nvd.nist.gov/schema/xccdf-1.1.4.xsd http://cpe.mitre.org/dictionary/2.0 http://cpe.mitre.org/files/cpe-dictionary_2.1.xsd" id="Cisco_IOS-XR_Router_NDM_STIG" xml:lang="en" xmlns="http://checklists.nist.gov/xccdf/1.1"><status date="2023-09-18">accepted</status><title>Cisco IOS XR Router NDM Security Technical Implementation Guide</title><description>This Security Technical Implementation Guide is published as a tool to improve the security of Department of Defense (DOD) information systems. The requirements are derived from the National Institute of Standards and Technology (NIST) 800-53 and related documents. Comments or proposed revisions to this document should be sent via email to the following address: disa.stig_spt@mail.mil.</description><notice id="terms-of-use" xml:lang="en"></notice><front-matter xml:lang="en"></front-matter><rear-matter xml:lang="en"></rear-matter><reference href="https://cyber.mil"><dc:publisher>DISA</dc:publisher><dc:source>STIG.DOD.MIL</dc:source></reference><plain-text id="release-info">Release: 4 Benchmark Date: 25 Oct 2023</plain-text><plain-text id="generator">3.4.1.22916</plain-text><plain-text id="conventionsVersion">1.10.0</plain-text><version>2</version><Profile id="MAC-1_Classified"><title>I - Mission Critical Classified</title><description>&lt;ProfileDescription&gt;&lt;/ProfileDescription&gt;</description><select idref="V-216522" selected="true" /><select idref="V-216523" selected="true" /><select idref="V-216524" selected="true" /><select idref="V-216525" selected="true" /><select idref="V-216526" selected="true" /><select idref="V-216527" selected="true" /><select idref="V-216528" selected="true" /><select idref="V-216529" selected="true" /><select idref="V-216530" selected="true" /><select idref="V-216531" selected="true" /><select idref="V-216532" selected="true" /><select idref="V-216533" selected="true" /><select idref="V-216534" selected="true" /><select idref="V-216535" selected="true" /><select idref="V-216536" selected="true" /><select idref="V-216537" selected="true" /><select idref="V-216538" selected="true" /><select idref="V-216539" selected="true" /><select idref="V-216540" selected="true" /><select idref="V-216541" selected="true" /><select idref="V-216542" selected="true" /><select idref="V-216543" selected="true" /><select idref="V-216544" selected="true" /><select idref="V-216545" selected="true" /><select idref="V-216546" selected="true" /><select idref="V-216547" selected="true" /><select idref="V-216549" selected="true" /></Profile><Profile id="MAC-1_Public"><title>I - Mission Critical Public</title><description>&lt;ProfileDescription&gt;&lt;/ProfileDescription&gt;</description><select idref="V-216522" selected="true" /><select idref="V-216523" selected="true" /><select idref="V-216524" selected="true" /><select idref="V-216525" selected="true" /><select idref="V-216526" selected="true" /><select idref="V-216527" selected="true" /><select idref="V-216528" selected="true" /><select idref="V-216529" selected="true" /><select idref="V-216530" selected="true" /><select idref="V-216531" selected="true" /><select idref="V-216532" selected="true" /><select idref="V-216533" selected="true" /><select idref="V-216534" selected="true" /><select idref="V-216535" selected="true" /><select idref="V-216536" selected="true" /><select idref="V-216537" selected="true" /><select idref="V-216538" selected="true" /><select idref="V-216539" selected="true" /><select idref="V-216540" selected="true" /><select idref="V-216541" selected="true" /><select idref="V-216542" selected="true" /><select idref="V-216543" selected="true" /><select idref="V-216544" selected="true" /><select idref="V-216545" selected="true" /><select idref="V-216546" selected="true" /><select idref="V-216547" selected="true" /><select idref="V-216549" selected="true" /></Profile><Profile id="MAC-1_Sensitive"><title>I - Mission Critical Sensitive</title><description>&lt;ProfileDescription&gt;&lt;/ProfileDescription&gt;</description><select idref="V-216522" selected="true" /><select idref="V-216523" selected="true" /><select idref="V-216524" selected="true" /><select idref="V-216525" selected="true" /><select idref="V-216526" selected="true" /><select idref="V-216527" selected="true" /><select idref="V-216528" selected="true" /><select idref="V-216529" selected="true" /><select idref="V-216530" selected="true" /><select idref="V-216531" selected="true" /><select idref="V-216532" selected="true" /><select idref="V-216533" selected="true" /><select idref="V-216534" selected="true" /><select idref="V-216535" selected="true" /><select idref="V-216536" selected="true" /><select idref="V-216537" selected="true" /><select idref="V-216538" selected="true" /><select idref="V-216539" selected="true" /><select idref="V-216540" selected="true" /><select idref="V-216541" selected="true" /><select idref="V-216542" selected="true" /><select idref="V-216543" selected="true" /><select idref="V-216544" selected="true" /><select idref="V-216545" selected="true" /><select idref="V-216546" selected="true" /><select idref="V-216547" selected="true" /><select idref="V-216549" selected="true" /></Profile><Profile id="MAC-2_Classified"><title>II - Mission Support Classified</title><description>&lt;ProfileDescription&gt;&lt;/ProfileDescription&gt;</description><select idref="V-216522" selected="true" /><select idref="V-216523" selected="true" /><select idref="V-216524" selected="true" /><select idref="V-216525" selected="true" /><select idref="V-216526" selected="true" /><select idref="V-216527" selected="true" /><select idref="V-216528" selected="true" /><select idref="V-216529" selected="true" /><select idref="V-216530" selected="true" /><select idref="V-216531" selected="true" /><select idref="V-216532" selected="true" /><select idref="V-216533" selected="true" /><select idref="V-216534" selected="true" /><select idref="V-216535" selected="true" /><select idref="V-216536" selected="true" /><select idref="V-216537" selected="true" /><select idref="V-216538" selected="true" /><select idref="V-216539" selected="true" /><select idref="V-216540" selected="true" /><select idref="V-216541" selected="true" /><select idref="V-216542" selected="true" /><select idref="V-216543" selected="true" /><select idref="V-216544" selected="true" /><select idref="V-216545" selected="true" /><select idref="V-216546" selected="true" /><select idref="V-216547" selected="true" /><select idref="V-216549" selected="true" /></Profile><Profile id="MAC-2_Public"><title>II - Mission Support Public</title><description>&lt;ProfileDescription&gt;&lt;/ProfileDescription&gt;</description><select idref="V-216522" selected="true" /><select idref="V-216523" selected="true" /><select idref="V-216524" selected="true" /><select idref="V-216525" selected="true" /><select idref="V-216526" selected="true" /><select idref="V-216527" selected="true" /><select idref="V-216528" selected="true" /><select idref="V-216529" selected="true" /><select idref="V-216530" selected="true" /><select idref="V-216531" selected="true" /><select idref="V-216532" selected="true" /><select idref="V-216533" selected="true" /><select idref="V-216534" selected="true" /><select idref="V-216535" selected="true" /><select idref="V-216536" selected="true" /><select idref="V-216537" selected="true" /><select idref="V-216538" selected="true" /><select idref="V-216539" selected="true" /><select idref="V-216540" selected="true" /><select idref="V-216541" selected="true" /><select idref="V-216542" selected="true" /><select idref="V-216543" selected="true" /><select idref="V-216544" selected="true" /><select idref="V-216545" selected="true" /><select idref="V-216546" selected="true" /><select idref="V-216547" selected="true" /><select idref="V-216549" selected="true" /></Profile><Profile id="MAC-2_Sensitive"><title>II - Mission Support Sensitive</title><description>&lt;ProfileDescription&gt;&lt;/ProfileDescription&gt;</description><select idref="V-216522" selected="true" /><select idref="V-216523" selected="true" /><select idref="V-216524" selected="true" /><select idref="V-216525" selected="true" /><select idref="V-216526" selected="true" /><select idref="V-216527" selected="true" /><select idref="V-216528" selected="true" /><select idref="V-216529" selected="true" /><select idref="V-216530" selected="true" /><select idref="V-216531" selected="true" /><select idref="V-216532" selected="true" /><select idref="V-216533" selected="true" /><select idref="V-216534" selected="true" /><select idref="V-216535" selected="true" /><select idref="V-216536" selected="true" /><select idref="V-216537" selected="true" /><select idref="V-216538" selected="true" /><select idref="V-216539" selected="true" /><select idref="V-216540" selected="true" /><select idref="V-216541" selected="true" /><select idref="V-216542" selected="true" /><select idref="V-216543" selected="true" /><select idref="V-216544" selected="true" /><select idref="V-216545" selected="true" /><select idref="V-216546" selected="true" /><select idref="V-216547" selected="true" /><select idref="V-216549" selected="true" /></Profile><Profile id="MAC-3_Classified"><title>III - Administrative Classified</title><description>&lt;ProfileDescription&gt;&lt;/ProfileDescription&gt;</description><select idref="V-216522" selected="true" /><select idref="V-216523" selected="true" /><select idref="V-216524" selected="true" /><select idref="V-216525" selected="true" /><select idref="V-216526" selected="true" /><select idref="V-216527" selected="true" /><select idref="V-216528" selected="true" /><select idref="V-216529" selected="true" /><select idref="V-216530" selected="true" /><select idref="V-216531" selected="true" /><select idref="V-216532" selected="true" /><select idref="V-216533" selected="true" /><select idref="V-216534" selected="true" /><select idref="V-216535" selected="true" /><select idref="V-216536" selected="true" /><select idref="V-216537" selected="true" /><select idref="V-216538" selected="true" /><select idref="V-216539" selected="true" /><select idref="V-216540" selected="true" /><select idref="V-216541" selected="true" /><select idref="V-216542" selected="true" /><select idref="V-216543" selected="true" /><select idref="V-216544" selected="true" /><select idref="V-216545" selected="true" /><select idref="V-216546" selected="true" /><select idref="V-216547" selected="true" /><select idref="V-216549" selected="true" /></Profile><Profile id="MAC-3_Public"><title>III - Administrative Public</title><description>&lt;ProfileDescription&gt;&lt;/ProfileDescription&gt;</description><select idref="V-216522" selected="true" /><select idref="V-216523" selected="true" /><select idref="V-216524" selected="true" /><select idref="V-216525" selected="true" /><select idref="V-216526" selected="true" /><select idref="V-216527" selected="true" /><select idref="V-216528" selected="true" /><select idref="V-216529" selected="true" /><select idref="V-216530" selected="true" /><select idref="V-216531" selected="true" /><select idref="V-216532" selected="true" /><select idref="V-216533" selected="true" /><select idref="V-216534" selected="true" /><select idref="V-216535" selected="true" /><select idref="V-216536" selected="true" /><select idref="V-216537" selected="true" /><select idref="V-216538" selected="true" /><select idref="V-216539" selected="true" /><select idref="V-216540" selected="true" /><select idref="V-216541" selected="true" /><select idref="V-216542" selected="true" /><select idref="V-216543" selected="true" /><select idref="V-216544" selected="true" /><select idref="V-216545" selected="true" /><select idref="V-216546" selected="true" /><select idref="V-216547" selected="true" /><select idref="V-216549" selected="true" /></Profile><Profile id="MAC-3_Sensitive"><title>III - Administrative Sensitive</title><description>&lt;ProfileDescription&gt;&lt;/ProfileDescription&gt;</description><select idref="V-216522" selected="true" /><select idref="V-216523" selected="true" /><select idref="V-216524" selected="true" /><select idref="V-216525" selected="true" /><select idref="V-216526" selected="true" /><select idref="V-216527" selected="true" /><select idref="V-216528" selected="true" /><select idref="V-216529" selected="true" /><select idref="V-216530" selected="true" /><select idref="V-216531" selected="true" /><select idref="V-216532" selected="true" /><select idref="V-216533" selected="true" /><select idref="V-216534" selected="true" /><select idref="V-216535" selected="true" /><select idref="V-216536" selected="true" /><select idref="V-216537" selected="true" /><select idref="V-216538" selected="true" /><select idref="V-216539" selected="true" /><select idref="V-216540" selected="true" /><select idref="V-216541" selected="true" /><select idref="V-216542" selected="true" /><select idref="V-216543" selected="true" /><select idref="V-216544" selected="true" /><select idref="V-216545" selected="true" /><select idref="V-216546" selected="true" /><select idref="V-216547" selected="true" /><select idref="V-216549" selected="true" /></Profile><Group id="V-216522"><title>SRG-APP-000001-NDM-000200</title><description>&lt;GroupDescription&gt;&lt;/GroupDescription&gt;</description><Rule id="SV-216522r879511_rule" weight="10.0" severity="medium"><version>CISC-ND-000010</version><title>The Cisco router must be configured to limit the number of concurrent management sessions to an organization-defined number.</title><description>&lt;VulnDiscussion&gt;Device management includes the ability to control the number of administrators and management sessions that manage a device. Limiting the number of allowed administrators and sessions per administrator based on account type, role, or access type is helpful in limiting risks related to DoS attacks.

This requirement addresses concurrent sessions for administrative accounts and does not address concurrent sessions by a single administrator via multiple administrative accounts. The maximum number of concurrent sessions should be defined based upon mission needs and the operational environment for each system. At a minimum, limits must be set for SSH, HTTPS, account of last resort, and root account sessions.&lt;/VulnDiscussion&gt;&lt;FalsePositives&gt;&lt;/FalsePositives&gt;&lt;FalseNegatives&gt;&lt;/FalseNegatives&gt;&lt;Documentable&gt;false&lt;/Documentable&gt;&lt;Mitigations&gt;&lt;/Mitigations&gt;&lt;SeverityOverrideGuidance&gt;&lt;/SeverityOverrideGuidance&gt;&lt;PotentialImpacts&gt;&lt;/PotentialImpacts&gt;&lt;ThirdPartyTools&gt;&lt;/ThirdPartyTools&gt;&lt;MitigationControl&gt;&lt;/MitigationControl&gt;&lt;Responsibility&gt;&lt;/Responsibility&gt;&lt;IAControls&gt;&lt;/IAControls&gt;</description><reference><dc:title>DPMS Target Cisco IOS XR Router NDM</dc:title><dc:publisher>DISA</dc:publisher><dc:type>DPMS Target</dc:type><dc:subject>Cisco IOS XR Router NDM</dc:subject><dc:identifier>4023</dc:identifier></reference><ident system="http://cyber.mil/legacy">SV-105509</ident><ident system="http://cyber.mil/legacy">V-96371</ident><ident system="http://cyber.mil/cci">CCI-000054</ident><fixtext fixref="F-17754r288253_fix">Configure the router to limit the number of concurrent management sessions to an organization-defined number as shown in the example below.

RP/0/0/CPU0:R3(config)#ssh server session-limit 2</fixtext><fix id="F-17754r288253_fix" /><check system="C-17757r288252_chk"><check-content-ref href="U_Cisco_IOS-XR_Router_NDM_STIG_V2R4_Manual-xccdf.xml" name="M" /><check-content>Note: This requirement is not applicable to file transfer actions such as FTP, SCP and SFTP.

Review the router configuration to determine if concurrent management sessions are limited as show in the example below:

ssh server session-limit 2

If the router is not configured to limit the number of concurrent management sessions, this is a finding.</check-content></check></Rule></Group><Group id="V-216523"><title>SRG-APP-000038-NDM-000213</title><description>&lt;GroupDescription&gt;&lt;/GroupDescription&gt;</description><Rule id="SV-216523r879533_rule" weight="10.0" severity="medium"><version>CISC-ND-000140</version><title>The Cisco router must be configured to enforce approved authorizations for controlling the flow of management information within the device based on control policies.</title><description>&lt;VulnDiscussion&gt;A mechanism to detect and prevent unauthorized communication flow must be configured or provided as part of the system design. If management information flow is not enforced based on approved authorizations, the network device may become compromised. Information flow control regulates where management information is allowed to travel within a network device. The flow of all management information must be monitored and controlled so it does not introduce any unacceptable risk to the network device or data. 

Application-specific examples of enforcement occur in systems that employ rule sets or establish configuration settings that restrict information system services or message-filtering capability based on message content (e.g., implementing key word searches or using document characteristics).

Applications providing information flow control must be able to enforce approved authorizations for controlling the flow of management information within the system in accordance with applicable policy.&lt;/VulnDiscussion&gt;&lt;FalsePositives&gt;&lt;/FalsePositives&gt;&lt;FalseNegatives&gt;&lt;/FalseNegatives&gt;&lt;Documentable&gt;false&lt;/Documentable&gt;&lt;Mitigations&gt;&lt;/Mitigations&gt;&lt;SeverityOverrideGuidance&gt;&lt;/SeverityOverrideGuidance&gt;&lt;PotentialImpacts&gt;&lt;/PotentialImpacts&gt;&lt;ThirdPartyTools&gt;&lt;/ThirdPartyTools&gt;&lt;MitigationControl&gt;&lt;/MitigationControl&gt;&lt;Responsibility&gt;&lt;/Responsibility&gt;&lt;IAControls&gt;&lt;/IAControls&gt;</description><reference><dc:title>DPMS Target Cisco IOS XR Router NDM</dc:title><dc:publisher>DISA</dc:publisher><dc:type>DPMS Target</dc:type><dc:subject>Cisco IOS XR Router NDM</dc:subject><dc:identifier>4023</dc:identifier></reference><ident system="http://cyber.mil/legacy">SV-105517</ident><ident system="http://cyber.mil/legacy">V-96379</ident><ident system="http://cyber.mil/cci">CCI-001368</ident><fixtext fixref="F-17755r569623_fix">Configure the Cisco router to restrict management access to specific IP addresses via SSH as shown in the example below.

RP/0/0/CPU0:ios(config)#ipv4 access-list MANAGEMENT_NET
RP/0/0/CPU0:ios(config-ipv4-acl)#permit ipv4 10.1.1.0 255.255.255.0 any
RP/0/0/CPU0:ios(config-ipv4-acl)#deny ipv4 any any log-input 
RP/0/0/CPU0:ios(config-ipv4-acl)#exit
RP/0/0/CPU0:R3(config)#vty default 0 4 
RP/0/0/CPU0:R3(config)#line default 
RP/0/0/CPU0:R3(config-line)#transport input ssh 
RP/0/0/CPU0:R3(config-line)#access-class MANAGEMENT_NET in 
RP/0/0/CPU0:R3(config-line)#end
</fixtext><fix id="F-17755r569623_fix" /><check system="C-17758r569665_chk"><check-content-ref href="U_Cisco_IOS-XR_Router_NDM_STIG_V2R4_Manual-xccdf.xml" name="M" /><check-content>Review the Cisco router configuration to verify that it is compliant with this requirement. 

Step 1: Verify that the line vty has an ACL inbound applied as shown in the example below.

line default
 access-class ingress MANAGEMENT_NET
 transport input ssh
!
vty-pool default 0 4

Step 2: Verify that the ACL permits only hosts from the management network to access the router.

ipv4 access-list MANAGEMENT_NET 
10 permit ipv4 10.1.1.0 255.255.255.0 any
20 deny ipv4 any any log-input

If the Cisco router is not configured to enforce approved authorizations for controlling the flow of management information within the device based on control policies, this is a finding.</check-content></check></Rule></Group><Group id="V-216524"><title>SRG-APP-000065-NDM-000214</title><description>&lt;GroupDescription&gt;&lt;/GroupDescription&gt;</description><Rule id="SV-216524r879546_rule" weight="10.0" severity="medium"><version>CISC-ND-000150</version><title>The Cisco router must be configured to enforce the limit of three consecutive invalid logon attempts after which time lock out the user account from accessing the device for 15 minutes.</title><description>&lt;VulnDiscussion&gt;By limiting the number of failed login attempts, the risk of unauthorized system access via user password guessing, otherwise known as brute-forcing, is reduced.&lt;/VulnDiscussion&gt;&lt;FalsePositives&gt;&lt;/FalsePositives&gt;&lt;FalseNegatives&gt;&lt;/FalseNegatives&gt;&lt;Documentable&gt;false&lt;/Documentable&gt;&lt;Mitigations&gt;&lt;/Mitigations&gt;&lt;SeverityOverrideGuidance&gt;&lt;/SeverityOverrideGuidance&gt;&lt;PotentialImpacts&gt;&lt;/PotentialImpacts&gt;&lt;ThirdPartyTools&gt;&lt;/ThirdPartyTools&gt;&lt;MitigationControl&gt;&lt;/MitigationControl&gt;&lt;Responsibility&gt;&lt;/Responsibility&gt;&lt;IAControls&gt;&lt;/IAControls&gt;</description><reference><dc:title>DPMS Target Cisco IOS XR Router NDM</dc:title><dc:publisher>DISA</dc:publisher><dc:type>DPMS Target</dc:type><dc:subject>Cisco IOS XR Router NDM</dc:subject><dc:identifier>4023</dc:identifier></reference><ident system="http://cyber.mil/legacy">SV-105519</ident><ident system="http://cyber.mil/legacy">V-96381</ident><ident system="http://cyber.mil/cci">CCI-000044</ident><fixtext fixref="F-17756r288259_fix">Step 1: Configure the router to use an authentication server as shown in the following example:

RP/0/0/CPU0:R3(config)#radius-server host 10.1.3.16 key xxxxxxxx

Step 2: Configure the authentication order to use the authentication server as primary source for authentication as shown in the following example:

RP/0/0/CPU0:R3(config)#aaa authentication login LOGIN_AUTHENTICATION  group radius local

Step 3: Configure all network connections associated with a device management to use an authentication server for the purpose of login authentication as shown in the following example:

RP/0/0/CPU0:R3(config)#line default
RP/0/0/CPU0:R3(config-line)#login authentication LOGIN_AUTHENTICATION
RP/0/0/CPU0:R3(config-line)#exit
RP/0/0/CPU0:R3(config)#line console 
RP/0/0/CPU0:R3(config-line)#login authentication LOGIN_AUTHENTICATION</fixtext><fix id="F-17756r288259_fix" /><check system="C-17759r288258_chk"><check-content-ref href="U_Cisco_IOS-XR_Router_NDM_STIG_V2R4_Manual-xccdf.xml" name="M" /><check-content>The Cisco router is not compliant with this requirement. However, the risk associated with this requirement can be fully mitigated if the router is configured to utilize an authentication server to authenticate and authorize users for administrative access.

Review the router configuration to verify that the device is configured to use an authentication server as primary source for authentication as shown in the following example:

radius-server host 10.1.3.16 auth-port 1645 acct-port 1646
 key xxxxxxxxxx
…
…
…
aaa authentication login LOGIN_AUTHENTICATION group radius local
line console
 login authentication LOGIN_AUTHENTICATION
!
line default 
 login authentication LOGIN_AUTHENTICATION
 transport input ssh

If the router is not configured to use an authentication server to authenticate and authorize users for administrative access, this is a finding.</check-content></check></Rule></Group><Group id="V-216525"><title>SRG-APP-000068-NDM-000215</title><description>&lt;GroupDescription&gt;&lt;/GroupDescription&gt;</description><Rule id="SV-216525r879547_rule" weight="10.0" severity="medium"><version>CISC-ND-000160</version><title>The Cisco router must be configured to display the Standard Mandatory DoD Notice and Consent Banner before granting access to the device.</title><description>&lt;VulnDiscussion&gt;Display of the DoD-approved use notification before granting access to the network device ensures privacy and security notification verbiage used is consistent with applicable federal laws, Executive Orders, directives, policies, regulations, standards, and guidance.

System use notifications are required only for access via logon interfaces with human users.&lt;/VulnDiscussion&gt;&lt;FalsePositives&gt;&lt;/FalsePositives&gt;&lt;FalseNegatives&gt;&lt;/FalseNegatives&gt;&lt;Documentable&gt;false&lt;/Documentable&gt;&lt;Mitigations&gt;&lt;/Mitigations&gt;&lt;SeverityOverrideGuidance&gt;&lt;/SeverityOverrideGuidance&gt;&lt;PotentialImpacts&gt;&lt;/PotentialImpacts&gt;&lt;ThirdPartyTools&gt;&lt;/ThirdPartyTools&gt;&lt;MitigationControl&gt;&lt;/MitigationControl&gt;&lt;Responsibility&gt;&lt;/Responsibility&gt;&lt;IAControls&gt;&lt;/IAControls&gt;</description><reference><dc:title>DPMS Target Cisco IOS XR Router NDM</dc:title><dc:publisher>DISA</dc:publisher><dc:type>DPMS Target</dc:type><dc:subject>Cisco IOS XR Router NDM</dc:subject><dc:identifier>4023</dc:identifier></reference><ident system="http://cyber.mil/legacy">SV-105521</ident><ident system="http://cyber.mil/legacy">V-96383</ident><ident system="http://cyber.mil/cci">CCI-000048</ident><fixtext fixref="F-17757r288262_fix">Configure the Cisco router to display the Standard Mandatory DoD Notice and Consent Banner before granting access as shown in the following example:

RP/0/0/CPU0:R3(config)#banner login #
Enter TEXT message. End with the character '#'.
You are accessing a U.S. Government (USG) Information System (IS) that is provided for USG-authorized use only.

By using this IS (which includes any device attached to this IS), you consent to the following conditions:

-The USG routinely intercepts and monitors communications on this IS for purposes including, but not limited to, penetration testing, COMSEC monitoring, network operations and defense, personnel misconduct (PM), law enforcement (LE), and counterintelligence (CI) investigations.

-At any time, the USG may inspect and seize data stored on this IS.

-Communications using, or data stored on, this IS are not private, are subject to routine monitoring, interception, and search, and may be disclosed or used for any USG-authorized purpose.

-This IS includes security measures (e.g., authentication and access controls) to protect USG interests--not for your personal benefit or privacy.

-Notwithstanding the above, using this IS does not constitute consent to PM, LE or CI investigative searching or monitoring of the content of privileged communications, or work product, related to personal representation or services by attorneys, psychotherapists, or clergy, and their assistants. Such communications and work product are private and confidential. See User Agreement for details. #
RP/0/0/CPU0:R3(config)#end</fixtext><fix id="F-17757r288262_fix" /><check system="C-17760r288261_chk"><check-content-ref href="U_Cisco_IOS-XR_Router_NDM_STIG_V2R4_Manual-xccdf.xml" name="M" /><check-content>Review the Cisco router configuration to verify that it is compliant with this requirement as shown in the example below.

banner login ^C
You are accessing a U.S. Government (USG) Information System (IS) that is provided for USG-authorized use only.

By using this IS (which includes any device attached to this IS), you consent to the following conditions:

-The USG routinely intercepts and monitors communications on this IS for purposes including, but not limited to, penetration testing, COMSEC monitoring, network operations and defense, personnel misconduct (PM), law enforcement (LE), and counterintelligence (CI) investigations.

-At any time, the USG may inspect and seize data stored on this IS.

-Communications using, or data stored on, this IS are not private, are subject to routine monitoring, interception, and search, and may be disclosed or used for any USG-authorized purpose.

-This IS includes security measures (e.g., authentication and access controls) to protect USG interests--not for your personal benefit or privacy.

-Notwithstanding the above, using this IS does not constitute consent to PM, LE or CI investigative searching or monitoring of the content of privileged communications, or work product, related to personal representation or services by attorneys, psychotherapists, or clergy, and their assistants. Such communications and work product are private and confidential. See User Agreement for details.
^C

If the Cisco router is not configured to display the Standard Mandatory DoD Notice and Consent Banner before granting access to the device, this is a finding.</check-content></check></Rule></Group><Group id="V-216526"><title>SRG-APP-000091-NDM-000223</title><description>&lt;GroupDescription&gt;&lt;/GroupDescription&gt;</description><Rule id="SV-216526r879561_rule" weight="10.0" severity="medium"><version>CISC-ND-000250</version><title>The Cisco router must be configured to generate audit records when successful/unsuccessful attempts to logon with access privileges occur.</title><description>&lt;VulnDiscussion&gt;Without generating audit records that are specific to the security and mission needs of the organization, it would be difficult to establish, correlate, and investigate the events relating to an incident or identify those responsible for one. 

Audit records can be generated from various components within the information system (e.g., module or policy filter).&lt;/VulnDiscussion&gt;&lt;FalsePositives&gt;&lt;/FalsePositives&gt;&lt;FalseNegatives&gt;&lt;/FalseNegatives&gt;&lt;Documentable&gt;false&lt;/Documentable&gt;&lt;Mitigations&gt;&lt;/Mitigations&gt;&lt;SeverityOverrideGuidance&gt;&lt;/SeverityOverrideGuidance&gt;&lt;PotentialImpacts&gt;&lt;/PotentialImpacts&gt;&lt;ThirdPartyTools&gt;&lt;/ThirdPartyTools&gt;&lt;MitigationControl&gt;&lt;/MitigationControl&gt;&lt;Responsibility&gt;&lt;/Responsibility&gt;&lt;IAControls&gt;&lt;/IAControls&gt;</description><reference><dc:title>DPMS Target Cisco IOS XR Router NDM</dc:title><dc:publisher>DISA</dc:publisher><dc:type>DPMS Target</dc:type><dc:subject>Cisco IOS XR Router NDM</dc:subject><dc:identifier>4023</dc:identifier></reference><ident system="http://cyber.mil/legacy">SV-105531</ident><ident system="http://cyber.mil/legacy">V-96393</ident><ident system="http://cyber.mil/cci">CCI-000172</ident><fixtext fixref="F-17758r288265_fix">Configure the Cisco router to log all logon attempts as shown in the example below.

RP/0/0/CPU0:R3(config)#logging buffered informational 
RP/0/0/CPU0:R3(config)#logging 10.1.22.2 severity info</fixtext><fix id="F-17758r288265_fix" /><check system="C-17761r288264_chk"><check-content-ref href="U_Cisco_IOS-XR_Router_NDM_STIG_V2R4_Manual-xccdf.xml" name="M" /><check-content>Review the Cisco router configuration to verify that it is compliant with this requirement. The configuration example below will log all logon attempts.

logging buffered informational
logging 10.1.22.2 vrf default severity info

If the Cisco router is not configured to generate audit records when successful/unsuccessful attempts to logon, this is a finding.</check-content></check></Rule></Group><Group id="V-216527"><title>SRG-APP-000096-NDM-000226</title><description>&lt;GroupDescription&gt;&lt;/GroupDescription&gt;</description><Rule id="SV-216527r879564_rule" weight="10.0" severity="medium"><version>CISC-ND-000280</version><title>The Cisco router must produce audit records containing information to establish when (date and time) the events occurred.</title><description>&lt;VulnDiscussion&gt;It is essential for security personnel to know what is being done, what was attempted, where it was done, when it was done, and by whom it was done in order to compile an accurate risk assessment. Logging the date and time of each detected event provides a means of investigating an attack; recognizing resource utilization or capacity thresholds; or identifying an improperly configured network device. In order to establish and correlate the series of events leading up to an outage or attack, it is imperative the date and time are recorded in all log records.&lt;/VulnDiscussion&gt;&lt;FalsePositives&gt;&lt;/FalsePositives&gt;&lt;FalseNegatives&gt;&lt;/FalseNegatives&gt;&lt;Documentable&gt;false&lt;/Documentable&gt;&lt;Mitigations&gt;&lt;/Mitigations&gt;&lt;SeverityOverrideGuidance&gt;&lt;/SeverityOverrideGuidance&gt;&lt;PotentialImpacts&gt;&lt;/PotentialImpacts&gt;&lt;ThirdPartyTools&gt;&lt;/ThirdPartyTools&gt;&lt;MitigationControl&gt;&lt;/MitigationControl&gt;&lt;Responsibility&gt;&lt;/Responsibility&gt;&lt;IAControls&gt;&lt;/IAControls&gt;</description><reference><dc:title>DPMS Target Cisco IOS XR Router NDM</dc:title><dc:publisher>DISA</dc:publisher><dc:type>DPMS Target</dc:type><dc:subject>Cisco IOS XR Router NDM</dc:subject><dc:identifier>4023</dc:identifier></reference><ident system="http://cyber.mil/legacy">SV-105533</ident><ident system="http://cyber.mil/legacy">V-96395</ident><ident system="http://cyber.mil/cci">CCI-000131</ident><fixtext fixref="F-17759r288268_fix">Configure the router to include the date and time on all log records as shown in the example below.

RP/0/0/CPU0:R3(config)#service timestamps log datetime localtime</fixtext><fix id="F-17759r288268_fix" /><check system="C-17762r288267_chk"><check-content-ref href="U_Cisco_IOS-XR_Router_NDM_STIG_V2R4_Manual-xccdf.xml" name="M" /><check-content>Verify that the router is configured to include the date and time on all log records as shown in the configuration example below.

service timestamps log datetime localtime

If time stamps are not configured, this is a finding.</check-content></check></Rule></Group><Group id="V-216528"><title>SRG-APP-000097-NDM-000227</title><description>&lt;GroupDescription&gt;&lt;/GroupDescription&gt;</description><Rule id="SV-216528r929028_rule" weight="10.0" severity="medium"><version>CISC-ND-000290</version><title>The Cisco router must produce audit records containing information to establish where the events occurred.</title><description>&lt;VulnDiscussion&gt;In order to compile an accurate risk assessment and provide forensic analysis, it is essential for security personnel to know where events occurred, such as device hardware components, device software modules, session identifiers, filenames, host names, and functionality.

Associating information about where the event occurred within the network device provides a means of investigating an attack; recognizing resource utilization or capacity thresholds; or identifying an improperly configured device.&lt;/VulnDiscussion&gt;&lt;FalsePositives&gt;&lt;/FalsePositives&gt;&lt;FalseNegatives&gt;&lt;/FalseNegatives&gt;&lt;Documentable&gt;false&lt;/Documentable&gt;&lt;Mitigations&gt;&lt;/Mitigations&gt;&lt;SeverityOverrideGuidance&gt;&lt;/SeverityOverrideGuidance&gt;&lt;PotentialImpacts&gt;&lt;/PotentialImpacts&gt;&lt;ThirdPartyTools&gt;&lt;/ThirdPartyTools&gt;&lt;MitigationControl&gt;&lt;/MitigationControl&gt;&lt;Responsibility&gt;&lt;/Responsibility&gt;&lt;IAControls&gt;&lt;/IAControls&gt;</description><reference><dc:title>DPMS Target Cisco IOS XR Router NDM</dc:title><dc:publisher>DISA</dc:publisher><dc:type>DPMS Target</dc:type><dc:subject>Cisco IOS XR Router NDM</dc:subject><dc:identifier>4023</dc:identifier></reference><ident system="http://cyber.mil/legacy">SV-105535</ident><ident system="http://cyber.mil/legacy">V-96397</ident><ident system="http://cyber.mil/cci">CCI-000132</ident><fixtext fixref="F-17760r288271_fix">Configure the log-input parameter after any deny statements to provide the location as to where packets have been dropped via an ACL.

RP/0/0/CPU0:R3(config)#ipv4 access-list BLOCK_INBOUND
RP/0/0/CPU0:R3(config-ipv4-acl)#deny icmp any any  log-input</fixtext><fix id="F-17760r288271_fix" /><check system="C-17763r929027_chk"><check-content-ref href="U_Cisco_IOS-XR_Router_NDM_STIG_V2R4_Manual-xccdf.xml" name="M" /><check-content>Review the deny statements in all interface ACLs to determine if the log-input parameter has been configured as shown in the example below.
Note: log-input can only apply to interface bound ACLs.

ipv4 access-list BLOCK_INBOUND
 10 deny icmp any any log-input

If the router is not configured with the log-input parameter after any deny statements to note where packets have been dropped via an ACL, this is a finding.</check-content></check></Rule></Group><Group id="V-216529"><title>SRG-APP-000142-NDM-000245</title><description>&lt;GroupDescription&gt;&lt;/GroupDescription&gt;</description><Rule id="SV-216529r879588_rule" weight="10.0" severity="high"><version>CISC-ND-000470</version><title>The Cisco router must be configured to be configured to prohibit the use of all unnecessary and nonsecure functions and services.</title><description>&lt;VulnDiscussion&gt;Network devices are capable of providing a wide variety of functions and services. Some of the functions and services provided by default may not be necessary to support essential organizational operations. Additionally, it is sometimes convenient to provide multiple services from a single component (e.g., email and web services); however, doing so increases risk over limiting the services provided by any one component. 

To support the requirements and principles of least functionality, the network device must support the organizational requirements providing only essential capabilities and limiting the use of ports, protocols, and/or services to only those required, authorized, and approved. Some network devices have capabilities enabled by default; if these capabilities are not necessary, they must be disabled. If a particular capability is used, then it must be documented and approved.&lt;/VulnDiscussion&gt;&lt;FalsePositives&gt;&lt;/FalsePositives&gt;&lt;FalseNegatives&gt;&lt;/FalseNegatives&gt;&lt;Documentable&gt;false&lt;/Documentable&gt;&lt;Mitigations&gt;&lt;/Mitigations&gt;&lt;SeverityOverrideGuidance&gt;&lt;/SeverityOverrideGuidance&gt;&lt;PotentialImpacts&gt;&lt;/PotentialImpacts&gt;&lt;ThirdPartyTools&gt;&lt;/ThirdPartyTools&gt;&lt;MitigationControl&gt;&lt;/MitigationControl&gt;&lt;Responsibility&gt;&lt;/Responsibility&gt;&lt;IAControls&gt;&lt;/IAControls&gt;</description><reference><dc:title>DPMS Target Cisco IOS XR Router NDM</dc:title><dc:publisher>DISA</dc:publisher><dc:type>DPMS Target</dc:type><dc:subject>Cisco IOS XR Router NDM</dc:subject><dc:identifier>4023</dc:identifier></reference><ident system="http://cyber.mil/legacy">SV-105541</ident><ident system="http://cyber.mil/legacy">V-96403</ident><ident system="http://cyber.mil/cci">CCI-000382</ident><fixtext fixref="F-17761r288274_fix">Disable the following services if enabled as shown in the example below.

RP/0/0/CPU0:R3(config)#no service ipv4 tcp-small-servers
RP/0/0/CPU0:R3(config)#no service ipv4 udp-small-servers
RP/0/0/CPU0:R3(config)#no http client vrf xxxxx
RP/0/0/CPU0:R3(config)#no telnet ipv4 server</fixtext><fix id="F-17761r288274_fix" /><check system="C-17764r288273_chk"><check-content-ref href="U_Cisco_IOS-XR_Router_NDM_STIG_V2R4_Manual-xccdf.xml" name="M" /><check-content>Verify that the router does not have any unnecessary or non-secure ports, protocols and services enabled. For example, the following commands should not be in the configuration:

service ipv4 tcp-small-servers max-servers 10
service ipv4 udp-small-servers max-servers 10
http client vrf xxxxx
telnet vrf default ipv4 server max-servers 1

If any unnecessary or non-secure ports, protocols, or services are enabled, this is a finding.</check-content></check></Rule></Group><Group id="V-216530"><title>SRG-APP-000148-NDM-000346</title><description>&lt;GroupDescription&gt;&lt;/GroupDescription&gt;</description><Rule id="SV-216530r879589_rule" weight="10.0" severity="medium"><version>CISC-ND-000490</version><title>The Cisco router must be configured with only one local account to be used as the account of last resort in the event the authentication server is unavailable.</title><description>&lt;VulnDiscussion&gt;Authentication for administrative (privileged level) access to the device is required at all times. An account can be created on the device's local database for use when the authentication server is down or connectivity between the device and the authentication server is not operable. This account is referred to as the account of last resort since it is intended to be used as a last resort and when immediate administrative access is absolutely necessary.

The account of last resort logon credentials must be stored in a sealed envelope and kept in a safe. The safe must be periodically audited to verify the envelope remains sealed. The signature of the auditor and the date of the audit should be added to the envelope as a record.
An alternative to using a sealed envelope in a safe would be credential files, separated by technology, located in a secured location on a file server, with the files only accessible to those administrators authorized to use the accounts of last resort, and access to that location monitored by a central log server. 
Administrators should secure the credentials and disable the root account (if possible) when not needed for system administration functions.&lt;/VulnDiscussion&gt;&lt;FalsePositives&gt;&lt;/FalsePositives&gt;&lt;FalseNegatives&gt;&lt;/FalseNegatives&gt;&lt;Documentable&gt;false&lt;/Documentable&gt;&lt;Mitigations&gt;&lt;/Mitigations&gt;&lt;SeverityOverrideGuidance&gt;&lt;/SeverityOverrideGuidance&gt;&lt;PotentialImpacts&gt;&lt;/PotentialImpacts&gt;&lt;ThirdPartyTools&gt;&lt;/ThirdPartyTools&gt;&lt;MitigationControl&gt;&lt;/MitigationControl&gt;&lt;Responsibility&gt;&lt;/Responsibility&gt;&lt;IAControls&gt;&lt;/IAControls&gt;</description><reference><dc:title>DPMS Target Cisco IOS XR Router NDM</dc:title><dc:publisher>DISA</dc:publisher><dc:type>DPMS Target</dc:type><dc:subject>Cisco IOS XR Router NDM</dc:subject><dc:identifier>4023</dc:identifier></reference><ident system="http://cyber.mil/legacy">SV-105545</ident><ident system="http://cyber.mil/legacy">V-96407</ident><ident system="http://cyber.mil/cci">CCI-001358</ident><ident system="http://cyber.mil/cci">CCI-002111</ident><fixtext fixref="F-17762r288277_fix">Step 1: Configure a local account with the necessary privilege level to troubleshoot network outage and restore operations as shown in the following example: 

RP/0/0/CPU0:R3(config)#username xxxxxxxxx group netadmin 
RP/0/0/CPU0:R3(config)#username xxxxxxxxx secret xxxxxx

Step 2: Configure the authentication order to use the local account if the authentication server is not reachable as shown in the following example:

RP/0/0/CPU0:R3(config)#aaa authentication login default group tacacs+ local</fixtext><fix id="F-17762r288277_fix" /><check system="C-17765r288276_chk"><check-content-ref href="U_Cisco_IOS-XR_Router_NDM_STIG_V2R4_Manual-xccdf.xml" name="M" /><check-content>Step 1: Review the Cisco router configuration to verify that a local account for last resort has been configured.

username xxxxxxxxxxxx
 group netadmin
 secret 5 xxxxxxxxxxxxxxxxxxxx

Note: The following groups should not be assigned to this local account: root-system and root-lr. A custom group that provides appropriate tasks can be used.

Step 2: Verify that local is defined after radius or tacas+ in the authentication order as shown in the example below.

aaa authentication login default group tacacs+ local

If the Cisco router is not configured with only one local account to be used as the account of last resort in the event the authentication server is unavailable, this is a finding.</check-content></check></Rule></Group><Group id="V-216531"><title>SRG-APP-000156-NDM-000250</title><description>&lt;GroupDescription&gt;&lt;/GroupDescription&gt;</description><Rule id="SV-216531r879597_rule" weight="10.0" severity="medium"><version>CISC-ND-000530</version><title>The Cisco router must be configured to implement replay-resistant authentication mechanisms for network access to privileged accounts.</title><description>&lt;VulnDiscussion&gt;A replay attack may enable an unauthorized user to gain access to the application. Authentication sessions between the authenticator and the application validating the user credentials must not be vulnerable to a replay attack.

An authentication process resists replay attacks if it is impractical to achieve a successful authentication by recording and replaying a previous authentication message. 

Techniques used to address this include protocols using nonces (e.g., numbers generated for a specific one-time use) or challenges (e.g., TLS, WS_Security). Additional techniques include time-synchronous or challenge-response one-time authenticators.&lt;/VulnDiscussion&gt;&lt;FalsePositives&gt;&lt;/FalsePositives&gt;&lt;FalseNegatives&gt;&lt;/FalseNegatives&gt;&lt;Documentable&gt;false&lt;/Documentable&gt;&lt;Mitigations&gt;&lt;/Mitigations&gt;&lt;SeverityOverrideGuidance&gt;&lt;/SeverityOverrideGuidance&gt;&lt;PotentialImpacts&gt;&lt;/PotentialImpacts&gt;&lt;ThirdPartyTools&gt;&lt;/ThirdPartyTools&gt;&lt;MitigationControl&gt;&lt;/MitigationControl&gt;&lt;Responsibility&gt;&lt;/Responsibility&gt;&lt;IAControls&gt;&lt;/IAControls&gt;</description><reference><dc:title>DPMS Target Cisco IOS XR Router NDM</dc:title><dc:publisher>DISA</dc:publisher><dc:type>DPMS Target</dc:type><dc:subject>Cisco IOS XR Router NDM</dc:subject><dc:identifier>4023</dc:identifier></reference><ident system="http://cyber.mil/legacy">SV-105551</ident><ident system="http://cyber.mil/legacy">V-96413</ident><ident system="http://cyber.mil/cci">CCI-001941</ident><fixtext fixref="F-17763r288280_fix">Configure the router to use SSH version 2 as shown in the example below.

RP/0/0/CPU0:R3(config)#ssh server v2</fixtext><fix id="F-17763r288280_fix" /><check system="C-17766r288279_chk"><check-content-ref href="U_Cisco_IOS-XR_Router_NDM_STIG_V2R4_Manual-xccdf.xml" name="M" /><check-content>Review the router configuration to verify that SSH version 2 is configured as shown in the example below.

ssh server v2

Note: IOS XR supports SSHv1 and SSHv2. SSHv1 uses Rivest, Shamir, and Adelman (RSA) keys while SSHv2 uses Digital Signature Algorithm (DSA) keys.

If the router is not configured to implement replay-resistant authentication mechanisms for network access to privileged accounts, this is a finding.</check-content></check></Rule></Group><Group id="V-216532"><title>SRG-APP-000190-NDM-000267</title><description>&lt;GroupDescription&gt;&lt;/GroupDescription&gt;</description><Rule id="SV-216532r916342_rule" weight="10.0" severity="high"><version>CISC-ND-000720</version><title>The Cisco router must be configured to terminate all network connections associated with device management after five minutes of inactivity.</title><description>&lt;VulnDiscussion&gt;Terminating an idle session within a short time period reduces the window of opportunity for unauthorized personnel to take control of a management session enabled on the console or console port that has been left unattended. In addition, quickly terminating an idle session will also free up resources committed by the managed network element. 

Terminating network connections associated with communications sessions includes, for example, de-allocating associated TCP/IP address/port pairs at the operating system level, or de-allocating networking assignments at the application level if multiple application sessions are using a single, operating system-level network connection. This does not mean that the device terminates all sessions or network access; it only ends the inactive session and releases the resources associated with that session.&lt;/VulnDiscussion&gt;&lt;FalsePositives&gt;&lt;/FalsePositives&gt;&lt;FalseNegatives&gt;&lt;/FalseNegatives&gt;&lt;Documentable&gt;false&lt;/Documentable&gt;&lt;Mitigations&gt;&lt;/Mitigations&gt;&lt;SeverityOverrideGuidance&gt;&lt;/SeverityOverrideGuidance&gt;&lt;PotentialImpacts&gt;&lt;/PotentialImpacts&gt;&lt;ThirdPartyTools&gt;&lt;/ThirdPartyTools&gt;&lt;MitigationControl&gt;&lt;/MitigationControl&gt;&lt;Responsibility&gt;&lt;/Responsibility&gt;&lt;IAControls&gt;&lt;/IAControls&gt;</description><reference><dc:title>DPMS Target Cisco IOS XR Router NDM</dc:title><dc:publisher>DISA</dc:publisher><dc:type>DPMS Target</dc:type><dc:subject>Cisco IOS XR Router NDM</dc:subject><dc:identifier>4023</dc:identifier></reference><ident system="http://cyber.mil/legacy">SV-105559</ident><ident system="http://cyber.mil/legacy">V-96421</ident><ident system="http://cyber.mil/cci">CCI-001133</ident><fixtext fixref="F-17764r916291_fix">Set the idle timeout value to five minutes or less on all configured login classes as shown in the example below.

RP/0/0/CPU0:R3(config)#line con 
RP/0/0/CPU0:R3(config-line)#exec-timeout
RP/0/0/CPU0:R3(config)#line default 
RP/0/0/CPU0:R3(config-line)#exec-timeout 5 0</fixtext><fix id="F-17764r916291_fix" /><check system="C-17767r916290_chk"><check-content-ref href="U_Cisco_IOS-XR_Router_NDM_STIG_V2R4_Manual-xccdf.xml" name="M" /><check-content>Review the Cisco router configuration to verify that all network connections associated with a device management have an idle timeout value set to five minutes or less as shown in the following example:

line console
  …
  …
  …
 exec-timeout 5 0
!
line default
  …
  …
  …
 exec-timeout 5 0
 transport input ssh

If the Cisco router is not configured to terminate all network connections associated with a device management after five minutes of inactivity, this is a finding.</check-content></check></Rule></Group><Group id="V-216533"><title>SRG-APP-000357-NDM-000293</title><description>&lt;GroupDescription&gt;&lt;/GroupDescription&gt;</description><Rule id="SV-216533r879730_rule" weight="10.0" severity="medium"><version>CISC-ND-000980</version><title>The Cisco router must be configured to allocate audit record storage capacity in accordance with organization-defined audit record storage requirements.</title><description>&lt;VulnDiscussion&gt;In order to ensure network devices have a sufficient storage capacity in which to write the audit logs, they need to be able to allocate audit record storage capacity. The task of allocating audit record storage capacity is usually performed during initial device setup if it is modifiable. 

The value for the organization-defined audit record storage requirement will depend on the amount of storage available on the network device, the anticipated volume of logs, the frequency of transfer from the network device to centralized log servers, and other factors.&lt;/VulnDiscussion&gt;&lt;FalsePositives&gt;&lt;/FalsePositives&gt;&lt;FalseNegatives&gt;&lt;/FalseNegatives&gt;&lt;Documentable&gt;false&lt;/Documentable&gt;&lt;Mitigations&gt;&lt;/Mitigations&gt;&lt;SeverityOverrideGuidance&gt;&lt;/SeverityOverrideGuidance&gt;&lt;PotentialImpacts&gt;&lt;/PotentialImpacts&gt;&lt;ThirdPartyTools&gt;&lt;/ThirdPartyTools&gt;&lt;MitigationControl&gt;&lt;/MitigationControl&gt;&lt;Responsibility&gt;&lt;/Responsibility&gt;&lt;IAControls&gt;&lt;/IAControls&gt;</description><reference><dc:title>DPMS Target Cisco IOS XR Router NDM</dc:title><dc:publisher>DISA</dc:publisher><dc:type>DPMS Target</dc:type><dc:subject>Cisco IOS XR Router NDM</dc:subject><dc:identifier>4023</dc:identifier></reference><ident system="http://cyber.mil/legacy">SV-105581</ident><ident system="http://cyber.mil/legacy">V-96443</ident><ident system="http://cyber.mil/cci">CCI-001849</ident><fixtext fixref="F-17765r288286_fix">Configure the logging buffer size as well as the active log file size and the amount of storage to be reserved for archive log files as shown in the example below.

RP/0/0/CPU0:R3(config)#logging buffered 8888888
RP/0/0/CPU0:R3(config)#logging archive
RP/0/0/CPU0:R3(config-logging-arch)#severity notifications
RP/0/0/CPU0:R3(config-logging-arch)#device harddisk
RP/0/0/CPU0:R3(config-logging-arch)#archive-size 100 
RP/0/0/CPU0:R3(config-logging-arch)#file-size 10
RP/0/0/CPU0:R3(config-logging-arch)#end</fixtext><fix id="F-17765r288286_fix" /><check system="C-17768r288285_chk"><check-content-ref href="U_Cisco_IOS-XR_Router_NDM_STIG_V2R4_Manual-xccdf.xml" name="M" /><check-content>Verify that the Cisco router is configured with a logging buffer size as well as on the hard drive. The configuration should look like the example below:

logging archive
 device harddisk
 severity notifications
 file-size 10
 archive-size 100
…
…
…
logging buffered 8888888

If a logging buffer size and the archive size is not configured, this is a finding.

If the Cisco router is not configured to allocate audit record storage capacity in accordance with organization-defined audit record storage requirements, this is a finding.</check-content></check></Rule></Group><Group id="V-216534"><title>SRG-APP-000360-NDM-000295</title><description>&lt;GroupDescription&gt;&lt;/GroupDescription&gt;</description><Rule id="SV-216534r879733_rule" weight="10.0" severity="medium"><version>CISC-ND-001000</version><title>The Cisco router must be configured to generate an alert for all audit failure events.</title><description>&lt;VulnDiscussion&gt;It is critical for the appropriate personnel to be aware if a system is at risk of failing to process audit logs as required. Without a real-time alert, security personnel may be unaware of an impending failure of the audit capability and system operation may be adversely affected. 

Alerts provide organizations with urgent messages. Real-time alerts provide these messages immediately (i.e., the time from event detection to alert occurs in seconds or less).&lt;/VulnDiscussion&gt;&lt;FalsePositives&gt;&lt;/FalsePositives&gt;&lt;FalseNegatives&gt;&lt;/FalseNegatives&gt;&lt;Documentable&gt;false&lt;/Documentable&gt;&lt;Mitigations&gt;&lt;/Mitigations&gt;&lt;SeverityOverrideGuidance&gt;&lt;/SeverityOverrideGuidance&gt;&lt;PotentialImpacts&gt;&lt;/PotentialImpacts&gt;&lt;ThirdPartyTools&gt;&lt;/ThirdPartyTools&gt;&lt;MitigationControl&gt;&lt;/MitigationControl&gt;&lt;Responsibility&gt;&lt;/Responsibility&gt;&lt;IAControls&gt;&lt;/IAControls&gt;</description><reference><dc:title>DPMS Target Cisco IOS XR Router NDM</dc:title><dc:publisher>DISA</dc:publisher><dc:type>DPMS Target</dc:type><dc:subject>Cisco IOS XR Router NDM</dc:subject><dc:identifier>4023</dc:identifier></reference><ident system="http://cyber.mil/legacy">SV-105585</ident><ident system="http://cyber.mil/legacy">V-96447</ident><ident system="http://cyber.mil/cci">CCI-001858</ident><fixtext fixref="F-17766r288289_fix">Configure the Cisco router to send critical to emergency log messages to the syslog server as shown in the example below.

RP/0/0/CPU0:R3(config)#logging 10.1.12.7 severity critical

Note: The parameter "critical" can replaced with a lesser severity level (i.e., error, warning, notice, informational).</fixtext><fix id="F-17766r288289_fix" /><check system="C-17769r288288_chk"><check-content-ref href="U_Cisco_IOS-XR_Router_NDM_STIG_V2R4_Manual-xccdf.xml" name="M" /><check-content>Review the Cisco router configuration to verify that it is compliant with this requirement as shown in the example below.

logging 10.1.12.7 vrf default severity critical

Note: The parameter "critical" can be replaced with a lesser severity level (i.e., error, warning, notice, informational). 

If the Cisco router is not configured to generate an alert for all audit failure events, this is a finding.</check-content></check></Rule></Group><Group id="V-216535"><title>SRG-APP-000373-NDM-000298</title><description>&lt;GroupDescription&gt;&lt;/GroupDescription&gt;</description><Rule id="SV-216535r879746_rule" weight="10.0" severity="medium"><version>CISC-ND-001030</version><title>The Cisco router must be configured to synchronize its clock with the primary and secondary time sources using redundant authoritative time sources.</title><description>&lt;VulnDiscussion&gt;The loss of connectivity to a particular authoritative time source will result in the loss of time synchronization (free-run mode) and increasingly inaccurate time stamps on audit events and other functions. 

Multiple time sources provide redundancy by including a secondary source. Time synchronization is usually a hierarchy; clients synchronize time to a local source while that source synchronizes its time to a more accurate source. The network device must utilize an authoritative time server and/or be configured to use redundant authoritative time sources. This requirement is related to the comparison done in CCI-001891.

DoD-approved solutions consist of a combination of a primary and secondary time source using a combination or multiple instances of the following: a time server designated for the appropriate DoD network (NIPRNet/SIPRNet); United States Naval Observatory (USNO) time servers; and/or the Global Positioning System (GPS). The secondary time source must be located in a different geographic region than the primary time source.&lt;/VulnDiscussion&gt;&lt;FalsePositives&gt;&lt;/FalsePositives&gt;&lt;FalseNegatives&gt;&lt;/FalseNegatives&gt;&lt;Documentable&gt;false&lt;/Documentable&gt;&lt;Mitigations&gt;&lt;/Mitigations&gt;&lt;SeverityOverrideGuidance&gt;&lt;/SeverityOverrideGuidance&gt;&lt;PotentialImpacts&gt;&lt;/PotentialImpacts&gt;&lt;ThirdPartyTools&gt;&lt;/ThirdPartyTools&gt;&lt;MitigationControl&gt;&lt;/MitigationControl&gt;&lt;Responsibility&gt;&lt;/Responsibility&gt;&lt;IAControls&gt;&lt;/IAControls&gt;</description><reference><dc:title>DPMS Target Cisco IOS XR Router NDM</dc:title><dc:publisher>DISA</dc:publisher><dc:type>DPMS Target</dc:type><dc:subject>Cisco IOS XR Router NDM</dc:subject><dc:identifier>4023</dc:identifier></reference><ident system="http://cyber.mil/legacy">SV-105587</ident><ident system="http://cyber.mil/legacy">V-96449</ident><ident system="http://cyber.mil/cci">CCI-000366</ident><ident system="http://cyber.mil/cci">CCI-001893</ident><fixtext fixref="F-17767r288292_fix">Configure the Cisco router to synchronize its clock with redundant authoritative time sources as shown in the example below.

RP/0/0/CPU0:R3 (config)#ntp server x.x.x.x
RP/0/0/CPU0:R3 (config)#ntp server y.y.y.y</fixtext><fix id="F-17767r288292_fix" /><check system="C-17770r288291_chk"><check-content-ref href="U_Cisco_IOS-XR_Router_NDM_STIG_V2R4_Manual-xccdf.xml" name="M" /><check-content>Review the Cisco router configuration to verify that it is compliant with this requirement as shown in the configuration example below.

ntp server x.x.x.x
ntp server y.y.y.y

If the Cisco router is not configured to synchronize its clock with redundant authoritative time sources, this is a finding.</check-content></check></Rule></Group><Group id="V-216536"><title>SRG-APP-000375-NDM-000300</title><description>&lt;GroupDescription&gt;&lt;/GroupDescription&gt;</description><Rule id="SV-216536r879748_rule" weight="10.0" severity="medium"><version>CISC-ND-001040</version><title>The Cisco router must record time stamps for audit records that meet a granularity of one second for a minimum degree of precision.</title><description>&lt;VulnDiscussion&gt;Without sufficient granularity of time stamps, it is not possible to adequately determine the chronological order of records. Time stamps generated by the application include date and time. Granularity of time measurements refers to the degree of synchronization between information system clocks and reference clocks.&lt;/VulnDiscussion&gt;&lt;FalsePositives&gt;&lt;/FalsePositives&gt;&lt;FalseNegatives&gt;&lt;/FalseNegatives&gt;&lt;Documentable&gt;false&lt;/Documentable&gt;&lt;Mitigations&gt;&lt;/Mitigations&gt;&lt;SeverityOverrideGuidance&gt;&lt;/SeverityOverrideGuidance&gt;&lt;PotentialImpacts&gt;&lt;/PotentialImpacts&gt;&lt;ThirdPartyTools&gt;&lt;/ThirdPartyTools&gt;&lt;MitigationControl&gt;&lt;/MitigationControl&gt;&lt;Responsibility&gt;&lt;/Responsibility&gt;&lt;IAControls&gt;&lt;/IAControls&gt;</description><reference><dc:title>DPMS Target Cisco IOS XR Router NDM</dc:title><dc:publisher>DISA</dc:publisher><dc:type>DPMS Target</dc:type><dc:subject>Cisco IOS XR Router NDM</dc:subject><dc:identifier>4023</dc:identifier></reference><ident system="http://cyber.mil/legacy">SV-105589</ident><ident system="http://cyber.mil/legacy">V-96451</ident><ident system="http://cyber.mil/cci">CCI-001889</ident><fixtext fixref="F-17768r288295_fix">Configure the Cisco router to record time stamps that meet a granularity of one second as shown in the example below.

RP/0/0/CPU0:R3(config)#service timestamps log datetime localtime</fixtext><fix id="F-17768r288295_fix" /><check system="C-17771r288294_chk"><check-content-ref href="U_Cisco_IOS-XR_Router_NDM_STIG_V2R4_Manual-xccdf.xml" name="M" /><check-content>Review the Cisco router configuration to verify that it is compliant with this requirement as shown in the example below.

hostname R3
service timestamps log datetime localtime

If the router is not configured to record time stamps that meet a granularity of one second, this is a finding.</check-content></check></Rule></Group><Group id="V-216537"><title>SRG-APP-000374-NDM-000299</title><description>&lt;GroupDescription&gt;&lt;/GroupDescription&gt;</description><Rule id="SV-216537r879747_rule" weight="10.0" severity="medium"><version>CISC-ND-001050</version><title>The Cisco router must be configured to record time stamps for log records that can be mapped to Coordinated Universal Time (UTC) or Greenwich Mean Time (GMT).</title><description>&lt;VulnDiscussion&gt;If time stamps are not consistently applied and there is no common time reference, it is difficult to perform forensic analysis.

Time stamps generated by the application include date and time. Time is commonly expressed in UTC, a modern continuation of GMT, or local time with an offset from UTC.&lt;/VulnDiscussion&gt;&lt;FalsePositives&gt;&lt;/FalsePositives&gt;&lt;FalseNegatives&gt;&lt;/FalseNegatives&gt;&lt;Documentable&gt;false&lt;/Documentable&gt;&lt;Mitigations&gt;&lt;/Mitigations&gt;&lt;SeverityOverrideGuidance&gt;&lt;/SeverityOverrideGuidance&gt;&lt;PotentialImpacts&gt;&lt;/PotentialImpacts&gt;&lt;ThirdPartyTools&gt;&lt;/ThirdPartyTools&gt;&lt;MitigationControl&gt;&lt;/MitigationControl&gt;&lt;Responsibility&gt;&lt;/Responsibility&gt;&lt;IAControls&gt;&lt;/IAControls&gt;</description><reference><dc:title>DPMS Target Cisco IOS XR Router NDM</dc:title><dc:publisher>DISA</dc:publisher><dc:type>DPMS Target</dc:type><dc:subject>Cisco IOS XR Router NDM</dc:subject><dc:identifier>4023</dc:identifier></reference><ident system="http://cyber.mil/legacy">SV-105591</ident><ident system="http://cyber.mil/legacy">V-96453</ident><ident system="http://cyber.mil/cci">CCI-001890</ident><fixtext fixref="F-17769r288298_fix">Configure the Cisco router to record time stamps for audit records that can be mapped to UTC or GMT as shown in the example below.

RP/0/0/CPU0:R3(config)#clock timezone EST -5
RP/0/0/CPU0:R3(config)#service timestamps log datetime localtime</fixtext><fix id="F-17769r288298_fix" /><check system="C-17772r288297_chk"><check-content-ref href="U_Cisco_IOS-XR_Router_NDM_STIG_V2R4_Manual-xccdf.xml" name="M" /><check-content>Review the Cisco router configuration to verify that it is compliant with this requirement as shown in the example below.

hostname R3
clock timezone EST -5
service timestamps log datetime localtime

Note: UTC is the default; hence, the command set time-zone may not be seen in the configuration. This can be verified using the show system uptime command.

If the router is not configured to record time stamps for audit records that can be mapped to UTC or GMT, this is a finding.</check-content></check></Rule></Group><Group id="V-216538"><title>SRG-APP-000395-NDM-000310</title><description>&lt;GroupDescription&gt;&lt;/GroupDescription&gt;</description><Rule id="SV-216538r879768_rule" weight="10.0" severity="medium"><version>CISC-ND-001130</version><title>The Cisco router must be configured to authenticate SNMP messages using a FIPS-validated Keyed-Hash Message Authentication Code (HMAC).</title><description>&lt;VulnDiscussion&gt;Without authenticating devices, unidentified or unknown devices may be introduced, thereby facilitating malicious activity. Bidirectional authentication provides stronger safeguards to validate the identity of other devices for connections that are of greater risk.

A local connection is any connection with a device communicating without the use of a network. A network connection is any connection with a device that communicates through a network (e.g., local area or wide area network, Internet). A remote connection is any connection with a device communicating through an external network (e.g., the Internet).

Because of the challenges of applying this requirement on a large scale, organizations are encouraged to only apply the requirement to those limited number (and type) of devices that truly need to support this capability.&lt;/VulnDiscussion&gt;&lt;FalsePositives&gt;&lt;/FalsePositives&gt;&lt;FalseNegatives&gt;&lt;/FalseNegatives&gt;&lt;Documentable&gt;false&lt;/Documentable&gt;&lt;Mitigations&gt;&lt;/Mitigations&gt;&lt;SeverityOverrideGuidance&gt;&lt;/SeverityOverrideGuidance&gt;&lt;PotentialImpacts&gt;&lt;/PotentialImpacts&gt;&lt;ThirdPartyTools&gt;&lt;/ThirdPartyTools&gt;&lt;MitigationControl&gt;&lt;/MitigationControl&gt;&lt;Responsibility&gt;&lt;/Responsibility&gt;&lt;IAControls&gt;&lt;/IAControls&gt;</description><reference><dc:title>DPMS Target Cisco IOS XR Router NDM</dc:title><dc:publisher>DISA</dc:publisher><dc:type>DPMS Target</dc:type><dc:subject>Cisco IOS XR Router NDM</dc:subject><dc:identifier>4023</dc:identifier></reference><ident system="http://cyber.mil/legacy">SV-105601</ident><ident system="http://cyber.mil/legacy">V-96463</ident><ident system="http://cyber.mil/cci">CCI-001967</ident><fixtext fixref="F-17770r288301_fix">Configure the Cisco router to authenticate SNMP messages as shown in the example below.

RP/0/0/CPU0:R3(config)#snmp-server group V3GROUP v3 auth read V3READ write V3WRITE
RP/0/0/CPU0:R3(config)#snmp-server user V3USER V3GROUP v3 auth sha xxxxxx 
RP/0/0/CPU0:R3(config)#snmp-server view V3READ iso included
RP/0/0/CPU0:R3(config)#snmp-server view V3WRITE iso included
RP/0/0/CPU0:R3(config)#snmp-server host x.x.x.x version 3 auth V3USER</fixtext><fix id="F-17770r288301_fix" /><check system="C-17773r288300_chk"><check-content-ref href="U_Cisco_IOS-XR_Router_NDM_STIG_V2R4_Manual-xccdf.xml" name="M" /><check-content>Review the Cisco router configuration to verify that it is compliant with this requirement as shown in the example below.

snmp-server host x.x.x.x traps version 3 auth V3USER
snmp-server user V3USER V3GROUP v3 auth sha 
snmp-server view V3READ iso included
snmp-server view V3WRITE iso included
snmp-server group V3GROUP v3 auth read V3READ write V3WRITE

If the Cisco router is not configured to authenticate SNMP messages using a FIPS-validated HMAC, this is a finding.</check-content></check></Rule></Group><Group id="V-216539"><title>SRG-APP-000395-NDM-000310</title><description>&lt;GroupDescription&gt;&lt;/GroupDescription&gt;</description><Rule id="SV-216539r879768_rule" weight="10.0" severity="medium"><version>CISC-ND-001140</version><title>The Cisco router must be configured to encrypt SNMP messages using a FIPS 140-2 approved algorithm.</title><description>&lt;VulnDiscussion&gt;Without the strong encryption that is provided by the SNMP Version 3 User-based Security Model (USM), an unauthorized user can gain access to network management information that can be used to create a network outage.&lt;/VulnDiscussion&gt;&lt;FalsePositives&gt;&lt;/FalsePositives&gt;&lt;FalseNegatives&gt;&lt;/FalseNegatives&gt;&lt;Documentable&gt;false&lt;/Documentable&gt;&lt;Mitigations&gt;&lt;/Mitigations&gt;&lt;SeverityOverrideGuidance&gt;&lt;/SeverityOverrideGuidance&gt;&lt;PotentialImpacts&gt;&lt;/PotentialImpacts&gt;&lt;ThirdPartyTools&gt;&lt;/ThirdPartyTools&gt;&lt;MitigationControl&gt;&lt;/MitigationControl&gt;&lt;Responsibility&gt;&lt;/Responsibility&gt;&lt;IAControls&gt;&lt;/IAControls&gt;</description><reference><dc:title>DPMS Target Cisco IOS XR Router NDM</dc:title><dc:publisher>DISA</dc:publisher><dc:type>DPMS Target</dc:type><dc:subject>Cisco IOS XR Router NDM</dc:subject><dc:identifier>4023</dc:identifier></reference><ident system="http://cyber.mil/legacy">SV-105603</ident><ident system="http://cyber.mil/legacy">V-96465</ident><ident system="http://cyber.mil/cci">CCI-000068</ident><fixtext fixref="F-17771r288304_fix">Configure the Cisco router to encrypt SNMP messages using a FIPS 140-2 approved algorithm as shown in the example below.

RP/0/0/CPU0:R3(config)#snmp-server group V3GROUP v3 auth read V3READ write V3WRITE
RP/0/0/CPU0:R3(config)#snmp-server user V3USER V3GROUP v3 auth sha xxxxxx priv aes 256 xxxxxx
RP/0/0/CPU0:R3(config)#snmp-server view V3READ iso included
RP/0/0/CPU0:R3(config)#snmp-server view V3WRITE iso included
RP/0/0/CPU0:R3(config)#snmp-server host x.x.x.x version 3 auth V3USER</fixtext><fix id="F-17771r288304_fix" /><check system="C-17774r288303_chk"><check-content-ref href="U_Cisco_IOS-XR_Router_NDM_STIG_V2R4_Manual-xccdf.xml" name="M" /><check-content>Review the Cisco router configuration to verify that it is compliant with this requirement as shown in the example below.

snmp-server host x.x.x.x traps version 3 auth V3USER
snmp-server user V3USER V3GROUP v3 auth sha encrypted 110B1607150B
snmp-server view V3READ iso included
snmp-server view V3WRITE iso included
snmp-server group V3GROUP v3 auth read V3READ write V3WRITE

If the Cisco router is not configured to encrypt SNMP messages using a FIPS 140-2 approved algorithm, this is a finding.</check-content></check></Rule></Group><Group id="V-216540"><title>SRG-APP-000395-NDM-000347</title><description>&lt;GroupDescription&gt;&lt;/GroupDescription&gt;</description><Rule id="SV-216540r879768_rule" weight="10.0" severity="medium"><version>CISC-ND-001150</version><title>The Cisco router must be configured to authenticate NTP sources using authentication that is cryptographically based.</title><description>&lt;VulnDiscussion&gt;If Network Time Protocol is not authenticated, an attacker can introduce a rogue NTP server. This rogue server can then be used to send incorrect time information to network devices, which will make log timestamps inaccurate and affect scheduled actions. NTP authentication is used to prevent this tampering by authenticating the time source.&lt;/VulnDiscussion&gt;&lt;FalsePositives&gt;&lt;/FalsePositives&gt;&lt;FalseNegatives&gt;&lt;/FalseNegatives&gt;&lt;Documentable&gt;false&lt;/Documentable&gt;&lt;Mitigations&gt;&lt;/Mitigations&gt;&lt;SeverityOverrideGuidance&gt;&lt;/SeverityOverrideGuidance&gt;&lt;PotentialImpacts&gt;&lt;/PotentialImpacts&gt;&lt;ThirdPartyTools&gt;&lt;/ThirdPartyTools&gt;&lt;MitigationControl&gt;&lt;/MitigationControl&gt;&lt;Responsibility&gt;&lt;/Responsibility&gt;&lt;IAControls&gt;&lt;/IAControls&gt;</description><reference><dc:title>DPMS Target Cisco IOS XR Router NDM</dc:title><dc:publisher>DISA</dc:publisher><dc:type>DPMS Target</dc:type><dc:subject>Cisco IOS XR Router NDM</dc:subject><dc:identifier>4023</dc:identifier></reference><ident system="http://cyber.mil/legacy">SV-105605</ident><ident system="http://cyber.mil/legacy">V-96467</ident><ident system="http://cyber.mil/cci">CCI-001967</ident><fixtext fixref="F-17772r288307_fix">Configure the Cisco router to authenticate NTP sources using authentication that is cryptographically based as shown in the example below.

RP/0/0/CPU0:R4#ntp authenticate
RP/0/0/CPU0:R4#ntp authentication-key 1 md5 xxxxxx
RP/0/0/CPU0:R4#ntp trusted-key
RP/0/0/CPU0:R4#ntp server x.x.x.x key 1
RP/0/0/CPU0:R4#ntp server y.y.y.y key 1</fixtext><fix id="F-17772r288307_fix" /><check system="C-17775r288306_chk"><check-content-ref href="U_Cisco_IOS-XR_Router_NDM_STIG_V2R4_Manual-xccdf.xml" name="M" /><check-content>Review the Cisco router configuration to verify that it is compliant with this requirement as shown in the configuration example below.

ntp
 authentication-key 1 md5 encrypted 030654090416
 trusted-key 1
 server x.x.x.x key 1
 server y.y.y.y key 1

If the Cisco router is not configured to authenticate NTP sources using authentication that is cryptographically based, this is a finding.</check-content></check></Rule></Group><Group id="V-216541"><title>SRG-APP-000411-NDM-000330</title><description>&lt;GroupDescription&gt;&lt;/GroupDescription&gt;</description><Rule id="SV-216541r879784_rule" weight="10.0" severity="high"><version>CISC-ND-001200</version><title>The Cisco router must be configured to use FIPS-validated Keyed-Hash Message Authentication Code (HMAC) to protect the integrity of remote maintenance sessions.</title><description>&lt;VulnDiscussion&gt;Unapproved mechanisms that are used for authentication to the cryptographic module are not verified and therefore cannot be relied upon to provide confidentiality or integrity, and DoD data may be compromised.

Nonlocal maintenance and diagnostic activities are those activities conducted by individuals communicating through a network, either an external network (e.g., the Internet) or an internal network. 

Currently, HMAC is the only FIPS-approved algorithm for generating and verifying message/data authentication codes in accordance with FIPS 198-1. Products that are FIPS 140-2 validated will have an HMAC that meets specification; however, the option must be configured for use as the only message authentication code use d for authentication to cryptographic modules.&lt;/VulnDiscussion&gt;&lt;FalsePositives&gt;&lt;/FalsePositives&gt;&lt;FalseNegatives&gt;&lt;/FalseNegatives&gt;&lt;Documentable&gt;false&lt;/Documentable&gt;&lt;Mitigations&gt;&lt;/Mitigations&gt;&lt;SeverityOverrideGuidance&gt;&lt;/SeverityOverrideGuidance&gt;&lt;PotentialImpacts&gt;&lt;/PotentialImpacts&gt;&lt;ThirdPartyTools&gt;&lt;/ThirdPartyTools&gt;&lt;MitigationControl&gt;&lt;/MitigationControl&gt;&lt;Responsibility&gt;&lt;/Responsibility&gt;&lt;IAControls&gt;&lt;/IAControls&gt;</description><reference><dc:title>DPMS Target Cisco IOS XR Router NDM</dc:title><dc:publisher>DISA</dc:publisher><dc:type>DPMS Target</dc:type><dc:subject>Cisco IOS XR Router NDM</dc:subject><dc:identifier>4023</dc:identifier></reference><ident system="http://cyber.mil/legacy">SV-105611</ident><ident system="http://cyber.mil/legacy">V-96473</ident><ident system="http://cyber.mil/cci">CCI-002890</ident><fixtext fixref="F-17773r288310_fix">Configure the router to use SSH version 2 as shown in the example below.

RP/0/0/CPU0:R3(config)#ssh server v2</fixtext><fix id="F-17773r288310_fix" /><check system="C-17776r288309_chk"><check-content-ref href="U_Cisco_IOS-XR_Router_NDM_STIG_V2R4_Manual-xccdf.xml" name="M" /><check-content>Review the router configuration to verify that SSH version 2 is configured as shown in the example below.

ssh server v2

Note: IOS XR supports SSHv1 and SSHv2. SSHv1 uses Rivest, Shamir, and Adelman (RSA) keys while SSHv2 uses Digital Signature Algorithm (DSA) keys which is FIPS 186-4.

If the Cisco router is not configured to use FIPS-validated HMAC to protect the integrity of remote maintenance sessions, this is a finding.</check-content></check></Rule></Group><Group id="V-216542"><title>SRG-APP-000412-NDM-000331</title><description>&lt;GroupDescription&gt;&lt;/GroupDescription&gt;</description><Rule id="SV-216542r879785_rule" weight="10.0" severity="high"><version>CISC-ND-001210</version><title>The Cisco router must be configured to implement cryptographic mechanisms to protect the confidentiality of remote maintenance sessions.</title><description>&lt;VulnDiscussion&gt;This requires the use of secure protocols instead of their unsecured counterparts, such as SSH instead of telnet, SCP instead of FTP, and HTTPS instead of HTTP. If unsecured protocols (lacking cryptographic mechanisms) are used for sessions, the contents of those sessions will be susceptible to eavesdropping, potentially putting sensitive data (including administrator passwords) at risk of compromise and potentially allowing hijacking of maintenance sessions.&lt;/VulnDiscussion&gt;&lt;FalsePositives&gt;&lt;/FalsePositives&gt;&lt;FalseNegatives&gt;&lt;/FalseNegatives&gt;&lt;Documentable&gt;false&lt;/Documentable&gt;&lt;Mitigations&gt;&lt;/Mitigations&gt;&lt;SeverityOverrideGuidance&gt;&lt;/SeverityOverrideGuidance&gt;&lt;PotentialImpacts&gt;&lt;/PotentialImpacts&gt;&lt;ThirdPartyTools&gt;&lt;/ThirdPartyTools&gt;&lt;MitigationControl&gt;&lt;/MitigationControl&gt;&lt;Responsibility&gt;&lt;/Responsibility&gt;&lt;IAControls&gt;&lt;/IAControls&gt;</description><reference><dc:title>DPMS Target Cisco IOS XR Router NDM</dc:title><dc:publisher>DISA</dc:publisher><dc:type>DPMS Target</dc:type><dc:subject>Cisco IOS XR Router NDM</dc:subject><dc:identifier>4023</dc:identifier></reference><ident system="http://cyber.mil/legacy">SV-105613</ident><ident system="http://cyber.mil/legacy">V-96475</ident><ident system="http://cyber.mil/cci">CCI-003123</ident><fixtext fixref="F-17774r288313_fix">Configure the router to use SSH version 2 as shown in the example below.

RP/0/0/CPU0:R3(config)#ssh server v2</fixtext><fix id="F-17774r288313_fix" /><check system="C-17777r288312_chk"><check-content-ref href="U_Cisco_IOS-XR_Router_NDM_STIG_V2R4_Manual-xccdf.xml" name="M" /><check-content>Review the router configuration to verify that SSH version 2 is configured as shown in the example below.

ssh server v2

Note: IOS XR supports SSHv1 and SSHv2. The AES encryption algorithm is supported on the SSHv2 server and client, but not on the SSHv1 server and client. Any requests for an AES cipher sent by an SSHv2 client to an SSHv1 server are ignored, with the server using 3DES instead. The cipher preference for the SSH server follows the order AES128, AES192, AES256, and, finally, 3DES. The server rejects any requests by the client for an unsupported cipher, and the SSH session does not proceed.

If the router is configured to implement SSH version 1, this is a finding.</check-content></check></Rule></Group><Group id="V-216543"><title>SRG-APP-000515-NDM-000325</title><description>&lt;GroupDescription&gt;&lt;/GroupDescription&gt;</description><Rule id="SV-216543r879886_rule" weight="10.0" severity="medium"><version>CISC-ND-001310</version><title>The Cisco router must be configured to off-load log records onto a different system than the system being audited.</title><description>&lt;VulnDiscussion&gt;Information stored in one location is vulnerable to accidental or incidental deletion or alteration.

Off-loading is a common process in information systems with limited audit storage capacity.&lt;/VulnDiscussion&gt;&lt;FalsePositives&gt;&lt;/FalsePositives&gt;&lt;FalseNegatives&gt;&lt;/FalseNegatives&gt;&lt;Documentable&gt;false&lt;/Documentable&gt;&lt;Mitigations&gt;&lt;/Mitigations&gt;&lt;SeverityOverrideGuidance&gt;&lt;/SeverityOverrideGuidance&gt;&lt;PotentialImpacts&gt;&lt;/PotentialImpacts&gt;&lt;ThirdPartyTools&gt;&lt;/ThirdPartyTools&gt;&lt;MitigationControl&gt;&lt;/MitigationControl&gt;&lt;Responsibility&gt;&lt;/Responsibility&gt;&lt;IAControls&gt;&lt;/IAControls&gt;</description><reference><dc:title>DPMS Target Cisco IOS XR Router NDM</dc:title><dc:publisher>DISA</dc:publisher><dc:type>DPMS Target</dc:type><dc:subject>Cisco IOS XR Router NDM</dc:subject><dc:identifier>4023</dc:identifier></reference><ident system="http://cyber.mil/legacy">SV-105615</ident><ident system="http://cyber.mil/legacy">V-96477</ident><ident system="http://cyber.mil/cci">CCI-001851</ident><fixtext fixref="F-17775r288316_fix">Configure the Cisco router to send log records to a syslog server as shown in the example below.

RP/0/0/CPU0:R3(config)#logging 10.1.12.7 severity info</fixtext><fix id="F-17775r288316_fix" /><check system="C-17778r288315_chk"><check-content-ref href="U_Cisco_IOS-XR_Router_NDM_STIG_V2R4_Manual-xccdf.xml" name="M" /><check-content>Review the Cisco router configuration to verify that it is compliant with this requirement as shown in the example below.

logging 10.1.12.7 vrf default severity info

If the Cisco router is not configured to off-load log records onto a different system than the system being audited, this is a finding.</check-content></check></Rule></Group><Group id="V-216544"><title>SRG-APP-000516-NDM-000336</title><description>&lt;GroupDescription&gt;&lt;/GroupDescription&gt;</description><Rule id="SV-216544r916111_rule" weight="10.0" severity="high"><version>CISC-ND-001370</version><title>The Cisco router must be configured to use at least two authentication servers for the purpose of authenticating users prior to granting administrative access.</title><description>&lt;VulnDiscussion&gt;Centralized management of user accounts and authentication increases the administrative access to the router. This control is particularly important protection against the insider threat. With robust centralized management, audit records for administrator account access to the organization's network devices can be more readily analyzed for trends and anomalies. The alternative method of defining administrator accounts on each device exposes the device configuration to remote access authentication attacks and system administrators with multiple authenticators for each network device.&lt;/VulnDiscussion&gt;&lt;FalsePositives&gt;&lt;/FalsePositives&gt;&lt;FalseNegatives&gt;&lt;/FalseNegatives&gt;&lt;Documentable&gt;false&lt;/Documentable&gt;&lt;Mitigations&gt;&lt;/Mitigations&gt;&lt;SeverityOverrideGuidance&gt;&lt;/SeverityOverrideGuidance&gt;&lt;PotentialImpacts&gt;&lt;/PotentialImpacts&gt;&lt;ThirdPartyTools&gt;&lt;/ThirdPartyTools&gt;&lt;MitigationControl&gt;&lt;/MitigationControl&gt;&lt;Responsibility&gt;&lt;/Responsibility&gt;&lt;IAControls&gt;&lt;/IAControls&gt;</description><reference><dc:title>DPMS Target Cisco IOS XR Router NDM</dc:title><dc:publisher>DISA</dc:publisher><dc:type>DPMS Target</dc:type><dc:subject>Cisco IOS XR Router NDM</dc:subject><dc:identifier>4023</dc:identifier></reference><ident system="http://cyber.mil/legacy">SV-105621</ident><ident system="http://cyber.mil/legacy">V-96483</ident><ident system="http://cyber.mil/cci">CCI-000370</ident><fixtext fixref="F-17776r916074_fix">Step 1: Configure the router to use at least two authentication servers as shown in the following example:

RP/0/0/CPU0:R3(config)#radius-server host 10.1.3.16 key xxxxxxxx
RP/0/0/CPU0:R3(config)#radius-server host 10.1.3.17 key xxxxxxxx

Step 2: Configure the authentication order to use the authentication servers as primary source for authentication as shown in the following example:

RP/0/0/CPU0:R3(config)#aaa authentication login LOGIN_AUTHENTICATION  group radius local

Step 3: Configure all network connections associated with a device management to use the authentication servers for the purpose of login authentication as shown in the following example:

RP/0/0/CPU0:R3(config)#line default
RP/0/0/CPU0:R3(config-line)#login authentication LOGIN_AUTHENTICATION
RP/0/0/CPU0:R3(config-line)#exit
RP/0/0/CPU0:R3(config)#line console 
RP/0/0/CPU0:R3(config-line)#login authentication LOGIN_AUTHENTICATION</fixtext><fix id="F-17776r916074_fix" /><check system="C-17779r916073_chk"><check-content-ref href="U_Cisco_IOS-XR_Router_NDM_STIG_V2R4_Manual-xccdf.xml" name="M" /><check-content>Review the Cisco router configuration to verify that the device is configured to use at least two authentication servers as primary source for authentication as shown in the following example:

radius-server host 10.1.3.16 auth-port 1645 acct-port 1646
 key xxxxxxxxxx
radius-server host 10.1.3.17 auth-port 1645 acct-port 1646
 key xxxxxxxxxx…
…
…
aaa authentication login LOGIN_AUTHENTICATION group radius local
line console
 login authentication LOGIN_AUTHENTICATION
!
line default 
 login authentication LOGIN_AUTHENTICATION
 transport input ssh

If the Cisco router is not configured to use at least two authentication servers for the purpose of authenticating users prior to granting administrative access, this is a finding.</check-content></check></Rule></Group><Group id="V-216545"><title>SRG-APP-000516-NDM-000340</title><description>&lt;GroupDescription&gt;&lt;/GroupDescription&gt;</description><Rule id="SV-216545r916221_rule" weight="10.0" severity="medium"><version>CISC-ND-001410</version><title>The Cisco router must be configured to back up the configuration when changes occur.</title><description>&lt;VulnDiscussion&gt;System-level information includes default and customized settings and security attributes, including ACLs that relate to the network device configuration, as well as software required for the execution and operation of the device. Information system backup is a critical step in ensuring system integrity and availability. If the system fails and there is no backup of the system-level information, a denial of service condition is possible for all who utilize this critical network component.

This control requires the network device to support the organizational central backup process for system-level information associated with the network device. This function may be provided by the network device itself; however, the preferred best practice is a centralized backup rather than each network device performing discrete backups.&lt;/VulnDiscussion&gt;&lt;FalsePositives&gt;&lt;/FalsePositives&gt;&lt;FalseNegatives&gt;&lt;/FalseNegatives&gt;&lt;Documentable&gt;false&lt;/Documentable&gt;&lt;Mitigations&gt;&lt;/Mitigations&gt;&lt;SeverityOverrideGuidance&gt;&lt;/SeverityOverrideGuidance&gt;&lt;PotentialImpacts&gt;&lt;/PotentialImpacts&gt;&lt;ThirdPartyTools&gt;&lt;/ThirdPartyTools&gt;&lt;MitigationControl&gt;&lt;/MitigationControl&gt;&lt;Responsibility&gt;&lt;/Responsibility&gt;&lt;IAControls&gt;&lt;/IAControls&gt;</description><reference><dc:title>DPMS Target Cisco IOS XR Router NDM</dc:title><dc:publisher>DISA</dc:publisher><dc:type>DPMS Target</dc:type><dc:subject>Cisco IOS XR Router NDM</dc:subject><dc:identifier>4023</dc:identifier></reference><ident system="http://cyber.mil/legacy">SV-105629</ident><ident system="http://cyber.mil/legacy">V-96491</ident><ident system="http://cyber.mil/cci">CCI-000366</ident><ident system="http://cyber.mil/cci">CCI-000537</ident><fixtext fixref="F-17777r288322_fix">Configure the Cisco router to send the configuration to an TFTP or FTP server when a configuration change occurs as shown in the example below.

RP/0/0/CPU0:R3(config)#configuration commit auto-save filename tftp:// 10.1.3.18</fixtext><fix id="F-17777r288322_fix" /><check system="C-17780r288321_chk"><check-content-ref href="U_Cisco_IOS-XR_Router_NDM_STIG_V2R4_Manual-xccdf.xml" name="M" /><check-content>Review the Cisco router configuration to verify that it is compliant with this requirement. The example configuration below will send the configuration to an TFTP server when a configuration change occurs.

configuration commit auto-save filename tftp://10.1.3.18

If the Cisco router is not configured to conduct backups of the configuration when changes occur, this is a finding.</check-content></check></Rule></Group><Group id="V-216546"><title>SRG-APP-000516-NDM-000344</title><description>&lt;GroupDescription&gt;&lt;/GroupDescription&gt;</description><Rule id="SV-216546r879887_rule" weight="10.0" severity="medium"><version>CISC-ND-001440</version><title>The Cisco router must be configured to obtain its public key certificates from an appropriate certificate policy through an approved service provider.</title><description>&lt;VulnDiscussion&gt;For user certificates, each organization obtains certificates from an approved, shared service provider, as required by OMB policy. For federal agencies operating a legacy public key infrastructure cross-certified with the Federal Bridge Certification Authority (CA) at medium assurance or higher, this Certification Authority will suffice.&lt;/VulnDiscussion&gt;&lt;FalsePositives&gt;&lt;/FalsePositives&gt;&lt;FalseNegatives&gt;&lt;/FalseNegatives&gt;&lt;Documentable&gt;false&lt;/Documentable&gt;&lt;Mitigations&gt;&lt;/Mitigations&gt;&lt;SeverityOverrideGuidance&gt;&lt;/SeverityOverrideGuidance&gt;&lt;PotentialImpacts&gt;&lt;/PotentialImpacts&gt;&lt;ThirdPartyTools&gt;&lt;/ThirdPartyTools&gt;&lt;MitigationControl&gt;&lt;/MitigationControl&gt;&lt;Responsibility&gt;&lt;/Responsibility&gt;&lt;IAControls&gt;&lt;/IAControls&gt;</description><reference><dc:title>DPMS Target Cisco IOS XR Router NDM</dc:title><dc:publisher>DISA</dc:publisher><dc:type>DPMS Target</dc:type><dc:subject>Cisco IOS XR Router NDM</dc:subject><dc:identifier>4023</dc:identifier></reference><ident system="http://cyber.mil/legacy">SV-105633</ident><ident system="http://cyber.mil/legacy">V-96495</ident><ident system="http://cyber.mil/cci">CCI-000366</ident><ident system="http://cyber.mil/cci">CCI-001159</ident><fixtext fixref="F-17778r288325_fix">Configure the router to obtain its public key certificates from an appropriate certificate policy through an approved service provider as show in the example below.

RP/0/0/CPU0:R3(config)#crypto ca trustpoint CA_X
RP/0/0/CPU0:R3(config-trustp)#enrollment url http://trustpoint1.example.com</fixtext><fix id="F-17778r288325_fix" /><check system="C-17781r288324_chk"><check-content-ref href="U_Cisco_IOS-XR_Router_NDM_STIG_V2R4_Manual-xccdf.xml" name="M" /><check-content>Review the router configuration to determine if a CA trust point has been configured. The CA trust point will contain the URL of the CA in which the router has enrolled with. Verify this is a DoD or DoD-approved CA. This will ensure the router has enrolled and received a certificate from a trusted CA. The CA trust point configuration would look similar to the example below.

crypto pki trustpoint CA_X
 enrollment url http://trustpoint1.example.com

Note: A remote end-point's certificate will always be validated by the router by verifying the signature of the CA on the certificate using the CA's public key, which is contained in the router's certificate it received at enrollment.

Note: This requirement is not applicable if the router does not have any public key certificates.

If the Cisco router is not configured to obtain its public key certificates from an appropriate certificate policy through an approved service provider, this is a finding.</check-content></check></Rule></Group><Group id="V-216547"><title>SRG-APP-000516-NDM-000317</title><description>&lt;GroupDescription&gt;&lt;/GroupDescription&gt;</description><Rule id="SV-216547r916078_rule" weight="10.0" severity="high"><version>CISC-ND-001450</version><title>The Cisco router must be configured to send log data to at least two syslog servers for the purpose of forwarding alerts to the administrators and the information system security officer (ISSO).</title><description>&lt;VulnDiscussion&gt;The aggregation of log data kept on a syslog server can be used to detect attacks and trigger an alert to the appropriate security personnel. The stored log data can used to detect weaknesses in security that enable the network IA team to find and address these weaknesses before breaches can occur. Reviewing these logs, whether before or after a security breach, are important in showing whether someone is an internal employee or an outside threat.&lt;/VulnDiscussion&gt;&lt;FalsePositives&gt;&lt;/FalsePositives&gt;&lt;FalseNegatives&gt;&lt;/FalseNegatives&gt;&lt;Documentable&gt;false&lt;/Documentable&gt;&lt;Mitigations&gt;&lt;/Mitigations&gt;&lt;SeverityOverrideGuidance&gt;&lt;/SeverityOverrideGuidance&gt;&lt;PotentialImpacts&gt;&lt;/PotentialImpacts&gt;&lt;ThirdPartyTools&gt;&lt;/ThirdPartyTools&gt;&lt;MitigationControl&gt;&lt;/MitigationControl&gt;&lt;Responsibility&gt;&lt;/Responsibility&gt;&lt;IAControls&gt;&lt;/IAControls&gt;</description><reference><dc:title>DPMS Target Cisco IOS XR Router NDM</dc:title><dc:publisher>DISA</dc:publisher><dc:type>DPMS Target</dc:type><dc:subject>Cisco IOS XR Router NDM</dc:subject><dc:identifier>4023</dc:identifier></reference><ident system="http://cyber.mil/legacy">SV-105635</ident><ident system="http://cyber.mil/legacy">V-96497</ident><ident system="http://cyber.mil/cci">CCI-001851</ident><fixtext fixref="F-17779r916077_fix">Configure the router to send log messages to the syslog servers as shown in the example below.

RP/0/0/CPU0:R3(config)#logging 10.1.3.22 severity info
RP/0/0/CPU0:R3(config)#logging 10.1.3.23 severity info</fixtext><fix id="F-17779r916077_fix" /><check system="C-17782r916076_chk"><check-content-ref href="U_Cisco_IOS-XR_Router_NDM_STIG_V2R4_Manual-xccdf.xml" name="M" /><check-content>Verify that the router is configured to send logs to at least two syslog servers. The configuration should look similar to the example below:

logging 10.1.3.22 vrf default severity info
logging 10.1.3.23 vrf default severity info

If the router is not configured to send log data to the syslog server, this is a finding.</check-content></check></Rule></Group><Group id="V-216549"><title>SRG-APP-000516-NDM-000317</title><description>&lt;GroupDescription&gt;&lt;/GroupDescription&gt;</description><Rule id="SV-216549r879887_rule" weight="10.0" severity="high"><version>CISC-ND-001470</version><title>The Cisco router must be running an IOS release that is currently supported by Cisco Systems.</title><description>&lt;VulnDiscussion&gt;Network devices running an unsupported operating system lack current security fixes required to mitigate the risks associated with recent vulnerabilities. Running a supported release also enables operations to maintain a stable and reliable network provided by improved quality of service and security features.&lt;/VulnDiscussion&gt;&lt;FalsePositives&gt;&lt;/FalsePositives&gt;&lt;FalseNegatives&gt;&lt;/FalseNegatives&gt;&lt;Documentable&gt;false&lt;/Documentable&gt;&lt;Mitigations&gt;&lt;/Mitigations&gt;&lt;SeverityOverrideGuidance&gt;&lt;/SeverityOverrideGuidance&gt;&lt;PotentialImpacts&gt;&lt;/PotentialImpacts&gt;&lt;ThirdPartyTools&gt;&lt;/ThirdPartyTools&gt;&lt;MitigationControl&gt;&lt;/MitigationControl&gt;&lt;Responsibility&gt;&lt;/Responsibility&gt;&lt;IAControls&gt;&lt;/IAControls&gt;</description><reference><dc:title>DPMS Target Cisco IOS XR Router NDM</dc:title><dc:publisher>DISA</dc:publisher><dc:type>DPMS Target</dc:type><dc:subject>Cisco IOS XR Router NDM</dc:subject><dc:identifier>4023</dc:identifier></reference><ident system="http://cyber.mil/legacy">SV-105639</ident><ident system="http://cyber.mil/legacy">V-96501</ident><ident system="http://cyber.mil/cci">CCI-000366</ident><fixtext fixref="F-17781r288334_fix">Upgrade the router to a supported release.</fixtext><fix id="F-17781r288334_fix" /><check system="C-17784r288333_chk"><check-content-ref href="U_Cisco_IOS-XR_Router_NDM_STIG_V2R4_Manual-xccdf.xml" name="M" /><check-content>Verify that the router is in compliance with this requirement by having the router administrator enter the following command: show version

Verify that the release is still supported by Cisco. All releases supported by Cisco can be found on the following URL:

www.cisco.com/c/en/us/support/ios-nx-os-software

If the router is not running a supported release, this is a finding.</check-content></check></Rule></Group></Benchmark>