<?xml version="1.0" encoding="utf-8"?><?xml-stylesheet type='text/xsl' href='STIG_unclass.xsl'?><Benchmark xmlns:dc="http://purl.org/dc/elements/1.1/" xmlns:xsi="http://www.w3.org/2001/XMLSchema-instance" xmlns:cpe="http://cpe.mitre.org/language/2.0" xmlns:xhtml="http://www.w3.org/1999/xhtml" xmlns:dsig="http://www.w3.org/2000/09/xmldsig#" xsi:schemaLocation="http://checklists.nist.gov/xccdf/1.1 http://nvd.nist.gov/schema/xccdf-1.1.4.xsd http://cpe.mitre.org/dictionary/2.0 http://cpe.mitre.org/files/cpe-dictionary_2.1.xsd" id="Samsung_SDS_EMM_STIG" xml:lang="en" xmlns="http://checklists.nist.gov/xccdf/1.1"><status date="2022-06-10">accepted</status><title>Samsung SDS EMM Security Technical Implementation Guide</title><description>This Security Technical Implementation Guide is published as a tool to improve the security of Department of Defense (DoD) information systems. The requirements are derived from the National Institute of Standards and Technology (NIST) 800-53 and related documents. Comments or proposed revisions to this document should be sent via email to the following address: disa.stig_spt@mail.mil.</description><notice id="terms-of-use" xml:lang="en"></notice><front-matter xml:lang="en"></front-matter><rear-matter xml:lang="en"></rear-matter><reference href="https://cyber.mil"><dc:publisher>DISA</dc:publisher><dc:source>STIG.DOD.MIL</dc:source></reference><plain-text id="release-info">Release: 3 Benchmark Date: 27 Jul 2022</plain-text><plain-text id="generator">3.3.0.27375</plain-text><plain-text id="conventionsVersion">1.10.0</plain-text><version>1</version><Profile id="MAC-1_Classified"><title>I - Mission Critical Classified</title><description>&lt;ProfileDescription&gt;&lt;/ProfileDescription&gt;</description><select idref="V-225640" selected="true" /><select idref="V-225641" selected="true" /><select idref="V-225642" selected="true" /><select idref="V-225643" selected="true" /><select idref="V-225644" selected="true" /><select idref="V-225645" selected="true" /><select idref="V-225646" selected="true" /><select idref="V-225647" selected="true" /><select idref="V-225648" selected="true" /><select idref="V-225649" selected="true" /><select idref="V-225650" selected="true" /><select idref="V-225651" selected="true" /><select idref="V-225652" selected="true" /><select idref="V-225653" selected="true" /><select idref="V-225654" selected="true" /><select idref="V-225655" selected="true" /><select idref="V-225656" selected="true" /><select idref="V-225657" selected="true" /><select idref="V-245525" selected="true" /><select idref="V-245526" selected="true" /><select idref="V-245527" selected="true" /><select idref="V-245528" selected="true" /><select idref="V-245529" selected="true" /></Profile><Profile id="MAC-1_Public"><title>I - Mission Critical Public</title><description>&lt;ProfileDescription&gt;&lt;/ProfileDescription&gt;</description><select idref="V-225640" selected="true" /><select idref="V-225641" selected="true" /><select idref="V-225642" selected="true" /><select idref="V-225643" selected="true" /><select idref="V-225644" selected="true" /><select idref="V-225645" selected="true" /><select idref="V-225646" selected="true" /><select idref="V-225647" selected="true" /><select idref="V-225648" selected="true" /><select idref="V-225649" selected="true" /><select idref="V-225650" selected="true" /><select idref="V-225651" selected="true" /><select idref="V-225652" selected="true" /><select idref="V-225653" selected="true" /><select idref="V-225654" selected="true" /><select idref="V-225655" selected="true" /><select idref="V-225656" selected="true" /><select idref="V-225657" selected="true" /><select idref="V-245525" selected="true" /><select idref="V-245526" selected="true" /><select idref="V-245527" selected="true" /><select idref="V-245528" selected="true" /><select idref="V-245529" selected="true" /></Profile><Profile id="MAC-1_Sensitive"><title>I - Mission Critical Sensitive</title><description>&lt;ProfileDescription&gt;&lt;/ProfileDescription&gt;</description><select idref="V-225640" selected="true" /><select idref="V-225641" selected="true" /><select idref="V-225642" selected="true" /><select idref="V-225643" selected="true" /><select idref="V-225644" selected="true" /><select idref="V-225645" selected="true" /><select idref="V-225646" selected="true" /><select idref="V-225647" selected="true" /><select idref="V-225648" selected="true" /><select idref="V-225649" selected="true" /><select idref="V-225650" selected="true" /><select idref="V-225651" selected="true" /><select idref="V-225652" selected="true" /><select idref="V-225653" selected="true" /><select idref="V-225654" selected="true" /><select idref="V-225655" selected="true" /><select idref="V-225656" selected="true" /><select idref="V-225657" selected="true" /><select idref="V-245525" selected="true" /><select idref="V-245526" selected="true" /><select idref="V-245527" selected="true" /><select idref="V-245528" selected="true" /><select idref="V-245529" selected="true" /></Profile><Profile id="MAC-2_Classified"><title>II - Mission Support Classified</title><description>&lt;ProfileDescription&gt;&lt;/ProfileDescription&gt;</description><select idref="V-225640" selected="true" /><select idref="V-225641" selected="true" /><select idref="V-225642" selected="true" /><select idref="V-225643" selected="true" /><select idref="V-225644" selected="true" /><select idref="V-225645" selected="true" /><select idref="V-225646" selected="true" /><select idref="V-225647" selected="true" /><select idref="V-225648" selected="true" /><select idref="V-225649" selected="true" /><select idref="V-225650" selected="true" /><select idref="V-225651" selected="true" /><select idref="V-225652" selected="true" /><select idref="V-225653" selected="true" /><select idref="V-225654" selected="true" /><select idref="V-225655" selected="true" /><select idref="V-225656" selected="true" /><select idref="V-225657" selected="true" /><select idref="V-245525" selected="true" /><select idref="V-245526" selected="true" /><select idref="V-245527" selected="true" /><select idref="V-245528" selected="true" /><select idref="V-245529" selected="true" /></Profile><Profile id="MAC-2_Public"><title>II - Mission Support Public</title><description>&lt;ProfileDescription&gt;&lt;/ProfileDescription&gt;</description><select idref="V-225640" selected="true" /><select idref="V-225641" selected="true" /><select idref="V-225642" selected="true" /><select idref="V-225643" selected="true" /><select idref="V-225644" selected="true" /><select idref="V-225645" selected="true" /><select idref="V-225646" selected="true" /><select idref="V-225647" selected="true" /><select idref="V-225648" selected="true" /><select idref="V-225649" selected="true" /><select idref="V-225650" selected="true" /><select idref="V-225651" selected="true" /><select idref="V-225652" selected="true" /><select idref="V-225653" selected="true" /><select idref="V-225654" selected="true" /><select idref="V-225655" selected="true" /><select idref="V-225656" selected="true" /><select idref="V-225657" selected="true" /><select idref="V-245525" selected="true" /><select idref="V-245526" selected="true" /><select idref="V-245527" selected="true" /><select idref="V-245528" selected="true" /><select idref="V-245529" selected="true" /></Profile><Profile id="MAC-2_Sensitive"><title>II - Mission Support Sensitive</title><description>&lt;ProfileDescription&gt;&lt;/ProfileDescription&gt;</description><select idref="V-225640" selected="true" /><select idref="V-225641" selected="true" /><select idref="V-225642" selected="true" /><select idref="V-225643" selected="true" /><select idref="V-225644" selected="true" /><select idref="V-225645" selected="true" /><select idref="V-225646" selected="true" /><select idref="V-225647" selected="true" /><select idref="V-225648" selected="true" /><select idref="V-225649" selected="true" /><select idref="V-225650" selected="true" /><select idref="V-225651" selected="true" /><select idref="V-225652" selected="true" /><select idref="V-225653" selected="true" /><select idref="V-225654" selected="true" /><select idref="V-225655" selected="true" /><select idref="V-225656" selected="true" /><select idref="V-225657" selected="true" /><select idref="V-245525" selected="true" /><select idref="V-245526" selected="true" /><select idref="V-245527" selected="true" /><select idref="V-245528" selected="true" /><select idref="V-245529" selected="true" /></Profile><Profile id="MAC-3_Classified"><title>III - Administrative Classified</title><description>&lt;ProfileDescription&gt;&lt;/ProfileDescription&gt;</description><select idref="V-225640" selected="true" /><select idref="V-225641" selected="true" /><select idref="V-225642" selected="true" /><select idref="V-225643" selected="true" /><select idref="V-225644" selected="true" /><select idref="V-225645" selected="true" /><select idref="V-225646" selected="true" /><select idref="V-225647" selected="true" /><select idref="V-225648" selected="true" /><select idref="V-225649" selected="true" /><select idref="V-225650" selected="true" /><select idref="V-225651" selected="true" /><select idref="V-225652" selected="true" /><select idref="V-225653" selected="true" /><select idref="V-225654" selected="true" /><select idref="V-225655" selected="true" /><select idref="V-225656" selected="true" /><select idref="V-225657" selected="true" /><select idref="V-245525" selected="true" /><select idref="V-245526" selected="true" /><select idref="V-245527" selected="true" /><select idref="V-245528" selected="true" /><select idref="V-245529" selected="true" /></Profile><Profile id="MAC-3_Public"><title>III - Administrative Public</title><description>&lt;ProfileDescription&gt;&lt;/ProfileDescription&gt;</description><select idref="V-225640" selected="true" /><select idref="V-225641" selected="true" /><select idref="V-225642" selected="true" /><select idref="V-225643" selected="true" /><select idref="V-225644" selected="true" /><select idref="V-225645" selected="true" /><select idref="V-225646" selected="true" /><select idref="V-225647" selected="true" /><select idref="V-225648" selected="true" /><select idref="V-225649" selected="true" /><select idref="V-225650" selected="true" /><select idref="V-225651" selected="true" /><select idref="V-225652" selected="true" /><select idref="V-225653" selected="true" /><select idref="V-225654" selected="true" /><select idref="V-225655" selected="true" /><select idref="V-225656" selected="true" /><select idref="V-225657" selected="true" /><select idref="V-245525" selected="true" /><select idref="V-245526" selected="true" /><select idref="V-245527" selected="true" /><select idref="V-245528" selected="true" /><select idref="V-245529" selected="true" /></Profile><Profile id="MAC-3_Sensitive"><title>III - Administrative Sensitive</title><description>&lt;ProfileDescription&gt;&lt;/ProfileDescription&gt;</description><select idref="V-225640" selected="true" /><select idref="V-225641" selected="true" /><select idref="V-225642" selected="true" /><select idref="V-225643" selected="true" /><select idref="V-225644" selected="true" /><select idref="V-225645" selected="true" /><select idref="V-225646" selected="true" /><select idref="V-225647" selected="true" /><select idref="V-225648" selected="true" /><select idref="V-225649" selected="true" /><select idref="V-225650" selected="true" /><select idref="V-225651" selected="true" /><select idref="V-225652" selected="true" /><select idref="V-225653" selected="true" /><select idref="V-225654" selected="true" /><select idref="V-225655" selected="true" /><select idref="V-225656" selected="true" /><select idref="V-225657" selected="true" /><select idref="V-245525" selected="true" /><select idref="V-245526" selected="true" /><select idref="V-245527" selected="true" /><select idref="V-245528" selected="true" /><select idref="V-245529" selected="true" /></Profile><Group id="V-225640"><title>PP-MDM-412000</title><description>&lt;GroupDescription&gt;&lt;/GroupDescription&gt;</description><Rule id="SV-225640r588007_rule" weight="10.0" severity="low"><version>SSDS-00-000010</version><title>The Samsung SDS EMM must implement functionality to generate an audit record of the following auditable events:
c. [selection: Commands issued to the MDM Agent].</title><description>&lt;VulnDiscussion&gt;Audit logs enable monitoring of security-relevant events and subsequent forensics when breaches occur. For audit logs to be useful, administrators must have the ability to view them.

SFR ID: FAU_GEN.1.1(1)&lt;/VulnDiscussion&gt;&lt;FalsePositives&gt;&lt;/FalsePositives&gt;&lt;FalseNegatives&gt;&lt;/FalseNegatives&gt;&lt;Documentable&gt;false&lt;/Documentable&gt;&lt;Mitigations&gt;&lt;/Mitigations&gt;&lt;SeverityOverrideGuidance&gt;&lt;/SeverityOverrideGuidance&gt;&lt;PotentialImpacts&gt;&lt;/PotentialImpacts&gt;&lt;ThirdPartyTools&gt;&lt;/ThirdPartyTools&gt;&lt;MitigationControl&gt;&lt;/MitigationControl&gt;&lt;Responsibility&gt;&lt;/Responsibility&gt;&lt;IAControls&gt;&lt;/IAControls&gt;</description><reference><dc:title>DPMS Target Samsung SDS EMM</dc:title><dc:publisher>DISA</dc:publisher><dc:type>DPMS Target</dc:type><dc:subject>Samsung SDS EMM</dc:subject><dc:identifier>4216</dc:identifier></reference><ident system="http://cyber.mil/cci">CCI-000366</ident><fixtext fixref="F-27329r560945_fix">Use the following instructions to configure logging of all commands issued to the MDM Agent on the SDS EMM server:    

On the MDM console, do the following:
1. Log in to the Admin Console using a web browser.
2. Go to Service Overview &gt;&gt; Log and Event &gt;&gt; Audit Event. 
3. Select Type as "Server" and Event Category as "Device Command". 
4. Check the audit target and click the "Save" button at the top of the page.</fixtext><fix id="F-27329r560945_fix" /><check system="C-27341r560944_chk"><check-content-ref href="Samsung_SDS_EMM_STIG.xml" name="M" /><check-content>Use the following procedure to verify logging of all commands issued to the MDM Agent has been configured on the SDS EMM server:  

On the MDM console, do the following:
1. Log in to the Admin Console using a web browser.
2. Go to Service Overview &gt;&gt; Log and Event &gt;&gt; Audit Event. 
3. Verify all audit events with Type as "Server" and Event Category as "Device Command" have been selected. 

If logging of all commands issued to the MDM Agent has not been configured on the SDS EMM server, this is a finding.</check-content></check></Rule></Group><Group id="V-225641"><title>PP-MDM-411009</title><description>&lt;GroupDescription&gt;&lt;/GroupDescription&gt;</description><Rule id="SV-225641r588007_rule" weight="10.0" severity="medium"><version>SSDS-00-000110</version><title>The Samsung SDS EMM must be configured to communicate the following commands to the MDM Agent: read audit logs kept by the MD.</title><description>&lt;VulnDiscussion&gt;Audit logs enable monitoring of security-relevant events and subsequent forensics when breaches occur. For audit logs to be useful, administrators must have the ability to view them.

SFR ID: FMT_SMF.1.1(1) #19&lt;/VulnDiscussion&gt;&lt;FalsePositives&gt;&lt;/FalsePositives&gt;&lt;FalseNegatives&gt;&lt;/FalseNegatives&gt;&lt;Documentable&gt;false&lt;/Documentable&gt;&lt;Mitigations&gt;&lt;/Mitigations&gt;&lt;SeverityOverrideGuidance&gt;&lt;/SeverityOverrideGuidance&gt;&lt;PotentialImpacts&gt;&lt;/PotentialImpacts&gt;&lt;ThirdPartyTools&gt;&lt;/ThirdPartyTools&gt;&lt;MitigationControl&gt;&lt;/MitigationControl&gt;&lt;Responsibility&gt;&lt;/Responsibility&gt;&lt;IAControls&gt;&lt;/IAControls&gt;</description><reference><dc:title>DPMS Target Samsung SDS EMM</dc:title><dc:publisher>DISA</dc:publisher><dc:type>DPMS Target</dc:type><dc:subject>Samsung SDS EMM</dc:subject><dc:identifier>4216</dc:identifier></reference><ident system="http://cyber.mil/cci">CCI-000366</ident><fixtext fixref="F-27330r560948_fix">Use the following instructions to verify the command has been configured to read audits to the MDM Agent on the SDS EMM server:

On the MDM console, do the following:
1. Log in to the Admin Console using a web browser.
2. Go to Service Overview &gt;&gt; Log and Event &gt;&gt; Audit Event. 
3. Select all audit events with audit type of "Device" and click the "Save" button.</fixtext><fix id="F-27330r560948_fix" /><check system="C-27342r560947_chk"><check-content-ref href="Samsung_SDS_EMM_STIG.xml" name="M" /><check-content>Use the following procedure to verify the command to read audits to the MDM Agent has been configured on the SDS EMM server:  

On the MDM console, do the following:
1. Log in to the Admin Console using a web browser.
2. Go to Service Overview &gt;&gt; Log and Event &gt;&gt; Audit Log. 
3. Verify all audit events with audit type of "Device" have been selected.
 
If the command for reading audits to the MDM Agent has not been configured on the SDS EMM server, this is a finding.</check-content></check></Rule></Group><Group id="V-225642"><title>PP-MDM-411047</title><description>&lt;GroupDescription&gt;&lt;/GroupDescription&gt;</description><Rule id="SV-225642r588007_rule" weight="10.0" severity="medium"><version>SSDS-00-000470</version><title>The Samsung SDS EMM or platform must be configured to initiate a session lock after a 15-minute period of inactivity.</title><description>&lt;VulnDiscussion&gt;A session time-out lock is a temporary action taken when a user (MDM system administrator) stops work and moves away from the immediate physical vicinity of the information system but does not log out because of the temporary nature of the absence. Rather than relying on the user to manually lock their application session prior to leaving the vicinity, applications must be able to identify when a user's application session has idled and take action to initiate the session lock.

The session lock is implemented at the point where session activity can be determined and/or controlled. This is typically at the operating system level and results in a system lock but may be at the application level where the application interface window is secured instead.

SFR ID: FMT_SMF.1.1(2) c.8&lt;/VulnDiscussion&gt;&lt;FalsePositives&gt;&lt;/FalsePositives&gt;&lt;FalseNegatives&gt;&lt;/FalseNegatives&gt;&lt;Documentable&gt;false&lt;/Documentable&gt;&lt;Mitigations&gt;&lt;/Mitigations&gt;&lt;SeverityOverrideGuidance&gt;&lt;/SeverityOverrideGuidance&gt;&lt;PotentialImpacts&gt;&lt;/PotentialImpacts&gt;&lt;ThirdPartyTools&gt;&lt;/ThirdPartyTools&gt;&lt;MitigationControl&gt;&lt;/MitigationControl&gt;&lt;Responsibility&gt;&lt;/Responsibility&gt;&lt;IAControls&gt;&lt;/IAControls&gt;</description><reference><dc:title>DPMS Target Samsung SDS EMM</dc:title><dc:publisher>DISA</dc:publisher><dc:type>DPMS Target</dc:type><dc:subject>Samsung SDS EMM</dc:subject><dc:identifier>4216</dc:identifier></reference><ident system="http://cyber.mil/cci">CCI-000057</ident><fixtext fixref="F-27331r560951_fix">Configure the Samsung SDS EMM or platform to lock the server after 15 minutes of inactivity.

On the MDM console, do the following:
1. Log in to the Admin Console using a web browser.
2. Click the arrow next to the Admin account ID in the header of the main page and select "Set Session Timeout".
3. Enter 15 minutes in "Session Timeout (min)" and click "Save".</fixtext><fix id="F-27331r560951_fix" /><check system="C-27343r560950_chk"><check-content-ref href="Samsung_SDS_EMM_STIG.xml" name="M" /><check-content>Review the Samsung SDS EMM or platform configuration and verify the server is configured to lock after 15 minutes of inactivity.

On the MDM console, do the following:
1. Log in to the Admin Console using a web browser.
2. Click the arrow next to the Admin account ID in the header of main page and verify the "Set Session Timeout" is set to 15 minutes or less.

If the MDM console session time out is not set to 15 minutes or less, this is a finding.</check-content></check></Rule></Group><Group id="V-225643"><title>PP-MDM-411054</title><description>&lt;GroupDescription&gt;&lt;/GroupDescription&gt;</description><Rule id="SV-225643r588007_rule" weight="10.0" severity="medium"><version>SSDS-00-000510</version><title>The Samsung SDS EMM must be configured to transfer Samsung SDS EMM logs to another server for storage, analysis, and reporting.

Note: Samsung SDS EMM logs include logs of MDM events and logs transferred to the Samsung SDS EMM by MDM agents of managed devices.</title><description>&lt;VulnDiscussion&gt;Audit logs enable monitoring of security-relevant events and subsequent forensics when breaches occur. Since the Samsung SDS EMM has limited capability to store mobile device log files and perform analysis and reporting of mobile device log files, the Samsung SDS EMM must have the capability to transfer log files to an audit log management server.

SFR ID: FMT_SMF.1.1(2) c.8, FAU_STG_EXT.1.1(1)&lt;/VulnDiscussion&gt;&lt;FalsePositives&gt;&lt;/FalsePositives&gt;&lt;FalseNegatives&gt;&lt;/FalseNegatives&gt;&lt;Documentable&gt;false&lt;/Documentable&gt;&lt;Mitigations&gt;&lt;/Mitigations&gt;&lt;SeverityOverrideGuidance&gt;&lt;/SeverityOverrideGuidance&gt;&lt;PotentialImpacts&gt;&lt;/PotentialImpacts&gt;&lt;ThirdPartyTools&gt;&lt;/ThirdPartyTools&gt;&lt;MitigationControl&gt;&lt;/MitigationControl&gt;&lt;Responsibility&gt;&lt;/Responsibility&gt;&lt;IAControls&gt;&lt;/IAControls&gt;</description><reference><dc:title>DPMS Target Samsung SDS EMM</dc:title><dc:publisher>DISA</dc:publisher><dc:type>DPMS Target</dc:type><dc:subject>Samsung SDS EMM</dc:subject><dc:identifier>4216</dc:identifier></reference><ident system="http://cyber.mil/cci">CCI-001851</ident><fixtext fixref="F-27332r560954_fix">Configure the Samsung SDS EMM to transfer Samsung SDS EMM logs to another server for storage, analysis, and reporting.

On the MDM console, do the following:
1. Go to Setting &gt;&gt; Server &gt;&gt; Configuration.
2. Click "Audit" at the top of the window and enter the audit log server and other information.</fixtext><fix id="F-27332r560954_fix" /><check system="C-27344r560953_chk"><check-content-ref href="Samsung_SDS_EMM_STIG.xml" name="M" /><check-content>Review the Samsung SDS EMM configuration settings and verify the server is configured to transfer Samsung SDS EMM logs to another server for storage, analysis, and reporting. 

On the MDM console, do the following:
1. Go to Setting &gt;&gt; Server &gt;&gt; Configuration.
2. Click "Audit" at the top of the window and verify audit log server and other information is listed.

If the MDM console is not configured to transfer audit logs to an audit log server, this is a finding.

Note: Samsung SDS EMM logs include logs of MDM events and logs transferred to the Samsung SDS EMM by MDM agents of managed devices.</check-content></check></Rule></Group><Group id="V-225644"><title>PP-MDM-411056</title><description>&lt;GroupDescription&gt;&lt;/GroupDescription&gt;</description><Rule id="SV-225644r588007_rule" weight="10.0" severity="medium"><version>SSDS-00-000530</version><title>The Samsung SDS EMM must be configured to display the required DoD warning banner upon administrator logon.

Note: This requirement is not applicable if the TOE platform is selected in FTA_TAB.1.1 in the Security Target (ST).</title><description>&lt;VulnDiscussion&gt;Note: The advisory notice and consent warning message is not required if the general purpose OS or network device displays an advisory notice and consent warning message when the administrator logs on to the general purpose OS or network device prior to accessing the Samsung SDS EMM or Samsung SDS EMM platform.

Before granting access to the system, the Samsung SDS EMM/server platform is required to display the DoD-approved system use notification message or banner that provides privacy and security notices consistent with applicable federal laws, Executive Orders, directives, policies, regulations, standards, and guidance. This ensures the legal requirements for auditing and monitoring are met.

The approved DoD text must be used as specified in the KS referenced in DoDI 8500.01.

The non-bracketed text below must be used without any changes as the warning banner. 
 
[A. Use this banner for desktops, laptops, and other devices accommodating banners of 1300 characters. The banner shall be implemented as a click-through banner at logon (to the extent permitted by the operating system), meaning it prevents further activity on the information system unless and until the user executes a positive action to manifest agreement by clicking on a box indicating “OK.”]
 
You are accessing a U.S. Government (USG) Information System (IS) that is provided for USG-authorized use only. 
By using this IS (which includes any device attached to this IS), you consent to the following conditions: 
-The USG routinely intercepts and monitors communications on this IS for purposes including, but not limited to, penetration testing, COMSEC monitoring, network operations and defense, personnel misconduct (PM), law enforcement (LE), and counterintelligence (CI) investigations. 
-At any time, the USG may inspect and seize data stored on this IS. 
-Communications using, or data stored on, this IS are not private, are subject to routine monitoring, interception, and search, and may be disclosed or used for any USG-authorized purpose. 
-This IS includes security measures (e.g., authentication and access controls) to protect USG interests--not for your personal benefit or privacy. 
-Notwithstanding the above, using this IS does not constitute consent to PM, LE or CI investigative searching or monitoring of the content of privileged communications, or work product, related to personal representation or services by attorneys, psychotherapists, or clergy, and their assistants. Such communications and work product are private and confidential. See User Agreement for details.

SFR ID: FMT_SMF.1.1(2) c.2&lt;/VulnDiscussion&gt;&lt;FalsePositives&gt;&lt;/FalsePositives&gt;&lt;FalseNegatives&gt;&lt;/FalseNegatives&gt;&lt;Documentable&gt;false&lt;/Documentable&gt;&lt;Mitigations&gt;&lt;/Mitigations&gt;&lt;SeverityOverrideGuidance&gt;&lt;/SeverityOverrideGuidance&gt;&lt;PotentialImpacts&gt;&lt;/PotentialImpacts&gt;&lt;ThirdPartyTools&gt;&lt;/ThirdPartyTools&gt;&lt;MitigationControl&gt;&lt;/MitigationControl&gt;&lt;Responsibility&gt;&lt;/Responsibility&gt;&lt;IAControls&gt;&lt;/IAControls&gt;</description><reference><dc:title>DPMS Target Samsung SDS EMM</dc:title><dc:publisher>DISA</dc:publisher><dc:type>DPMS Target</dc:type><dc:subject>Samsung SDS EMM</dc:subject><dc:identifier>4216</dc:identifier></reference><ident system="http://cyber.mil/cci">CCI-000048</ident><fixtext fixref="F-27333r560957_fix">Configure the Samsung SDS EMM to display the appropriate warning banner text.

Install Samsung SDS EMM patch 2.2.5.1 Build 200707.

On the EMM console, do the following:
1. Log in to the Samsung SDS EMM Server Admin Console using a web browser.
2. Go to Settings &gt;&gt; Admin Console &gt;&gt; Logo Setting and click in the text box and type or paste the DoD banner. 
3. Click "Save".</fixtext><fix id="F-27333r560957_fix" /><check system="C-27345r560956_chk"><check-content-ref href="Samsung_SDS_EMM_STIG.xml" name="M" /><check-content>Review Samsung SDS EMM server documentation and configuration settings to determine if the warning banner is using the appropriate designated wording. 

On the MDM console, do the following:
1. Log in to the Samsung SDS EMM Server Admin Console using a web browser.
2. Go to Settings &gt;&gt; Admin Console &gt;&gt; Logo Setting.
3. Verify the text in the "Logo/Notification" window that appears. Confirm the text in the Login Notification box is the required DoD banner text.

Alternately, verify the banner is correct during logon to the console.

If the warning banner is not set up on the Samsung SDS EMM or wording does not exactly match the requirement text, this is a finding.</check-content></check></Rule></Group><Group id="V-225645"><title>PP-MDM-411057</title><description>&lt;GroupDescription&gt;&lt;/GroupDescription&gt;</description><Rule id="SV-225645r588007_rule" weight="10.0" severity="medium"><version>SSDS-00-000550</version><title>The Samsung SDS EMM must be configured with a periodicity for reachable events of six hours or less for the following commands to the agent: 
- query connectivity status;
- query the current version of the MD firmware/software;
- query the current version of installed mobile applications;
- read audit logs kept by the MD.</title><description>&lt;VulnDiscussion&gt;Key security-related status attributes must be queried frequently so the Samsung SDS EMM can report status of devices under management to the administrator and management. The frequency of these queries must be configured to an acceptable timeframe. Six hours or less is considered acceptable for normal operations.

SFR ID: FMT_SMF.1.1(2) c.3&lt;/VulnDiscussion&gt;&lt;FalsePositives&gt;&lt;/FalsePositives&gt;&lt;FalseNegatives&gt;&lt;/FalseNegatives&gt;&lt;Documentable&gt;false&lt;/Documentable&gt;&lt;Mitigations&gt;&lt;/Mitigations&gt;&lt;SeverityOverrideGuidance&gt;&lt;/SeverityOverrideGuidance&gt;&lt;PotentialImpacts&gt;&lt;/PotentialImpacts&gt;&lt;ThirdPartyTools&gt;&lt;/ThirdPartyTools&gt;&lt;MitigationControl&gt;&lt;/MitigationControl&gt;&lt;Responsibility&gt;&lt;/Responsibility&gt;&lt;IAControls&gt;&lt;/IAControls&gt;</description><reference><dc:title>DPMS Target Samsung SDS EMM</dc:title><dc:publisher>DISA</dc:publisher><dc:type>DPMS Target</dc:type><dc:subject>Samsung SDS EMM</dc:subject><dc:identifier>4216</dc:identifier></reference><ident system="http://cyber.mil/cci">CCI-002696</ident><fixtext fixref="F-27334r560960_fix">Configure the MDM agent periodicity of reachable events to six hours or less.

On the MDM console, do the following:
1. Log in to the Samsung SDS EMM Server Admin Console using a web browser.
2. Go to Settings &gt;&gt; Server &gt;&gt; Configuration.
3. For Android: Ensure that row 27 "Inventory Collection Period for Android (hr)" shows a value of "6" or less.
4. For iOS: Ensure that row 28 "Inventory Collection Period for iOS (hr)" shows a value of "6" or less.
5. Click on the check-mark box in the top left of the "Configuration" screen to "Apply Changes".
6. Click "OK" on the "Notify" save completed window.</fixtext><fix id="F-27334r560960_fix" /><check system="C-27346r560959_chk"><check-content-ref href="Samsung_SDS_EMM_STIG.xml" name="M" /><check-content>Review the MDM agent configuration settings to determine if the agent is configured with a periodicity of reachable events set to six hours or less.

This validation procedure is performed on the Samsung SDS EMM Server Admin Console. 
1. Log in to the Samsung SDS EMM Server Admin Console using a web browser.
2. Go to Setting &gt;&gt; Server &gt;&gt; Configuration.
3. For Android: On row 27 verify "Inventory Collection Period for Android (hr)" is set to "6" or less.
4. For iOS: On row 28 verify "Inventory Collection Period for iOS (hr)" is set to "6" or less.

If the periodicity of reachable events is not set to "6" hours or less, this is a finding.</check-content></check></Rule></Group><Group id="V-225646"><title>PP-MDM-411058</title><description>&lt;GroupDescription&gt;&lt;/GroupDescription&gt;</description><Rule id="SV-225646r588007_rule" weight="10.0" severity="medium"><version>SSDS-00-000570</version><title>The Samsung SDS EMM must be configured to have at least one user in the following Administrator roles: Server primary administrator, security configuration administrator, device user group administrator, auditor.</title><description>&lt;VulnDiscussion&gt;Having several administrative roles for the Samsung SDS EMM supports separation of duties. This allows administrator-level privileges to be granted granularly, such as giving application management privileges to one group and security policy privileges to another group. This helps prevent administrators from intentionally or inadvertently altering other settings and configurations they may not understand or approve of, which can weaken overall security and increase the risk of compromise.

- Server primary administrator: Responsible for server installation, initial configuration, and maintenance functions. Responsible for the setup and maintenance of security configuration administrator and auditor accounts. Responsible for the maintenance of applications in the MAS.
- Security configuration administrator: Responsible for security configuration of the server, defining device user groups, setup and maintenance of device user group administrator accounts, and defining privileges of device user group administrators.
- Device user group administrator: Responsible for maintenance of mobile device accounts, including setup, change of account configurations, and account deletion. Responsible for defining which apps user groups or individual users have access to in the MAS. Can only perform administrative functions assigned by the security configuration administrator.
- Auditor: Responsible for reviewing and maintaining server and mobile device audit logs.

SFR ID: FMT_SMR.1.1(1)&lt;/VulnDiscussion&gt;&lt;FalsePositives&gt;&lt;/FalsePositives&gt;&lt;FalseNegatives&gt;&lt;/FalseNegatives&gt;&lt;Documentable&gt;false&lt;/Documentable&gt;&lt;Mitigations&gt;&lt;/Mitigations&gt;&lt;SeverityOverrideGuidance&gt;&lt;/SeverityOverrideGuidance&gt;&lt;PotentialImpacts&gt;&lt;/PotentialImpacts&gt;&lt;ThirdPartyTools&gt;&lt;/ThirdPartyTools&gt;&lt;MitigationControl&gt;&lt;/MitigationControl&gt;&lt;Responsibility&gt;&lt;/Responsibility&gt;&lt;IAControls&gt;&lt;/IAControls&gt;</description><reference><dc:title>DPMS Target Samsung SDS EMM</dc:title><dc:publisher>DISA</dc:publisher><dc:type>DPMS Target</dc:type><dc:subject>Samsung SDS EMM</dc:subject><dc:identifier>4216</dc:identifier></reference><ident system="http://cyber.mil/cci">CCI-000366</ident><ident system="http://cyber.mil/cci">CCI-002226</ident><ident system="http://cyber.mil/cci">CCI-002227</ident><fixtext fixref="F-27335r560963_fix">Configure the Samsung SDS EMM with the following Administrator roles: 
- Server primary administrator
- Security configuration administrator
- Device user group administrator
- Auditor

On the MDM console, do the following to create users in the roles (b), (c) and (d):
1. Log in to the Samsung SDS EMM Server Admin Console using a web browser.
2. Go to Settings &gt;&gt; Admin Console &gt;&gt; Administrators and click on the "+" button near the top of the screen.
3. In the "Add Administrator" window, fill in the following once for each user account being created:
a. Choose the "New" radio button.
b. Fill in the "Admin ID" and "Admin Name" fields with a value for a new user.
c. To create a Security configuration administrator, do the following: Set the Type field to "Super".
d. To create a Device user group administrator, do the following: Set the Type field to "Common" and check all of the "Authorization" boxes.  
e. To create an Auditor, do the following: Set the Type field to "common" and check only the Audit box.  
4. Choose "Save" to create the account with the specified role.
5. Click "Yes" in next dialog box (Save box) to complete setup of user.

A user in the Server Primary Administrator role is created by defining a Windows Administrator account on the platform running the Samsung SDS EMM server. This is automatically created during server install.</fixtext><fix id="F-27335r560963_fix" /><check system="C-27347r560962_chk"><check-content-ref href="Samsung_SDS_EMM_STIG.xml" name="M" /><check-content>Review the Samsung SDS EMM configuration settings and verify the server is configured with the following Administrator roles: 
- Server primary administrator
- Security configuration administrator
- Device user group administrator
- Auditor

This validation procedure is performed on the MDM Administration Console.

On the MDM console, do the following to verify that users in the roles (b), (c), and (d) exist:
1. Log in to the Samsung SDS EMM Server Admin Console using a web browser.
2. Go to Settings &gt;&gt; Admin Console &gt;&gt; Administrators.
3. Observe that the user with the Security configuration administrator role is in the list on this screen, that the "Type" column indicates "Super", and that a modify symbol appears under all of the columns for "App", "Cert", "Org", "Profile", "Portal", and "Audit".
4. Observe that the user with the Device user group administrator role is in the list on this screen, that the "Type" column indicates "Common", and that a modify symbol appears under all of the columns for "App", "Cert", "Org", "Profile", "Portal", and "Audit".
5. Observe that the user with the Auditor role is in the list on this screen, that the "Type" column indicates "Common", and that a modify symbol appears only under the "Audit" column.

No verification is needed for the Server primary administrator since this role is always created automatically during server install.

If the MDM console is not configured with the required Administrator roles, this is a finding.</check-content></check></Rule></Group><Group id="V-225647"><title>PP-MDM-411065</title><description>&lt;GroupDescription&gt;&lt;/GroupDescription&gt;</description><Rule id="SV-225647r744409_rule" weight="10.0" severity="medium"><version>SSDS-00-000640</version><title>The Samsung SDS EMM must be configured to audit DoD or site-defined auditable events. Note: See VulDiscussion for a list of DoD required auditable events.</title><description>&lt;VulnDiscussion&gt;Without the capability to generate audit records, it would be difficult to establish, correlate, and investigate the events relating to an incident, or identify those responsible for one. 

Audit records can be generated from various components within the application (e.g., process, module). Certain specific application functionalities may be audited as well. The list of audited events is the set of events for which audits are to be generated. This set of events is typically a subset of the list of all events for which the system is capable of generating audit records.

DoD has defined the list of events for which the application will provide an audit record generation capability as the following: 

(i) Successful and unsuccessful attempts to access, modify, or delete privileges, security objects, security levels, or categories of information (e.g., classification levels);

(ii) Access actions, such as successful and unsuccessful logon attempts, privileged activities or other system level access, starting and ending time for user access to the system, concurrent logons from different workstations, successful and unsuccessful accesses to objects, all program initiations, and all direct access to the information system; and

(iii) All account creation, modification, disabling, and termination actions.

DoD Required auditable events (from the MDM Protection Profile):
- Change in enrollment status
- Failure to apply policies to a mobile device
- Startup and shutdown of the MDM System
- All administrative actions
- Commands issued to the MDM Agent, none]
- Specifically defined auditable events listed in Table 2 of the MDM Protection Profile

SFR ID: FAU_GEN.1.1(1), FMT_SMF.1.1(2)c.8&lt;/VulnDiscussion&gt;&lt;FalsePositives&gt;&lt;/FalsePositives&gt;&lt;FalseNegatives&gt;&lt;/FalseNegatives&gt;&lt;Documentable&gt;false&lt;/Documentable&gt;&lt;Mitigations&gt;&lt;/Mitigations&gt;&lt;SeverityOverrideGuidance&gt;&lt;/SeverityOverrideGuidance&gt;&lt;PotentialImpacts&gt;&lt;/PotentialImpacts&gt;&lt;ThirdPartyTools&gt;&lt;/ThirdPartyTools&gt;&lt;MitigationControl&gt;&lt;/MitigationControl&gt;&lt;Responsibility&gt;&lt;/Responsibility&gt;&lt;IAControls&gt;&lt;/IAControls&gt;</description><reference><dc:title>DPMS Target Samsung SDS EMM</dc:title><dc:publisher>DISA</dc:publisher><dc:type>DPMS Target</dc:type><dc:subject>Samsung SDS EMM</dc:subject><dc:identifier>4216</dc:identifier></reference><ident system="http://cyber.mil/cci">CCI-000168</ident><fixtext fixref="F-27336r560996_fix">Configure the Samsung SDS EMM to implement the required audit events.
- Change in enrollment status
- Failure to apply policies to a mobile device
- Startup and shutdown of the MDM System
- All administrative actions

On the MDM console, do the following to define audit events:
1. Log in to the Admin Console using a web browser.
2. Go to Service Overview &gt;&gt; Log and Event &gt;&gt; Audit Event. 
3. Search on "Enrollment" and select each "Console" and "Device" audit event to audit Change in enrollment status.
4. Search on "Policy" and select events "Agent Policy Apply Success on a Device" (Event ID CPLC0029) and "Failed to apply Agent policy on Device" (Event ID CPLC0030) to audit Failure to apply policies to a mobile device.
5. Search on "Start" and select event "Start up EMM Server" (Event ID CACS0001) and search on "shut down" and select event "Shut Down EMM Server" (Event ID CACS0002) to audit startup and shutdown of the MDM System.
6. Select all audit events with the event category of Admin Login, Administrators, Alerts, Dashboard, Device, Devices, Group, Logs, Profiles, and User Management to audit all Administrative actions.</fixtext><fix id="F-27336r560996_fix" /><check system="C-27348r560965_chk"><check-content-ref href="Samsung_SDS_EMM_STIG.xml" name="M" /><check-content>Review the event log to verify the following events are logged:
- Change in enrollment status
- Failure to apply policies to a mobile device
- Startup and shutdown of the MDM System
- All administrative actions

On the MDM console, do the following:
1. Log in to the Admin Console using a web browser.
2. Go to Service Overview &gt;&gt; Log and Event &gt;&gt; Audit Event. 
3. Search on "Enrollment" and verify each "Console" and "Device" audit event are selected to audit Change in enrollment status.
4. Search on "Policy" and verify "Agent Policy Apply Success on a Device" (Event ID CPLC0029) and "Failed to apply Agent policy on Device" (Event ID CPLC0030) are selected to audit Failure to apply policies to a mobile device.
5. Search on "Start" and verify "Start up EMM Server" (Event ID CACS0001) is selected. Search on "shut down" and verify "Shut Down EMM Server" (Event ID CACS0002) is selected to audit startup and shutdown of the MDM System.
6. Verify all audit events with the event category of Admin Login, Administrators, Alerts, Dashboard, Device, Devices, Group, Logs, Profiles, and User Management are selected to audit all Administrative actions.

If the following required audit events have not been selected, this is a finding.
- Change in enrollment status
- Failure to apply policies to a mobile device
- Startup and shutdown of the MDM System
- All administrative actions</check-content></check></Rule></Group><Group id="V-225648"><title>PP-MDM-413002</title><description>&lt;GroupDescription&gt;&lt;/GroupDescription&gt;</description><Rule id="SV-225648r588007_rule" weight="10.0" severity="low"><version>SSDS-00-000670</version><title>The [selection: Samsung SDS EMM, MDM platform] must have the capability to display the DoD warning banner prior to establishing a user session.</title><description>&lt;VulnDiscussion&gt;Display of the DoD-approved use notification before granting access to the application ensures privacy and security notification verbiage used is consistent with applicable federal laws, Executive Orders, directives, policies, regulations, standards, and guidance.

System use notifications are required only for access via logon interfaces with human users and are not required when such human interfaces do not exist.

The banner must be formatted in accordance with DTM-08-060. Use the following verbiage for applications that can accommodate banners of 1300 characters:

"You are accessing a U.S. Government (USG) Information System (IS) that is provided for USG-authorized use only.

By using this IS (which includes any device attached to this IS), you consent to the following conditions:

-The USG routinely intercepts and monitors communications on this IS for purposes including, but not limited to, penetration testing, COMSEC monitoring, network operations and defense, personnel misconduct (PM), law enforcement (LE), and counterintelligence (CI) investigations.

-At any time, the USG may inspect and seize data stored on this IS.

-Communications using, or data stored on, this IS are not private, are subject to routine monitoring, interception, and search, and may be disclosed or used for any USG-authorized purpose.

-This IS includes security measures (e.g., authentication and access controls) to protect USG interests--not for your personal benefit or privacy.

-Notwithstanding the above, using this IS does not constitute consent to PM, LE or CI investigative searching or monitoring of the content of privileged communications, or work product, related to personal representation or services by attorneys, psychotherapists, or clergy, and their assistants. Such communications and work product are private and confidential. See User Agreement for details."
 
Use the following verbiage for operating systems that have severe limitations on the number of characters that can be displayed in the banner:

"I've read &amp; consent to terms in IS user agreem't."

SFR ID: FTA_TAB.1.1, FMT_SMF.1.1(2) c.2&lt;/VulnDiscussion&gt;&lt;FalsePositives&gt;&lt;/FalsePositives&gt;&lt;FalseNegatives&gt;&lt;/FalseNegatives&gt;&lt;Documentable&gt;false&lt;/Documentable&gt;&lt;Mitigations&gt;&lt;/Mitigations&gt;&lt;SeverityOverrideGuidance&gt;&lt;/SeverityOverrideGuidance&gt;&lt;PotentialImpacts&gt;&lt;/PotentialImpacts&gt;&lt;ThirdPartyTools&gt;&lt;/ThirdPartyTools&gt;&lt;MitigationControl&gt;&lt;/MitigationControl&gt;&lt;Responsibility&gt;&lt;/Responsibility&gt;&lt;IAControls&gt;&lt;/IAControls&gt;</description><reference><dc:title>DPMS Target Samsung SDS EMM</dc:title><dc:publisher>DISA</dc:publisher><dc:type>DPMS Target</dc:type><dc:subject>Samsung SDS EMM</dc:subject><dc:identifier>4216</dc:identifier></reference><ident system="http://cyber.mil/cci">CCI-000048</ident><fixtext fixref="F-27337r560967_fix">Configure the MDM server to display the appropriate warning banner text.

On the MDM console, do the following:
1. Log in to the Admin Console using a web browser.
2. Go to Setting &gt;&gt; Server &gt;&gt; Configuration and click "EULA" on the top of the window.
3. Enter required DoD text in the EULA "Content" box.
4. Click "Save".</fixtext><fix id="F-27337r560967_fix" /><check system="C-27349r560966_chk"><check-content-ref href="Samsung_SDS_EMM_STIG.xml" name="M" /><check-content>Review Samsung SDS EMM server documentation and configuration settings to determine if the warning banner is using the appropriate designated wording. 

On the MDM console, do the following:
1. Log in to the Admin Console using a web browser.
2. Go to Setting &gt;&gt; Server &gt;&gt; Configuration and click "EULA" at the top of the window.
3. Check the required DoD text in the EULA "Content" box.

If the warning banner is not set up on the MDM server or wording does not exactly match the VulDiscussion text, this is a finding.</check-content></check></Rule></Group><Group id="V-225649"><title>PP-MDM-414003</title><description>&lt;GroupDescription&gt;&lt;/GroupDescription&gt;</description><Rule id="SV-225649r744410_rule" weight="10.0" severity="high"><version>SSDS-00-000725</version><title>The Samsung SDS EMM server must be configured to use one-time password in addition to username and password for administrator logon to the server.</title><description>&lt;VulnDiscussion&gt;Two-factor authentication ensures strong authentication and access controls are in place for privileged accounts. But One-Time Passwords (OTP) do not meet DoD requirements that system administrators access privileged accounts via CAC authentication through a directory service (Active Directory).

SFR ID: FIA&lt;/VulnDiscussion&gt;&lt;FalsePositives&gt;&lt;/FalsePositives&gt;&lt;FalseNegatives&gt;&lt;/FalseNegatives&gt;&lt;Documentable&gt;false&lt;/Documentable&gt;&lt;Mitigations&gt;&lt;/Mitigations&gt;&lt;SeverityOverrideGuidance&gt;&lt;/SeverityOverrideGuidance&gt;&lt;PotentialImpacts&gt;&lt;/PotentialImpacts&gt;&lt;ThirdPartyTools&gt;&lt;/ThirdPartyTools&gt;&lt;MitigationControl&gt;&lt;/MitigationControl&gt;&lt;Responsibility&gt;&lt;/Responsibility&gt;&lt;IAControls&gt;&lt;/IAControls&gt;</description><reference><dc:title>DPMS Target Samsung SDS EMM</dc:title><dc:publisher>DISA</dc:publisher><dc:type>DPMS Target</dc:type><dc:subject>Samsung SDS EMM</dc:subject><dc:identifier>4216</dc:identifier></reference><ident system="http://cyber.mil/cci">CCI-000015</ident><fixtext fixref="F-27338r744403_fix">Use the following procedure for configuring the use of OTP authentication on the EMM server: 
 
On the MDM console, do the following: 
1.  Log into the SDS EMM console.
2.  Go to Setting &gt;&gt; Server &gt;&gt; Configuration &gt;&gt; Two-Factor Authentication.
3.  Set Two-Factor Authentication to "No".
4.  Save setting.</fixtext><fix id="F-27338r744403_fix" /><check system="C-27350r744402_chk"><check-content-ref href="Samsung_SDS_EMM_STIG.xml" name="M" /><check-content>Verify the EMM server has not been configured to use one-time password (OTP) for administrator logon to the server. 
 
On the MDM console, do the following: 
1.  Log into the SDS EMM console.
2.  Go to Setting &gt;&gt; Server &gt;&gt; Configuration &gt;&gt; Two-Factor Authentication.
3.  Verify Two-Factor Authentication is set to "No".
 
If the EMM server has not been configured to disable one-time-password (OTP) for administrator logon to the server, this is a finding.</check-content></check></Rule></Group><Group id="V-225650"><title>PP-MDM-992000</title><description>&lt;GroupDescription&gt;&lt;/GroupDescription&gt;</description><Rule id="SV-225650r588007_rule" weight="10.0" severity="high"><version>SSDS-00-000740</version><title>The Samsung SDS EMM server must be maintained at a supported version.</title><description>&lt;VulnDiscussion&gt;Versions of Samsung SDS EMM are maintained by Samsung SDS for specific periods of time. Unsupported versions will not receive security updates for new vulnerabilities which leaves them subject to exploitation.

SFR ID: FPT_TUD_EXT.1&lt;/VulnDiscussion&gt;&lt;FalsePositives&gt;&lt;/FalsePositives&gt;&lt;FalseNegatives&gt;&lt;/FalseNegatives&gt;&lt;Documentable&gt;false&lt;/Documentable&gt;&lt;Mitigations&gt;&lt;/Mitigations&gt;&lt;SeverityOverrideGuidance&gt;&lt;/SeverityOverrideGuidance&gt;&lt;PotentialImpacts&gt;&lt;/PotentialImpacts&gt;&lt;ThirdPartyTools&gt;&lt;/ThirdPartyTools&gt;&lt;MitigationControl&gt;&lt;/MitigationControl&gt;&lt;Responsibility&gt;&lt;/Responsibility&gt;&lt;IAControls&gt;&lt;/IAControls&gt;</description><reference><dc:title>DPMS Target Samsung SDS EMM</dc:title><dc:publisher>DISA</dc:publisher><dc:type>DPMS Target</dc:type><dc:subject>Samsung SDS EMM</dc:subject><dc:identifier>4216</dc:identifier></reference><ident system="http://cyber.mil/cci">CCI-000366</ident><fixtext fixref="F-27339r560973_fix">For viewing the installed version of EMM, on the MDM console, do the following:
1. Log in to the Admin Console using a web browser.
2. Check the version by version number and deploy date at the bottom left on the screen.
3. Verify the installed version of the Samsung SDS EMM server is a supported version. A list of supported versions of EMM can be found at http://support.samsungsds.com. (Note: An account is needed to access this web page. The site EMM system administrator should be able to access the site and print the list for the reviewer/auditor.)
4. Install a supported version of SDS EMM using Samsung SDS published procedures. To get the EMM Installer and apk file, contact the EMM technical support team.</fixtext><fix id="F-27339r560973_fix" /><check system="C-27351r560972_chk"><check-content-ref href="Samsung_SDS_EMM_STIG.xml" name="M" /><check-content>Verify the installed version of the Samsung SDS EMM server is a supported version. A list of supported versions of EMM can be found at http://support.samsungsds.com. (Note: An account is needed to access this web page. The site EMM system administrator should be able to access the site and print the list for the reviewer/auditor.)

For viewing the installed version of EMM, on the MDM console, do the following:
1. Log in to the Admin Console using a web browser.
2. Check the version by version number and deploy date at the bottom left on the screen.
3. Verify the version is on the list of supported versions on the Samsung SDS website.

If the installed version of Samsung SDS EMM server is not a supported version, this is a finding.</check-content></check></Rule></Group><Group id="V-225651"><title>PP-MDM-431004</title><description>&lt;GroupDescription&gt;&lt;/GroupDescription&gt;</description><Rule id="SV-225651r588007_rule" weight="10.0" severity="medium"><version>SSDS-00-200010</version><title>The Samsung SDS EMM platform must be protected by a DoD-approved firewall.</title><description>&lt;VulnDiscussion&gt;Most information systems are capable of providing a wide variety of functions and services. Some of the functions and services provided by default may not be necessary to support essential organizational operations. Unneeded services and processes provide additional threat vectors and avenues of attack to the information system. The Samsung SDS EMM is a critical component of the mobility architecture and must be configured to enable only those ports, protocols, and services (PPS) necessary to support functionality. All others must be expressly disabled or removed. A DoD-approved firewall implements the required network restrictions. A host-based firewall is appropriate where the Samsung SDS EMM runs on a standalone platform. Network firewalls or other architectures may be preferred where the Samsung SDS EMM runs in a cloud or virtualized solution.

SFR ID: FMT_SMF.1.1(2) b / CM-7 b

Satisfies: SRG-APP-000142, PP-MDM-431004&lt;/VulnDiscussion&gt;&lt;FalsePositives&gt;&lt;/FalsePositives&gt;&lt;FalseNegatives&gt;&lt;/FalseNegatives&gt;&lt;Documentable&gt;false&lt;/Documentable&gt;&lt;Mitigations&gt;&lt;/Mitigations&gt;&lt;SeverityOverrideGuidance&gt;&lt;/SeverityOverrideGuidance&gt;&lt;PotentialImpacts&gt;&lt;/PotentialImpacts&gt;&lt;ThirdPartyTools&gt;&lt;/ThirdPartyTools&gt;&lt;MitigationControl&gt;&lt;/MitigationControl&gt;&lt;Responsibility&gt;&lt;/Responsibility&gt;&lt;IAControls&gt;&lt;/IAControls&gt;</description><reference><dc:title>DPMS Target Samsung SDS EMM</dc:title><dc:publisher>DISA</dc:publisher><dc:type>DPMS Target</dc:type><dc:subject>Samsung SDS EMM</dc:subject><dc:identifier>4216</dc:identifier></reference><ident system="http://cyber.mil/cci">CCI-000382</ident><fixtext fixref="F-27340r560976_fix">Install a DoD-approved firewall.</fixtext><fix id="F-27340r560976_fix" /><check system="C-27352r560975_chk"><check-content-ref href="Samsung_SDS_EMM_STIG.xml" name="M" /><check-content>Review the Samsung SDS EMM platform configuration to determine whether a DoD-approved firewall is installed or if the platform operating system provides a firewall service that can restrict both inbound and outbound traffic by TCP/UDP port and IP address.

If there is not a host-based firewall present on the Samsung SDS EMM platform, this is a finding.</check-content></check></Rule></Group><Group id="V-225652"><title>PP-MDM-431005</title><description>&lt;GroupDescription&gt;&lt;/GroupDescription&gt;</description><Rule id="SV-225652r588007_rule" weight="10.0" severity="medium"><version>SSDS-00-200020</version><title>The firewall protecting the Samsung SDS EMM platform must be configured to restrict all network traffic to and from all addresses with the exception of ports, protocols, and IP address ranges required to support Samsung SDS EMM and platform functions.</title><description>&lt;VulnDiscussion&gt;Most information systems are capable of providing a wide variety of functions and services. Some of the functions and services, provided by default, may not be necessary to support essential organizational operations. Since Samsung SDS EMM is a critical component of the mobility architecture and must be configured to enable only those ports, protocols, and services (PPS) necessary to support functionality, all others must be expressly disabled or removed. A firewall installed on the Samsung SDS EMM provides a protection mechanism to ensure unwanted service requests do not reach the Samsung SDS EMM and outbound traffic is limited to only Samsung SDS EMM functionality.

SFR ID: FMT_SMF.1.1(2) b / CM-7 b

Satisfies: SRG-APP-000142, PP-MDM-43100&lt;/VulnDiscussion&gt;&lt;FalsePositives&gt;&lt;/FalsePositives&gt;&lt;FalseNegatives&gt;&lt;/FalseNegatives&gt;&lt;Documentable&gt;false&lt;/Documentable&gt;&lt;Mitigations&gt;&lt;/Mitigations&gt;&lt;SeverityOverrideGuidance&gt;&lt;/SeverityOverrideGuidance&gt;&lt;PotentialImpacts&gt;&lt;/PotentialImpacts&gt;&lt;ThirdPartyTools&gt;&lt;/ThirdPartyTools&gt;&lt;MitigationControl&gt;&lt;/MitigationControl&gt;&lt;Responsibility&gt;&lt;/Responsibility&gt;&lt;IAControls&gt;&lt;/IAControls&gt;</description><reference><dc:title>DPMS Target Samsung SDS EMM</dc:title><dc:publisher>DISA</dc:publisher><dc:type>DPMS Target</dc:type><dc:subject>Samsung SDS EMM</dc:subject><dc:identifier>4216</dc:identifier></reference><ident system="http://cyber.mil/cci">CCI-000382</ident><fixtext fixref="F-27341r560979_fix">Configure the firewall on the Samsung SDS EMM to only permit ports, protocols, and IP address ranges necessary for operation.</fixtext><fix id="F-27341r560979_fix" /><check system="C-27353r560978_chk"><check-content-ref href="Samsung_SDS_EMM_STIG.xml" name="M" /><check-content>Ask the MDM administrator for a list of ports, protocols, and IP address ranges necessary to support Samsung SDS EMM and platform functionality. A list can usually be found in the STIG Supplemental document or MDM product documentation.

Compare the list against the configuration of the firewall and identify discrepancies.

If the host-based firewall is not configured to support only ports, protocols, and IP address ranges necessary for operation, this is a finding.</check-content></check></Rule></Group><Group id="V-225653"><title>PP-MDM-431006</title><description>&lt;GroupDescription&gt;&lt;/GroupDescription&gt;</description><Rule id="SV-225653r588007_rule" weight="10.0" severity="medium"><version>SSDS-00-200030</version><title>The firewall protecting the Samsung SDS EMM platform must be configured so that only DoD-approved ports, protocols, and services are enabled. See the DoD Ports, Protocols, Services Management [PPSM] Category Assurance Levels [CAL] list for DoD-approved ports, protocols, and services.</title><description>&lt;VulnDiscussion&gt;All ports, protocols, and services used on DoD networks must be approved and registered via the DoD PPSM process. This is to ensure that a risk assessment has been completed before a new port, protocol, or service is configured on a DoD network and has been approved by proper DoD authorities. Otherwise, the new port, protocol, or service could cause a vulnerability to the DoD network, which could be exploited by an adversary.

SFR ID: FMT_SMF.1.1(2) b / CM-7 b

Satisfies: SRG-APP-000142, PP-MDM-431006&lt;/VulnDiscussion&gt;&lt;FalsePositives&gt;&lt;/FalsePositives&gt;&lt;FalseNegatives&gt;&lt;/FalseNegatives&gt;&lt;Documentable&gt;false&lt;/Documentable&gt;&lt;Mitigations&gt;&lt;/Mitigations&gt;&lt;SeverityOverrideGuidance&gt;&lt;/SeverityOverrideGuidance&gt;&lt;PotentialImpacts&gt;&lt;/PotentialImpacts&gt;&lt;ThirdPartyTools&gt;&lt;/ThirdPartyTools&gt;&lt;MitigationControl&gt;&lt;/MitigationControl&gt;&lt;Responsibility&gt;&lt;/Responsibility&gt;&lt;IAControls&gt;&lt;/IAControls&gt;</description><reference><dc:title>DPMS Target Samsung SDS EMM</dc:title><dc:publisher>DISA</dc:publisher><dc:type>DPMS Target</dc:type><dc:subject>Samsung SDS EMM</dc:subject><dc:identifier>4216</dc:identifier></reference><ident system="http://cyber.mil/cci">CCI-000382</ident><fixtext fixref="F-27342r560982_fix">Turn off any ports, protocols, and services on the MDM host-based firewall that are not on the DoD PPSM CAL list.</fixtext><fix id="F-27342r560982_fix" /><check system="C-27354r560981_chk"><check-content-ref href="Samsung_SDS_EMM_STIG.xml" name="M" /><check-content>Ask the MDM administrator for a list of ports, protocols, and services that have been configured on the host-based firewall of the Samsung SDS EMM or generate the list by inspecting the firewall. Verify all allowed ports, protocols, and services are included on the DoD PPSM CAL list.

If any allowed ports, protocols, and services on the MDM host-based firewall are not included on the DoD PPSM CAL list, this is a finding.</check-content></check></Rule></Group><Group id="V-225654"><title>PP-MDM-431010</title><description>&lt;GroupDescription&gt;&lt;/GroupDescription&gt;</description><Rule id="SV-225654r835013_rule" weight="10.0" severity="medium"><version>SSDS-00-200070</version><title>The Samsung SDS EMM must limit the number of concurrent sessions to one session for all accounts and/or account types.</title><description>&lt;VulnDiscussion&gt;Application management includes the ability to control the number of users and user sessions that utilize an application. Limiting the number of allowed users and sessions per user is helpful in limiting risks related to DoS attacks.

This requirement may be met via the application or by using information system session control provided by a web server with specialized session management capabilities. If it has been specified that this requirement will be handled by the application, the capability to limit the maximum number of concurrent single user sessions must be designed and built into the application. 

This requirement addresses concurrent sessions for information system accounts and does not address concurrent sessions by single users via multiple system accounts. The maximum number of concurrent sessions should be defined based upon mission needs and the operational environment for each system.

SFR ID: FMT_SMF.1.1(2) b / AC-10

Satisfies: SRG-APP-000001, PP-MDM-431010&lt;/VulnDiscussion&gt;&lt;FalsePositives&gt;&lt;/FalsePositives&gt;&lt;FalseNegatives&gt;&lt;/FalseNegatives&gt;&lt;Documentable&gt;false&lt;/Documentable&gt;&lt;Mitigations&gt;&lt;/Mitigations&gt;&lt;SeverityOverrideGuidance&gt;&lt;/SeverityOverrideGuidance&gt;&lt;PotentialImpacts&gt;&lt;/PotentialImpacts&gt;&lt;ThirdPartyTools&gt;&lt;/ThirdPartyTools&gt;&lt;MitigationControl&gt;&lt;/MitigationControl&gt;&lt;Responsibility&gt;&lt;/Responsibility&gt;&lt;IAControls&gt;&lt;/IAControls&gt;</description><reference><dc:title>DPMS Target Samsung SDS EMM</dc:title><dc:publisher>DISA</dc:publisher><dc:type>DPMS Target</dc:type><dc:subject>Samsung SDS EMM</dc:subject><dc:identifier>4216</dc:identifier></reference><ident system="http://cyber.mil/cci">CCI-000054</ident><fixtext fixref="F-27343r835012_fix">Configure the Samsung SDS EMM to limit the number of concurrent sessions to one session all accounts and/or account types.

On the MDM console, do the following:
1. Log in to the Admin Console using a web browser.
2. Go to Setting &gt;&gt; Server &gt;&gt; Configuration and check Multiple login as "Disallow."</fixtext><fix id="F-27343r835012_fix" /><check system="C-27355r835011_chk"><check-content-ref href="Samsung_SDS_EMM_STIG.xml" name="M" /><check-content>Review the Samsung SDS EMM configuration settings and verify the server is configured to limit the number of concurrent sessions to one session for all accounts and/or account types.

On the MDM console, do the following:
1. Log in to the Admin Console using a web browser.
2. Go to Setting &gt;&gt; Server &gt;&gt; Configuration and verify Multiple login is set to "Disallow."

If the MDM console Multiple login is not set to "Disallow", this is a finding.</check-content></check></Rule></Group><Group id="V-225655"><title>PP-MDM-991000</title><description>&lt;GroupDescription&gt;&lt;/GroupDescription&gt;</description><Rule id="SV-225655r588007_rule" weight="10.0" severity="medium"><version>SSDS-00-200240</version><title>The Samsung SDS EMM must automatically disable accounts after a 35 day period of account inactivity (local accounts).</title><description>&lt;VulnDiscussion&gt;Attackers that are able to exploit an inactive account can potentially obtain and maintain undetected access to an application. Owners of inactive accounts will not notice if unauthorized access to their user account has been obtained. Applications need to track periods of user inactivity and disable accounts after 35 days of inactivity. Such a process greatly reduces the risk that accounts will be hijacked, leading to a data compromise. 

To address access requirements, many application developers choose to integrate their applications with enterprise-level authentication/access mechanisms that meet or exceed access control policy requirements. Such integration allows the application developer to off-load those access control functions and focus on core application features and functionality. 

This policy does not apply to either emergency accounts or infrequently used accounts. Infrequently used accounts are local login administrator accounts used by system administrators when network or normal logon/access is not available. Emergency accounts are administrator accounts created in response to crisis situations.

SFR ID: FMT_SMF.1(2)b. / AC-2(3)

Satisfies: SRG-APP-000025, PP-MDM-991000&lt;/VulnDiscussion&gt;&lt;FalsePositives&gt;&lt;/FalsePositives&gt;&lt;FalseNegatives&gt;&lt;/FalseNegatives&gt;&lt;Documentable&gt;false&lt;/Documentable&gt;&lt;Mitigations&gt;&lt;/Mitigations&gt;&lt;SeverityOverrideGuidance&gt;&lt;/SeverityOverrideGuidance&gt;&lt;PotentialImpacts&gt;&lt;/PotentialImpacts&gt;&lt;ThirdPartyTools&gt;&lt;/ThirdPartyTools&gt;&lt;MitigationControl&gt;&lt;/MitigationControl&gt;&lt;Responsibility&gt;&lt;/Responsibility&gt;&lt;IAControls&gt;&lt;/IAControls&gt;</description><reference><dc:title>DPMS Target Samsung SDS EMM</dc:title><dc:publisher>DISA</dc:publisher><dc:type>DPMS Target</dc:type><dc:subject>Samsung SDS EMM</dc:subject><dc:identifier>4216</dc:identifier></reference><ident system="http://cyber.mil/cci">CCI-000017</ident><fixtext fixref="F-27344r560988_fix">Configure the Samsung SDS EMM to disable accounts after 35 days.

On the MDM console, do the following:
1. Log in to the Admin Console using a web browser.
2. Go to Setting &gt;&gt; Server &gt;&gt; Configuration and set Inactivity Limit on Admin Accounts (days) to "35" days.
3. Click the "Save" button.</fixtext><fix id="F-27344r560988_fix" /><check system="C-27356r560987_chk"><check-content-ref href="Samsung_SDS_EMM_STIG.xml" name="M" /><check-content>Review Samsung SDS EMM server documentation and configuration settings to determine if the admin account is automatically disabled after 35 days. 

On the MDM console, verify that the MDM console Inactivity Limit on Admin Accounts (days) is set to "35". 

If sub-administrators or read-only administrators do not sign in for 35 days, their accounts are locked.

If the MDM console Inactivity Limit on Admin Accounts (days) is not set to "35", this is a finding.</check-content></check></Rule></Group><Group id="V-225656"><title>PP-MDM-991000</title><description>&lt;GroupDescription&gt;&lt;/GroupDescription&gt;</description><Rule id="SV-225656r588007_rule" weight="10.0" severity="medium"><version>SSDS-00-200250</version><title>The Samsung SDS EMM must enforce the limit of three consecutive invalid logon attempts by a user.</title><description>&lt;VulnDiscussion&gt;By limiting the number of failed login attempts, the risk of unauthorized system access via user password guessing, otherwise known as brute forcing, is reduced. Limits are imposed by locking the account.

SFR ID: FMT_SMF.1(2)b. / IA-7-a

Satisfies: SRG-APP-000065, PP-MDM-991000&lt;/VulnDiscussion&gt;&lt;FalsePositives&gt;&lt;/FalsePositives&gt;&lt;FalseNegatives&gt;&lt;/FalseNegatives&gt;&lt;Documentable&gt;false&lt;/Documentable&gt;&lt;Mitigations&gt;&lt;/Mitigations&gt;&lt;SeverityOverrideGuidance&gt;&lt;/SeverityOverrideGuidance&gt;&lt;PotentialImpacts&gt;&lt;/PotentialImpacts&gt;&lt;ThirdPartyTools&gt;&lt;/ThirdPartyTools&gt;&lt;MitigationControl&gt;&lt;/MitigationControl&gt;&lt;Responsibility&gt;&lt;/Responsibility&gt;&lt;IAControls&gt;&lt;/IAControls&gt;</description><reference><dc:title>DPMS Target Samsung SDS EMM</dc:title><dc:publisher>DISA</dc:publisher><dc:type>DPMS Target</dc:type><dc:subject>Samsung SDS EMM</dc:subject><dc:identifier>4216</dc:identifier></reference><ident system="http://cyber.mil/cci">CCI-000044</ident><fixtext fixref="F-27345r560991_fix">Configure the Samsung SDS EMM to enforce the limit of three consecutive invalid logon attempts by an admin.

On the MDM console, do the following:
1. Log in to the Admin Console using a web browser.
2. Go to Setting &gt;&gt; Server &gt;&gt; Configuration and set "Maximum Failed Login Attempts" to "3".</fixtext><fix id="F-27345r560991_fix" /><check system="C-27357r560990_chk"><check-content-ref href="Samsung_SDS_EMM_STIG.xml" name="M" /><check-content>Review the Samsung SDS EMM configuration settings and verify the server is configured to enforce the limit of three consecutive invalid logon attempts by admin.

On the MDM console, verify that the MDM console "Maximum Failed Login Attempts" is set to "3".  

If the administrator incorrectly enters the login password three times, the account is locked.

If the MDM console Maximum Failed Login Attempts is not set to "3", this is a finding.</check-content></check></Rule></Group><Group id="V-225657"><title>PP-MDM-991000</title><description>&lt;GroupDescription&gt;&lt;/GroupDescription&gt;</description><Rule id="SV-225657r588007_rule" weight="10.0" severity="medium"><version>SSDS-00-200260</version><title>The Samsung SDS EMM must use multifactor authentication for local access to privileged accounts.</title><description>&lt;VulnDiscussion&gt;To ensure accountability and prevent unauthenticated access, privileged users must use multifactor authentication to prevent potential misuse and compromise of the system. 

Multifactor authentication is defined as using two or more factors to achieve authentication. 

Factors include: 
(i) Something a user knows (e.g., password/PIN); 
(ii) Something a user has (e.g., cryptographic identification device, token); or 
(iii) Something a user is (e.g., biometric). 

A privileged account is defined as an information system account with authorizations of a privileged user. 

Local access is defined as access to an organizational information system by a user (or process acting on behalf of a user) communicating through a direct connection without the use of a network. 

Applications integrating with the DoD Active Directory and using the DoD CAC are examples of compliant multifactor authentication solutions.

SFR ID: FMT_SMF.1(2)b. / IA-2(3)

Satisfies: SRG-APP-000151, PP-MDM-991000&lt;/VulnDiscussion&gt;&lt;FalsePositives&gt;&lt;/FalsePositives&gt;&lt;FalseNegatives&gt;&lt;/FalseNegatives&gt;&lt;Documentable&gt;false&lt;/Documentable&gt;&lt;Mitigations&gt;&lt;/Mitigations&gt;&lt;SeverityOverrideGuidance&gt;&lt;/SeverityOverrideGuidance&gt;&lt;PotentialImpacts&gt;&lt;/PotentialImpacts&gt;&lt;ThirdPartyTools&gt;&lt;/ThirdPartyTools&gt;&lt;MitigationControl&gt;&lt;/MitigationControl&gt;&lt;Responsibility&gt;&lt;/Responsibility&gt;&lt;IAControls&gt;&lt;/IAControls&gt;</description><reference><dc:title>DPMS Target Samsung SDS EMM</dc:title><dc:publisher>DISA</dc:publisher><dc:type>DPMS Target</dc:type><dc:subject>Samsung SDS EMM</dc:subject><dc:identifier>4216</dc:identifier></reference><ident system="http://cyber.mil/cci">CCI-000767</ident><fixtext fixref="F-27346r560994_fix">Configure the Samsung SDS EMM to use multifactor authentication for local access to privileged accounts.

On the MDM console, do the following:
1. Log in to the Admin Console using a web browser.
2. Go to Setting &gt;&gt; Server &gt;&gt; Configuration and set Two-Factor Authentication to "Yes".
3. Click "Save".</fixtext><fix id="F-27346r560994_fix" /><check system="C-27358r560993_chk"><check-content-ref href="Samsung_SDS_EMM_STIG.xml" name="M" /><check-content>Review the Samsung SDS EMM configuration settings and verify the server is configured to use multifactor authentication for local access to privileged accounts.

On the MDM console, do the following:
1. In the Admin Console login page, enter the Admin ID and password and click the "Sign in" button.
2. Enter the OTP (one-time password) in the pop-up by sending SMS or email that is registered in admin account information.
3. Login is successful.

If the OTP pop-up does not display, this is a finding.</check-content></check></Rule></Group><Group id="V-245525"><title>PP-MDM-414002</title><description>&lt;GroupDescription&gt;&lt;/GroupDescription&gt;</description><Rule id="SV-245525r744387_rule" weight="10.0" severity="high"><version>SSDS-00-000710</version><title>The Samsung SDS EMM must be configured to leverage the MDM platform administrator accounts and groups for Samsung SDS EMM user identification and CAC authentication.</title><description>&lt;VulnDiscussion&gt;A comprehensive account management process that includes automation helps to ensure the accounts designated as requiring attention are consistently and promptly addressed. If an attacker compromises an account, the entire MDM server infrastructure is at risk. Providing automated support functions for the management of accounts will ensure only active accounts will be granted access with the proper authorization levels. These objectives are best achieved by configuring the MDM server to leverage an enterprise authentication mechanism (e.g., Microsoft Active Directory Kerberos).

SFR ID: FIA&lt;/VulnDiscussion&gt;&lt;FalsePositives&gt;&lt;/FalsePositives&gt;&lt;FalseNegatives&gt;&lt;/FalseNegatives&gt;&lt;Documentable&gt;false&lt;/Documentable&gt;&lt;Mitigations&gt;&lt;/Mitigations&gt;&lt;SeverityOverrideGuidance&gt;&lt;/SeverityOverrideGuidance&gt;&lt;PotentialImpacts&gt;&lt;/PotentialImpacts&gt;&lt;ThirdPartyTools&gt;&lt;/ThirdPartyTools&gt;&lt;MitigationControl&gt;&lt;/MitigationControl&gt;&lt;Responsibility&gt;&lt;/Responsibility&gt;&lt;IAControls&gt;&lt;/IAControls&gt;</description><reference><dc:title>DPMS Target Samsung SDS EMM</dc:title><dc:publisher>DISA</dc:publisher><dc:type>DPMS Target</dc:type><dc:subject>Samsung SDS EMM</dc:subject><dc:identifier>4216</dc:identifier></reference><ident system="http://cyber.mil/cci">CCI-000015</ident><fixtext fixref="F-48757r744400_fix">Configure SDS EMM to leverage the MDM platform administrator accounts and groups for user (system administrator) identification and CAC authentication.  

Complete the following procedures:
1.  Follow necessary setup steps for Admin Registration, Tomcat Server Settings,  Directory Settings found on the top of page 536 of the Samsung SDS EMM 2.2.5.3 Administrator Guide.
(Refer to the "CAC Sign-In" section of the Appendix of the Samsung SDS EMM 2.2.5.3 Administrator Guide for detailed setting procedures in the CAC authentication/Directory Services environment for the SDS EMM)
2. Enable CAC Sign-In by the following procedure:
- Log in to the SDS EMM console.
- Go to Settings &gt;&gt; Server &gt;&gt; Configuration.
- Click "CAC Sign-In".
- Configure the "CAC Sign-In Settings", Port", and "Directory Service Name".
- Click Save.</fixtext><fix id="F-48757r744400_fix" /><check system="C-48800r744401_chk"><check-content-ref href="Samsung_SDS_EMM_STIG.xml" name="M" /><check-content>Verify SDS EMM is leveraging the MDM platform administrator accounts and groups for user (system administrator) identification and CAC authentication.  

Use one of the following methods:

Method 1:
- Attempt to log on to the SDS EMM console using a CAC.  
- Verify CAC log on was successful.

Method 2:
- Log in to the SDS EMM console.
- Go to Settings &gt;&gt; Server &gt;&gt; Configuration.
- Click "CAC Sign-In".
- Verify CAC Sign-In has been set up.

If SDS EMM is not leveraging the MDM platform administrator accounts and groups for user (system administrator) identification and CAC authentication, this is a finding. </check-content></check></Rule></Group><Group id="V-245526"><title>PP-MDM-414003</title><description>&lt;GroupDescription&gt;&lt;/GroupDescription&gt;</description><Rule id="SV-245526r744388_rule" weight="10.0" severity="high"><version>SSDS-00-000720</version><title>Authentication of MDM platform accounts must be configured so they are implemented via an enterprise directory service.</title><description>&lt;VulnDiscussion&gt;A comprehensive account management process that includes automation helps to ensure the accounts designated as requiring attention are consistently and promptly addressed. If an attacker compromises an account, the entire MDM server infrastructure is at risk. Providing automated support functions for the management of accounts will ensure only active accounts will be granted access with the proper authorization levels. These objectives are best achieved by configuring the MDM server to leverage an enterprise authentication mechanism (e.g., Microsoft Active Directory Kerberos).

SFR ID: FIA&lt;/VulnDiscussion&gt;&lt;FalsePositives&gt;&lt;/FalsePositives&gt;&lt;FalseNegatives&gt;&lt;/FalseNegatives&gt;&lt;Documentable&gt;false&lt;/Documentable&gt;&lt;Mitigations&gt;&lt;/Mitigations&gt;&lt;SeverityOverrideGuidance&gt;&lt;/SeverityOverrideGuidance&gt;&lt;PotentialImpacts&gt;&lt;/PotentialImpacts&gt;&lt;ThirdPartyTools&gt;&lt;/ThirdPartyTools&gt;&lt;MitigationControl&gt;&lt;/MitigationControl&gt;&lt;Responsibility&gt;&lt;/Responsibility&gt;&lt;IAControls&gt;&lt;/IAControls&gt;</description><reference><dc:title>DPMS Target Samsung SDS EMM</dc:title><dc:publisher>DISA</dc:publisher><dc:type>DPMS Target</dc:type><dc:subject>Samsung SDS EMM</dc:subject><dc:identifier>4216</dc:identifier></reference><ident system="http://cyber.mil/cci">CCI-000015</ident><fixtext fixref="F-48757r744400_fix">Configure SDS EMM to leverage the MDM platform administrator accounts and groups for user (system administrator) identification and CAC authentication.  

Complete the following procedures:
1.  Follow necessary setup steps for Admin Registration, Tomcat Server Settings,  Directory Settings found on the top of page 536 of the Samsung SDS EMM 2.2.5.3 Administrator Guide.
(Refer to the "CAC Sign-In" section of the Appendix of the Samsung SDS EMM 2.2.5.3 Administrator Guide for detailed setting procedures in the CAC authentication/Directory Services environment for the SDS EMM)
2. Enable CAC Sign-In by the following procedure:
- Log in to the SDS EMM console.
- Go to Settings &gt;&gt; Server &gt;&gt; Configuration.
- Click "CAC Sign-In".
- Configure the "CAC Sign-In Settings", Port", and "Directory Service Name".
- Click Save.</fixtext><fix id="F-48757r744400_fix" /><check system="C-48800r744401_chk"><check-content-ref href="Samsung_SDS_EMM_STIG.xml" name="M" /><check-content>Verify SDS EMM is leveraging the MDM platform administrator accounts and groups for user (system administrator) identification and CAC authentication.  

Use one of the following methods:

Method 1:
- Attempt to log on to the SDS EMM console using a CAC.  
- Verify CAC log on was successful.

Method 2:
- Log in to the SDS EMM console.
- Go to Settings &gt;&gt; Server &gt;&gt; Configuration.
- Click "CAC Sign-In".
- Verify CAC Sign-In has been set up.

If SDS EMM is not leveraging the MDM platform administrator accounts and groups for user (system administrator) identification and CAC authentication, this is a finding. </check-content></check></Rule></Group><Group id="V-245527"><title>PP-MDM-991000</title><description>&lt;GroupDescription&gt;&lt;/GroupDescription&gt;</description><Rule id="SV-245527r744391_rule" weight="10.0" severity="medium"><version>SSDS-00-200150</version><title>The Samsung SDS EMM local accounts password must be configured with length of 15 characters.</title><description>&lt;VulnDiscussion&gt;The shorter the password, the lower the number of possible combinations that need to be tested before the password is compromised. 
 
Password complexity, or strength, is a measure of the effectiveness of a password in resisting attempts at guessing and brute-force attacks. Password length is one factor of several that helps to determine strength and how long it takes to crack a password. The shorter the password, the lower the number of possible combinations that need to be tested before the password is compromised.  
 
Use of more characters in a password helps to exponentially increase the time and/or resources required to compromise the password.

SFR ID: FMT_SMF.1(2)b. / IA-5 (1) (a)&lt;/VulnDiscussion&gt;&lt;FalsePositives&gt;&lt;/FalsePositives&gt;&lt;FalseNegatives&gt;&lt;/FalseNegatives&gt;&lt;Documentable&gt;false&lt;/Documentable&gt;&lt;Mitigations&gt;&lt;/Mitigations&gt;&lt;SeverityOverrideGuidance&gt;&lt;/SeverityOverrideGuidance&gt;&lt;PotentialImpacts&gt;&lt;/PotentialImpacts&gt;&lt;ThirdPartyTools&gt;&lt;/ThirdPartyTools&gt;&lt;MitigationControl&gt;&lt;/MitigationControl&gt;&lt;Responsibility&gt;&lt;/Responsibility&gt;&lt;IAControls&gt;&lt;/IAControls&gt;</description><reference><dc:title>DPMS Target Samsung SDS EMM</dc:title><dc:publisher>DISA</dc:publisher><dc:type>DPMS Target</dc:type><dc:subject>Samsung SDS EMM</dc:subject><dc:identifier>4216</dc:identifier></reference><ident system="http://cyber.mil/cci">CCI-000205</ident><fixtext fixref="F-48758r744405_fix">Configure Samsung SDS EMM local accounts password with length of 15 characters or more. On the MDM console, do the following: 

1.  Log into the SDS EMM console.
2.  Go to Setting &gt;&gt; Server &gt;&gt; Configuration &gt;&gt; Minimum Password Length.
3.  Set the Minimum Password Length to 15.
4.  Save setting.</fixtext><fix id="F-48758r744405_fix" /><check system="C-48801r744404_chk"><check-content-ref href="Samsung_SDS_EMM_STIG.xml" name="M" /><check-content>Verify  Samsung SDS EMM local accounts have been configured with a password with length of 15 characters or more.

1.  Log into the SDS EMM console.
2.  Go to Setting &gt;&gt; Server &gt;&gt; Configuration &gt;&gt; Minimum Password Length.
3.  Verify the Minimum Password Length is set to 15 or more.

If the Minimum Password Length is not set to 15 or more, this is a finding.</check-content></check></Rule></Group><Group id="V-245528"><title>PP-MDM-991000</title><description>&lt;GroupDescription&gt;&lt;/GroupDescription&gt;</description><Rule id="SV-245528r836815_rule" weight="10.0" severity="medium"><version>SSDS-00-200210</version><title>The Samsung SDS EMM local accounts must be configured with password maximum lifetime of 60 Days.</title><description>&lt;VulnDiscussion&gt;Any password, no matter how complex, can eventually be cracked. Therefore, passwords need to be changed at specific intervals.  
 
One method of minimizing this risk is to use complex passwords and periodically change them. If the application does not limit the lifetime of passwords and force users to change their passwords, there is the risk that the system and/or application passwords could be compromised.  
 
This requirement does not include emergency administration accounts which are meant for access to the application in case of failure. These accounts are not required to have maximum password lifetime restrictions.

SFR ID: FMT_SMF.1(2)b. / IA-5 (1) (d)&lt;/VulnDiscussion&gt;&lt;FalsePositives&gt;&lt;/FalsePositives&gt;&lt;FalseNegatives&gt;&lt;/FalseNegatives&gt;&lt;Documentable&gt;false&lt;/Documentable&gt;&lt;Mitigations&gt;&lt;/Mitigations&gt;&lt;SeverityOverrideGuidance&gt;&lt;/SeverityOverrideGuidance&gt;&lt;PotentialImpacts&gt;&lt;/PotentialImpacts&gt;&lt;ThirdPartyTools&gt;&lt;/ThirdPartyTools&gt;&lt;MitigationControl&gt;&lt;/MitigationControl&gt;&lt;Responsibility&gt;&lt;/Responsibility&gt;&lt;IAControls&gt;&lt;/IAControls&gt;</description><reference><dc:title>DPMS Target Samsung SDS EMM</dc:title><dc:publisher>DISA</dc:publisher><dc:type>DPMS Target</dc:type><dc:subject>Samsung SDS EMM</dc:subject><dc:identifier>4216</dc:identifier></reference><ident system="http://cyber.mil/cci">CCI-000174</ident><fixtext fixref="F-48759r835015_fix">Configure Samsung SDS EMM local accounts with password maximum lifetime of 60 Days. On the MDM console, do the following: 

1.  Log in to the SDS EMM console.
2.  Go to Setting &gt;&gt; Server &gt;&gt; Configuration &gt;&gt; Manage Validity Period (Days).
3.  Set the Manage Validity Period (Days) to 60.
4.  Save setting.</fixtext><fix id="F-48759r835015_fix" /><check system="C-48803r836815_chk"><check-content-ref href="Samsung_SDS_EMM_STIG.xml" name="M" /><check-content>Verify Samsung SDS EMM local accounts have been configured to prohibit password reuse for a minimum of five generations.

1. Log in to the SDS EMM console.
2. Go to Setting &gt;&gt; Server &gt;&gt; Configuration &gt;&gt; Manage Password History (Times).
3. Verify the Manage Password History (Times) is set to 5.

If the Manage Password History (Times) is not set to 5, this is a finding.</check-content></check></Rule></Group><Group id="V-245529"><title>PP-MDM-991000</title><description>&lt;GroupDescription&gt;&lt;/GroupDescription&gt;</description><Rule id="SV-245529r836816_rule" weight="10.0" severity="medium"><version>SSDS-00-200220</version><title>The Samsung SDS EMM local accounts must prohibit password reuse for a minimum of five generations.</title><description>&lt;VulnDiscussion&gt;Password complexity, or strength, is a measure of the effectiveness of a password in resisting attempts at guessing and brute-force attacks.  
 
To meet password policy requirements, passwords need to be changed at specific policy-based intervals.  
 
If the information system or application allows the user to consecutively reuse their password when that password has exceeded its defined lifetime, the end result is a password that is not changed as per policy requirements.

SFR ID: FMT_SMF.1(2)b. / IA-5 (1) (e)&lt;/VulnDiscussion&gt;&lt;FalsePositives&gt;&lt;/FalsePositives&gt;&lt;FalseNegatives&gt;&lt;/FalseNegatives&gt;&lt;Documentable&gt;false&lt;/Documentable&gt;&lt;Mitigations&gt;&lt;/Mitigations&gt;&lt;SeverityOverrideGuidance&gt;&lt;/SeverityOverrideGuidance&gt;&lt;PotentialImpacts&gt;&lt;/PotentialImpacts&gt;&lt;ThirdPartyTools&gt;&lt;/ThirdPartyTools&gt;&lt;MitigationControl&gt;&lt;/MitigationControl&gt;&lt;Responsibility&gt;&lt;/Responsibility&gt;&lt;IAControls&gt;&lt;/IAControls&gt;</description><reference><dc:title>DPMS Target Samsung SDS EMM</dc:title><dc:publisher>DISA</dc:publisher><dc:type>DPMS Target</dc:type><dc:subject>Samsung SDS EMM</dc:subject><dc:identifier>4216</dc:identifier></reference><ident system="http://cyber.mil/cci">CCI-000200</ident><fixtext fixref="F-48760r744408_fix">Configure Samsung SDS EMM local accounts to prohibit password reuse for a minimum of five generations. On the MDM console, do the following: 

1.  Log in to the SDS EMM console.
2.  Go to Setting &gt;&gt; Server &gt;&gt; Configuration &gt;&gt; Manage Password History (Times).
3.  Set the Manage Password History (Times) to 5.
4.  Save setting.</fixtext><fix id="F-48760r744408_fix" /><check system="C-48803r836815_chk"><check-content-ref href="Samsung_SDS_EMM_STIG.xml" name="M" /><check-content>Verify Samsung SDS EMM local accounts have been configured to prohibit password reuse for a minimum of five generations.

1. Log in to the SDS EMM console.
2. Go to Setting &gt;&gt; Server &gt;&gt; Configuration &gt;&gt; Manage Password History (Times).
3. Verify the Manage Password History (Times) is set to 5.

If the Manage Password History (Times) is not set to 5, this is a finding.</check-content></check></Rule></Group></Benchmark>