<?xml version="1.0" encoding="utf-8"?><?xml-stylesheet type='text/xsl' href='STIG_unclass.xsl'?><Benchmark xmlns:dc="http://purl.org/dc/elements/1.1/" xmlns:xsi="http://www.w3.org/2001/XMLSchema-instance" xmlns:cpe="http://cpe.mitre.org/language/2.0" xmlns:xhtml="http://www.w3.org/1999/xhtml" xmlns:dsig="http://www.w3.org/2000/09/xmldsig#" xsi:schemaLocation="http://checklists.nist.gov/xccdf/1.1 http://nvd.nist.gov/schema/xccdf-1.1.4.xsd http://cpe.mitre.org/dictionary/2.0 http://cpe.mitre.org/files/cpe-dictionary_2.1.xsd" id="BB_UEM_MDM_STIG" xml:lang="en" xmlns="http://checklists.nist.gov/xccdf/1.1"><status date="2020-12-04">accepted</status><title>BlackBerry UEM Security Technical Implementation Guide</title><description>This Security Technical Implementation Guide is published as a tool to improve the security of Department of Defense (DoD) information systems. The requirements are derived from the National Institute of Standards and Technology (NIST) 800-53 and related documents. Comments or proposed revisions to this document should be sent via email to the following address: disa.stig_spt@mail.mil.</description><notice id="terms-of-use" xml:lang="en"></notice><front-matter xml:lang="en"></front-matter><rear-matter xml:lang="en"></rear-matter><reference href="https://cyber.mil"><dc:publisher>DISA</dc:publisher><dc:source>STIG.DOD.MIL</dc:source></reference><plain-text id="release-info">Release: 1 Benchmark Date: 22 Jan 2021</plain-text><plain-text id="generator">3.2.1.41666</plain-text><plain-text id="conventionsVersion">1.10.0</plain-text><version>2</version><Profile id="MAC-1_Classified"><title>I - Mission Critical Classified</title><description>&lt;ProfileDescription&gt;&lt;/ProfileDescription&gt;</description><select idref="V-224371" selected="true" /><select idref="V-224372" selected="true" /><select idref="V-224374" selected="true" /><select idref="V-224375" selected="true" /><select idref="V-224376" selected="true" /><select idref="V-224377" selected="true" /><select idref="V-224378" selected="true" /><select idref="V-224379" selected="true" /><select idref="V-224380" selected="true" /><select idref="V-224381" selected="true" /><select idref="V-224382" selected="true" /><select idref="V-224383" selected="true" /><select idref="V-224384" selected="true" /><select idref="V-224385" selected="true" /><select idref="V-224386" selected="true" /><select idref="V-224387" selected="true" /></Profile><Profile id="MAC-1_Public"><title>I - Mission Critical Public</title><description>&lt;ProfileDescription&gt;&lt;/ProfileDescription&gt;</description><select idref="V-224371" selected="true" /><select idref="V-224372" selected="true" /><select idref="V-224374" selected="true" /><select idref="V-224375" selected="true" /><select idref="V-224376" selected="true" /><select idref="V-224377" selected="true" /><select idref="V-224378" selected="true" /><select idref="V-224379" selected="true" /><select idref="V-224380" selected="true" /><select idref="V-224381" selected="true" /><select idref="V-224382" selected="true" /><select idref="V-224383" selected="true" /><select idref="V-224384" selected="true" /><select idref="V-224385" selected="true" /><select idref="V-224386" selected="true" /><select idref="V-224387" selected="true" /></Profile><Profile id="MAC-1_Sensitive"><title>I - Mission Critical Sensitive</title><description>&lt;ProfileDescription&gt;&lt;/ProfileDescription&gt;</description><select idref="V-224371" selected="true" /><select idref="V-224372" selected="true" /><select idref="V-224374" selected="true" /><select idref="V-224375" selected="true" /><select idref="V-224376" selected="true" /><select idref="V-224377" selected="true" /><select idref="V-224378" selected="true" /><select idref="V-224379" selected="true" /><select idref="V-224380" selected="true" /><select idref="V-224381" selected="true" /><select idref="V-224382" selected="true" /><select idref="V-224383" selected="true" /><select idref="V-224384" selected="true" /><select idref="V-224385" selected="true" /><select idref="V-224386" selected="true" /><select idref="V-224387" selected="true" /></Profile><Profile id="MAC-2_Classified"><title>II - Mission Support Classified</title><description>&lt;ProfileDescription&gt;&lt;/ProfileDescription&gt;</description><select idref="V-224371" selected="true" /><select idref="V-224372" selected="true" /><select idref="V-224374" selected="true" /><select idref="V-224375" selected="true" /><select idref="V-224376" selected="true" /><select idref="V-224377" selected="true" /><select idref="V-224378" selected="true" /><select idref="V-224379" selected="true" /><select idref="V-224380" selected="true" /><select idref="V-224381" selected="true" /><select idref="V-224382" selected="true" /><select idref="V-224383" selected="true" /><select idref="V-224384" selected="true" /><select idref="V-224385" selected="true" /><select idref="V-224386" selected="true" /><select idref="V-224387" selected="true" /></Profile><Profile id="MAC-2_Public"><title>II - Mission Support Public</title><description>&lt;ProfileDescription&gt;&lt;/ProfileDescription&gt;</description><select idref="V-224371" selected="true" /><select idref="V-224372" selected="true" /><select idref="V-224374" selected="true" /><select idref="V-224375" selected="true" /><select idref="V-224376" selected="true" /><select idref="V-224377" selected="true" /><select idref="V-224378" selected="true" /><select idref="V-224379" selected="true" /><select idref="V-224380" selected="true" /><select idref="V-224381" selected="true" /><select idref="V-224382" selected="true" /><select idref="V-224383" selected="true" /><select idref="V-224384" selected="true" /><select idref="V-224385" selected="true" /><select idref="V-224386" selected="true" /><select idref="V-224387" selected="true" /></Profile><Profile id="MAC-2_Sensitive"><title>II - Mission Support Sensitive</title><description>&lt;ProfileDescription&gt;&lt;/ProfileDescription&gt;</description><select idref="V-224371" selected="true" /><select idref="V-224372" selected="true" /><select idref="V-224374" selected="true" /><select idref="V-224375" selected="true" /><select idref="V-224376" selected="true" /><select idref="V-224377" selected="true" /><select idref="V-224378" selected="true" /><select idref="V-224379" selected="true" /><select idref="V-224380" selected="true" /><select idref="V-224381" selected="true" /><select idref="V-224382" selected="true" /><select idref="V-224383" selected="true" /><select idref="V-224384" selected="true" /><select idref="V-224385" selected="true" /><select idref="V-224386" selected="true" /><select idref="V-224387" selected="true" /></Profile><Profile id="MAC-3_Classified"><title>III - Administrative Classified</title><description>&lt;ProfileDescription&gt;&lt;/ProfileDescription&gt;</description><select idref="V-224371" selected="true" /><select idref="V-224372" selected="true" /><select idref="V-224374" selected="true" /><select idref="V-224375" selected="true" /><select idref="V-224376" selected="true" /><select idref="V-224377" selected="true" /><select idref="V-224378" selected="true" /><select idref="V-224379" selected="true" /><select idref="V-224380" selected="true" /><select idref="V-224381" selected="true" /><select idref="V-224382" selected="true" /><select idref="V-224383" selected="true" /><select idref="V-224384" selected="true" /><select idref="V-224385" selected="true" /><select idref="V-224386" selected="true" /><select idref="V-224387" selected="true" /></Profile><Profile id="MAC-3_Public"><title>III - Administrative Public</title><description>&lt;ProfileDescription&gt;&lt;/ProfileDescription&gt;</description><select idref="V-224371" selected="true" /><select idref="V-224372" selected="true" /><select idref="V-224374" selected="true" /><select idref="V-224375" selected="true" /><select idref="V-224376" selected="true" /><select idref="V-224377" selected="true" /><select idref="V-224378" selected="true" /><select idref="V-224379" selected="true" /><select idref="V-224380" selected="true" /><select idref="V-224381" selected="true" /><select idref="V-224382" selected="true" /><select idref="V-224383" selected="true" /><select idref="V-224384" selected="true" /><select idref="V-224385" selected="true" /><select idref="V-224386" selected="true" /><select idref="V-224387" selected="true" /></Profile><Profile id="MAC-3_Sensitive"><title>III - Administrative Sensitive</title><description>&lt;ProfileDescription&gt;&lt;/ProfileDescription&gt;</description><select idref="V-224371" selected="true" /><select idref="V-224372" selected="true" /><select idref="V-224374" selected="true" /><select idref="V-224375" selected="true" /><select idref="V-224376" selected="true" /><select idref="V-224377" selected="true" /><select idref="V-224378" selected="true" /><select idref="V-224379" selected="true" /><select idref="V-224380" selected="true" /><select idref="V-224381" selected="true" /><select idref="V-224382" selected="true" /><select idref="V-224383" selected="true" /><select idref="V-224384" selected="true" /><select idref="V-224385" selected="true" /><select idref="V-224386" selected="true" /><select idref="V-224387" selected="true" /></Profile><Group id="V-224371"><title>PP-MDM-412000</title><description>&lt;GroupDescription&gt;&lt;/GroupDescription&gt;</description><Rule id="SV-224371r604136_rule" weight="10.0" severity="low"><version>BUEM-00-000010</version><title>The BlackBerry UEM server must [selection: invoke platform-provided functionality, implement functionality] to generate an audit record of the following auditable events: c. [selection: Commands issued to the MDM Agent].</title><description>&lt;VulnDiscussion&gt;Audit logs enable monitoring of security-relevant events and subsequent forensics when breaches occur. For audit logs to be useful, administrators must have the ability to view them.

SFR ID: FAU_GEN.1.1(1)&lt;/VulnDiscussion&gt;&lt;FalsePositives&gt;&lt;/FalsePositives&gt;&lt;FalseNegatives&gt;&lt;/FalseNegatives&gt;&lt;Documentable&gt;false&lt;/Documentable&gt;&lt;Mitigations&gt;&lt;/Mitigations&gt;&lt;SeverityOverrideGuidance&gt;&lt;/SeverityOverrideGuidance&gt;&lt;PotentialImpacts&gt;&lt;/PotentialImpacts&gt;&lt;ThirdPartyTools&gt;&lt;/ThirdPartyTools&gt;&lt;MitigationControl&gt;&lt;/MitigationControl&gt;&lt;Responsibility&gt;&lt;/Responsibility&gt;&lt;IAControls&gt;&lt;/IAControls&gt;</description><reference><dc:title>DPMS Target BlackBerry UEM</dc:title><dc:publisher>DISA</dc:publisher><dc:type>DPMS Target</dc:type><dc:subject>BlackBerry UEM</dc:subject><dc:identifier>4134</dc:identifier></reference><ident system="http://cyber.mil/legacy">V-102897</ident><ident system="http://cyber.mil/legacy">SV-111859</ident><ident system="http://cyber.mil/cci">CCI-000366</ident><fixtext fixref="F-26036r588326_fix">On the BlackBerry UEM, do the following:
1. On the menu bar, click Settings &gt;&gt; Infrastructure &gt;&gt; Audit settings.
2. In the right pane, click the edit icon.
3. To add security events to audit, click + . Select the events and click Add.
4. Select each "Command" event (Command delivered, Command sent).
5. In the Setting column, select "all" for the "Command delivered" event. 
6. Click Save.
Note: For audit record fields for server audits, include: Commands sent to the device.</fixtext><fix id="F-26036r588326_fix" /><check system="C-26048r588324_chk"><check-content-ref href="BlackBerry_UEM_STIG.xml" name="M" /><check-content>Review the audit record which can be found in the UEM console in Settings &gt;&gt; Infrastructure &gt;&gt; Audit settings &gt;&gt; Security event audit settings section.

Verify both "Command" events are listed and "setting" is set to "All" for the "Command delivered" event.
If both "Command" events are not listed and "setting" is not set to "All" for the "Command delivered" event, this is a finding.</check-content></check></Rule></Group><Group id="V-224372"><title>PP-MDM-411009</title><description>&lt;GroupDescription&gt;&lt;/GroupDescription&gt;</description><Rule id="SV-224372r604136_rule" weight="10.0" severity="medium"><version>BUEM-00-000110</version><title>The BlackBerry UEM server must be configured to communicate the following commands to the MDM Agent: read audit logs kept by the MD.</title><description>&lt;VulnDiscussion&gt;Audit logs enable monitoring of security-relevant events and subsequent forensics when breaches occur. For audit logs to be useful, administrators must have the ability to view them.

SFR ID: FMT_SMF.1.1(1) #19&lt;/VulnDiscussion&gt;&lt;FalsePositives&gt;&lt;/FalsePositives&gt;&lt;FalseNegatives&gt;&lt;/FalseNegatives&gt;&lt;Documentable&gt;false&lt;/Documentable&gt;&lt;Mitigations&gt;&lt;/Mitigations&gt;&lt;SeverityOverrideGuidance&gt;&lt;/SeverityOverrideGuidance&gt;&lt;PotentialImpacts&gt;&lt;/PotentialImpacts&gt;&lt;ThirdPartyTools&gt;&lt;/ThirdPartyTools&gt;&lt;MitigationControl&gt;&lt;/MitigationControl&gt;&lt;Responsibility&gt;&lt;/Responsibility&gt;&lt;IAControls&gt;&lt;/IAControls&gt;</description><reference><dc:title>DPMS Target BlackBerry UEM</dc:title><dc:publisher>DISA</dc:publisher><dc:type>DPMS Target</dc:type><dc:subject>BlackBerry UEM</dc:subject><dc:identifier>4134</dc:identifier></reference><ident system="http://cyber.mil/legacy">SV-111861</ident><ident system="http://cyber.mil/legacy">V-102899</ident><ident system="http://cyber.mil/cci">CCI-000366</ident><fixtext fixref="F-26037r539017_fix">This requirement is only applicable on Android devices and is configured via each Android device STIG (enabling device Auditing).

Enable device auditing for each Android device being managed by UEM using procedures in the Android STIG.</fixtext><fix id="F-26037r539017_fix" /><check system="C-26049r539016_chk"><check-content-ref href="BlackBerry_UEM_STIG.xml" name="M" /><check-content>Verify each Android device being managed by UEM has been configured to enable device auditing.

Verify the policy pushed by UEM to each Android device include "Enable auditing".

If auditing has not been enabled for each Android device being managed by UEM, this is a finding.</check-content></check></Rule></Group><Group id="V-224374"><title>PP-MDM-411047</title><description>&lt;GroupDescription&gt;&lt;/GroupDescription&gt;</description><Rule id="SV-224374r604136_rule" weight="10.0" severity="medium"><version>BUEM-00-000460</version><title>The BlackBerry UEM server or platform must be configured to initiate a session lock after a 15-minute period of inactivity.</title><description>&lt;VulnDiscussion&gt;A session time-out lock is a temporary action taken when a user (MDM system administrator) stops work and moves away from the immediate physical vicinity of the information system but does not log out because of the temporary nature of the absence. Rather than relying on the user to manually lock their application session prior to leaving the vicinity, applications must be able to identify when a user's application session has idled and take action to initiate the session lock.

The session lock is implemented at the point where session activity can be determined and/or controlled. This is typically at the operating system level and results in a system lock but may be at the application level where the application interface window is secured instead.

SFR ID: FMT_SMF.1.1(2) c.8&lt;/VulnDiscussion&gt;&lt;FalsePositives&gt;&lt;/FalsePositives&gt;&lt;FalseNegatives&gt;&lt;/FalseNegatives&gt;&lt;Documentable&gt;false&lt;/Documentable&gt;&lt;Mitigations&gt;&lt;/Mitigations&gt;&lt;SeverityOverrideGuidance&gt;&lt;/SeverityOverrideGuidance&gt;&lt;PotentialImpacts&gt;&lt;/PotentialImpacts&gt;&lt;ThirdPartyTools&gt;&lt;/ThirdPartyTools&gt;&lt;MitigationControl&gt;&lt;/MitigationControl&gt;&lt;Responsibility&gt;&lt;/Responsibility&gt;&lt;IAControls&gt;&lt;/IAControls&gt;</description><reference><dc:title>DPMS Target BlackBerry UEM</dc:title><dc:publisher>DISA</dc:publisher><dc:type>DPMS Target</dc:type><dc:subject>BlackBerry UEM</dc:subject><dc:identifier>4134</dc:identifier></reference><ident system="http://cyber.mil/legacy">SV-111865</ident><ident system="http://cyber.mil/legacy">V-102903</ident><ident system="http://cyber.mil/cci">CCI-000057</ident><fixtext fixref="F-26039r539023_fix">On the BlackBerry UEM, do the following to set the session timeout:
1. Log in to the BlackBerry UEM console.
2. Go to the menu bar on the left.
3. Go to Settings &gt;&gt; General Settings &gt;&gt; Console.
4. Under "Session settings", enter "15".
5. Select "Save".</fixtext><fix id="F-26039r539023_fix" /><check system="C-26051r539022_chk"><check-content-ref href="BlackBerry_UEM_STIG.xml" name="M" /><check-content>Review the BlackBerry UEM server configuration to determine whether the system is locked after 15 minutes. 

Have the system administrator log into the console. Verify the session locks after 15 minutes of inactivity.

If the "Session timeout" is not set correctly, this is a finding.</check-content></check></Rule></Group><Group id="V-224375"><title>PP-MDM-411054</title><description>&lt;GroupDescription&gt;&lt;/GroupDescription&gt;</description><Rule id="SV-224375r604136_rule" weight="10.0" severity="medium"><version>BUEM-00-000500</version><title>The BlackBerry UEM server must be configured to transfer BlackBerry UEM server logs to another server for storage, analysis, and reporting. 

Note: BlackBerry UEM server logs include logs of MDM events and logs transferred to the BlackBerry UEM server by MDM agents of managed devices.</title><description>&lt;VulnDiscussion&gt;Audit logs enable monitoring of security-relevant events and subsequent forensics when breaches occur. Since the BlackBerry UEM server has limited capability to store mobile device log files and perform analysis and reporting of mobile device log files, the BlackBerry UEM server must have the capability to transfer log files to an audit log management server.

SFR ID: FMT_SMF.1.1(2) c.8, FAU_STG_EXT.1.1(1)&lt;/VulnDiscussion&gt;&lt;FalsePositives&gt;&lt;/FalsePositives&gt;&lt;FalseNegatives&gt;&lt;/FalseNegatives&gt;&lt;Documentable&gt;false&lt;/Documentable&gt;&lt;Mitigations&gt;&lt;/Mitigations&gt;&lt;SeverityOverrideGuidance&gt;&lt;/SeverityOverrideGuidance&gt;&lt;PotentialImpacts&gt;&lt;/PotentialImpacts&gt;&lt;ThirdPartyTools&gt;&lt;/ThirdPartyTools&gt;&lt;MitigationControl&gt;&lt;/MitigationControl&gt;&lt;Responsibility&gt;&lt;/Responsibility&gt;&lt;IAControls&gt;&lt;/IAControls&gt;</description><reference><dc:title>DPMS Target BlackBerry UEM</dc:title><dc:publisher>DISA</dc:publisher><dc:type>DPMS Target</dc:type><dc:subject>BlackBerry UEM</dc:subject><dc:identifier>4134</dc:identifier></reference><ident system="http://cyber.mil/legacy">SV-111867</ident><ident system="http://cyber.mil/legacy">V-102905</ident><ident system="http://cyber.mil/cci">CCI-001851</ident><fixtext fixref="F-26040r539026_fix">The Admin must access the UEM server.
Configuring trust: 
1. Get the CA that signs the Syslog server cert.
2. Upload the CA into the UEM server.
 - From the CMD prompt on the UEM server follow the instructions found on page 70-71 of the Admin Guide, "Setup export of server audit records to a syslog server".
3. Configure UEM to send audit data to the Syslog server.
 - Copy the script in Appendix A of the Admin Guide.
 - In the script, change the hostname and port number to match your environment.
 - Set the host name and port number, for example:
 SET @v_hostname = 'localhost';
 SET @v_port = '31000';
4. Execute the SQL script against the BlackBerry UEM database. 
5. Restart the BlackBerry UEM Core service.</fixtext><fix id="F-26040r539026_fix" /><check system="C-26052r539025_chk"><check-content-ref href="BlackBerry_UEM_STIG.xml" name="M" /><check-content>Review the Syslog audit records from the syslog audit management server and verify UEM logs are included.

If UEM logs are not found on the Syslog server, this is a finding.</check-content></check></Rule></Group><Group id="V-224376"><title>PP-MDM-411056</title><description>&lt;GroupDescription&gt;&lt;/GroupDescription&gt;</description><Rule id="SV-224376r604136_rule" weight="10.0" severity="medium"><version>BUEM-00-000520</version><title>The BlackBerry UEM server must be configured to display the required DoD warning banner upon administrator logon. 

Note: This requirement is not applicable if the TOE platform is selected in FTA_TAB.1.1 in the Security Target (ST).</title><description>&lt;VulnDiscussion&gt;Note: The advisory notice and consent warning message is not required if the general purpose OS or network device displays an advisory notice and consent warning message when the administrator logs on to the general purpose OS or network device prior to accessing the BlackBerry UEM server or BlackBerry UEM server platform.

Before granting access to the system, the BlackBerry UEM server/server platform is required to display the DoD-approved system use notification message or banner that provides privacy and security notices consistent with applicable federal laws, Executive Orders, directives, policies, regulations, standards, and guidance. This ensures the legal requirements for auditing and monitoring are met.

The approved DoD text must be used as specified in the KS referenced in DoDI 8500.01.

The non-bracketed text below must be used without any changes as the warning banner. 

[A. Use this banner for desktops, laptops, and other devices accommodating banners of 1300 characters. The banner shall be implemented as a click-through banner at logon (to the extent permitted by the operating system), meaning it prevents further activity on the information system unless and until the user executes a positive action to manifest agreement by clicking on a box indicating “OK.”]

You are accessing a U.S. Government (USG) Information System (IS) that is provided for USG-authorized use only. 
By using this IS (which includes any device attached to this IS), you consent to the following conditions: 
-The USG routinely intercepts and monitors communications on this IS for purposes including, but not limited to, penetration testing, COMSEC monitoring, network operations and defense, personnel misconduct (PM), law enforcement (LE), and counterintelligence (CI) investigations. 
-At any time, the USG may inspect and seize data stored on this IS. 
-Communications using, or data stored on, this IS are not private, are subject to routine monitoring, interception, and search, and may be disclosed or used for any USG-authorized purpose. 
-This IS includes security measures (e.g., authentication and access controls) to protect USG interests--not for your personal benefit or privacy. 
-Notwithstanding the above, using this IS does not constitute consent to PM, LE or CI investigative searching or monitoring of the content of privileged communications, or work product, related to personal representation or services by attorneys, psychotherapists, or clergy, and their assistants. Such communications and work product are private and confidential. See User Agreement for details.

SFR ID: FMT_SMF.1.1(2) c.2&lt;/VulnDiscussion&gt;&lt;FalsePositives&gt;&lt;/FalsePositives&gt;&lt;FalseNegatives&gt;&lt;/FalseNegatives&gt;&lt;Documentable&gt;false&lt;/Documentable&gt;&lt;Mitigations&gt;&lt;/Mitigations&gt;&lt;SeverityOverrideGuidance&gt;&lt;/SeverityOverrideGuidance&gt;&lt;PotentialImpacts&gt;&lt;/PotentialImpacts&gt;&lt;ThirdPartyTools&gt;&lt;/ThirdPartyTools&gt;&lt;MitigationControl&gt;&lt;/MitigationControl&gt;&lt;Responsibility&gt;&lt;/Responsibility&gt;&lt;IAControls&gt;&lt;/IAControls&gt;</description><reference><dc:title>DPMS Target BlackBerry UEM</dc:title><dc:publisher>DISA</dc:publisher><dc:type>DPMS Target</dc:type><dc:subject>BlackBerry UEM</dc:subject><dc:identifier>4134</dc:identifier></reference><ident system="http://cyber.mil/legacy">SV-111869</ident><ident system="http://cyber.mil/legacy">V-102907</ident><ident system="http://cyber.mil/cci">CCI-000048</ident><fixtext fixref="F-26041r539029_fix">On the BlackBerry UEM, do the following:
1. Log in to the BlackBerry UEM console.
2. Select the "Settings" tab on the left pane.
3. Expand the "General" settings tab on the left pane.
4. Select "Login notices" from the menu in the left pane.
5. Click the "pencil" icon (upper right corner) to edit the "Login notice".
6. Select the checkbox next to "Enable a login notice for the management console".
7. In the "Enable a login notice for the management console" field, type the DoD banner found in the VulDiscussion.
8. Click "Save". 

If the self-service portal is used in the organization select the checkbox next to "Enable a login notice for the self-service console" before selecting "Save in step 8.</fixtext><fix id="F-26041r539029_fix" /><check system="C-26053r539028_chk"><check-content-ref href="BlackBerry_UEM_STIG.xml" name="M" /><check-content>Review the BlackBerry UEM server documentation and configuration settings to determine if the warning banner is using the appropriate designated wording. 
On the BlackBerry UEM, do the following:
1. Log in to the BlackBerry UEM console.
2. Select the "Settings" tab on the left pane.
3. Expand the "General" settings tab on the left pane.
4. Select "Login notices" from the menu in the left pane.
5. Verify the checkbox next to "Enable a login notice for the management console" is checked.
6. Verify the console logon notice text exactly matches the VulDiscussion text. 
7. Verify the checkbox next to "Enable a login notice for the self-service console" is checked if the self-service portal is used at the site.
8. Verify the self-service console logon notice text exactly matches the VulDiscussion text. 

Alternately, have the administrator log in to the UEM console to view the warning banner.

If the console notice wording does not exactly match the VulDiscussion text, this is a finding.</check-content></check></Rule></Group><Group id="V-224377"><title>PP-MDM-411058</title><description>&lt;GroupDescription&gt;&lt;/GroupDescription&gt;</description><Rule id="SV-224377r604136_rule" weight="10.0" severity="medium"><version>BUEM-00-000560</version><title>The BlackBerry UEM server must be configured to have at least one user in the following Administrator roles: Server primary administrator, security configuration administrator, device user group administrator, or auditor.</title><description>&lt;VulnDiscussion&gt;Having several administrative roles for the BlackBerry UEM server supports separation of duties. This allows administrator-level privileges to be granted granularly, such as giving application management privileges to one group and security policy privileges to another group. This helps prevent administrators from intentionally or inadvertently altering other settings and configurations they may not understand or approve of, which can weaken overall security and increase the risk of compromise.

- Server primary administrator: Responsible for server installation, initial configuration, and maintenance functions. Responsible for the setup and maintenance of security configuration administrator and auditor accounts. Responsible for the maintenance of applications in the MAS.
- Security configuration administrator: Responsible for security configuration of the server, defining device user groups, setup and maintenance of device user group administrator accounts, and defining privileges of device user group administrators.
- Device user group administrator: Responsible for maintenance of mobile device accounts, including setup, change of account configurations, and account deletion. Responsible for defining which apps user groups or individual users have access to in the MAS. Can only perform administrative functions assigned by the security configuration administrator.
- Auditor: Responsible for reviewing and maintaining server and mobile device audit logs.

SFR ID: FMT_SMR.1.1(1)&lt;/VulnDiscussion&gt;&lt;FalsePositives&gt;&lt;/FalsePositives&gt;&lt;FalseNegatives&gt;&lt;/FalseNegatives&gt;&lt;Documentable&gt;false&lt;/Documentable&gt;&lt;Mitigations&gt;&lt;/Mitigations&gt;&lt;SeverityOverrideGuidance&gt;&lt;/SeverityOverrideGuidance&gt;&lt;PotentialImpacts&gt;&lt;/PotentialImpacts&gt;&lt;ThirdPartyTools&gt;&lt;/ThirdPartyTools&gt;&lt;MitigationControl&gt;&lt;/MitigationControl&gt;&lt;Responsibility&gt;&lt;/Responsibility&gt;&lt;IAControls&gt;&lt;/IAControls&gt;</description><reference><dc:title>DPMS Target BlackBerry UEM</dc:title><dc:publisher>DISA</dc:publisher><dc:type>DPMS Target</dc:type><dc:subject>BlackBerry UEM</dc:subject><dc:identifier>4134</dc:identifier></reference><ident system="http://cyber.mil/legacy">SV-111871</ident><ident system="http://cyber.mil/legacy">V-102909</ident><ident system="http://cyber.mil/cci">CCI-002226</ident><ident system="http://cyber.mil/cci">CCI-002227</ident><ident system="http://cyber.mil/cci">CCI-000366</ident><fixtext fixref="F-26042r539032_fix">On the BlackBerry UEM, do the following:

Using the procedures below:
- Assign at least one user to the UEM Security Administrator role. Few administrators should be assigned to this role. 
Note: UEM automatically restricts the following functions to only the Security Administrator: Full permissions to manage the BlackBerry Enterprise Solution. Create and edit roles.
- Define an "Auditor" role (see the VulDiscussion for role functions). Assign at least one user (UEM administrator) to the role. The role should include only the following UEM permissions:
 ** View audit information;
 ** Delete BlackBerry Dynamics audit log files;
 ** View and export BlackBerry Dynamics audit log files;
 ** View audit settings;
 ** Edit audit settings and purge data;
 ** Edit logging settings.
- Define site custom administrator roles or UEM predefined enterprise/help desk roles as needed to administer device policies and user accounts (for example, see the Security Configuration Administrator and Device User Group Administrator in the VulDiscussion). Assign users to the roles as required. These roles should be used for day-to-day management of user accounts, group accounts, and profiles.

To set up specific roles, do the following:
1. Go to Settings &gt;&gt; Administrators &gt;&gt; Roles.
2. Select "roles" in the left pane.
3. Select "add a role" on the top right.
4. Assign appropriate name and functions to the role. 
5. Click "Save".

To assign users or groups to a role, do the following:
1. Log in to the BlackBerry UEM console and select the "Settings" tab at the top of the screen.
2. Expand the "General" settings tab on the left pane.
3. Expand the "Administrators" tab on the left pane.

To assign a role to a user:
1. Click "Users".
2. Click the "Add an administrator icon" (upper right corner).
3. If necessary, search for a user account.
4. Click the name of the user account.
5. In the Role drop-down list, click the role to be added.
6. Click "Save".

To assign a role to a group:
1. Click "Groups".
2. Click the Add an administrator icon (upper right corner).
3. If necessary, search for a user group.
4. Click the name of the user group.
5. In the Role drop-down list, click the role to be added.
6. Click "Save".

Note: The intent of the requirement is that separate people perform each administrator role. The exact name of the role is not important.</fixtext><fix id="F-26042r539032_fix" /><check system="C-26054r539031_chk"><check-content-ref href="BlackBerry_UEM_STIG.xml" name="M" /><check-content>Review the BlackBerry UEM server configuration settings.

Verify the server is configured with the "Administrator" roles: 
a. UEM Security Administrator;
b. Auditor;
c. One or more Site Custom Administrator or UEM predefined enterprise/help desk roles.

Note: The exact name of the role is not important. Each role should include functions close to the role descriptions listed in the VulDiscussion.

Note: The intent of the requirement is that separate people perform each administrator role; few users are assigned to the "UEM Security Administrator" role; the "auditor" role is limited to only authorized permissions; and day-to-day management of user accounts, group accounts, and profiles are performed from site-specific custom administrator roles or UEM predefined enterprise/help desk roles instead of the "UEM Security Administrator".

On the BlackBerry UEM, do the following:
1. Log in to the BlackBerry UEM console.
2. Select the "Settings" tab at the top of the screen.
3. Expand the "General" settings tab on the left pane.
4. Expand the "Administrators" tab on the left pane.
5. Select the "Roles" tab on the left pane.
6. Verify at least one user is assigned to each of the following roles:
a. UEM Security Administrator;
b. Auditor;
c. One or more Site Custom Administrator or UEM predefined enterprise/help desk roles.

Verify the auditor role function is limited to only reviewing and maintaining server and mobile device audit logs as follows:
1. Log in to the BlackBerry UEM console. Select the "Settings" tab at the top of the screen.
2. Expand the "Administrators" tab on the left pane.
3. Select the "Roles" tab on the left pane.
4. Click the "Auditor" role.
5. Verify the role only has the following permissions assigned:
- View audit information;
- View audit settings;
- Edit audit settings and purge data; and
- Edit logging settings.

Talk to the "UEM Security Administrator".

Verify custom administrator roles/UEM predefined enterprise/help desk roles are used for day-to-day management of user accounts, group accounts, and profiles.

If at least one user is not associated with the "UEM Security Administrator", "Auditor", and one or more site custom administrator roles/UEM predefined enterprise/help desk roles, this is a finding.

If the "auditor" role has more permissions than authorized, this is a finding.

If day-to-day management of user accounts, group accounts, and profiles is primarily performed by "UEM Security Administrators" instead of one or more site custom administrator roles/UEM predefined enterprise/help desk roles, this is a finding.</check-content></check></Rule></Group><Group id="V-224378"><title>PP-MDM-411065</title><description>&lt;GroupDescription&gt;&lt;/GroupDescription&gt;</description><Rule id="SV-224378r604136_rule" weight="10.0" severity="medium"><version>BUEM-00-000630</version><title>The BlackBerry UEM server must be configured to audit DoD or site-defined auditable events. Note: See VulDiscussion for a list of DoD required auditable events.</title><description>&lt;VulnDiscussion&gt;Without the capability to generate audit records, it would be difficult to establish, correlate, and investigate the events relating to an incident, or identify those responsible for one. 

Audit records can be generated from various components within the application (e.g., process, module). Certain specific application functionalities may be audited as well. The list of audited events is the set of events for which audits are to be generated. This set of events is typically a subset of the list of all events for which the system is capable of generating audit records.

DoD has defined the list of events for which the application will provide an audit record generation capability as the following: 

(i) Successful and unsuccessful attempts to access, modify, or delete privileges, security objects, security levels, or categories of information (e.g., classification levels);

(ii) Access actions, such as successful and unsuccessful logon attempts, privileged activities or other system level access, starting and ending time for user access to the system, concurrent logons from different workstations, successful and unsuccessful accesses to objects, all program initiations, and all direct access to the information system; and

(iii) All account creation, modification, disabling, and termination actions.

DoD Required auditable events (from the MDM Protection Profile):
- Change in enrollment status
- Failure to apply policies to a mobile device
- Start up and shut down of the MDM System
- All administrative actions
- Commands issued to the MDM Agent, none]
- Specifically defined auditable events listed in Table 2 of the MDM Protection Profile

SFR ID: FAU_GEN.1.1(1), FMT_SMF.1.1(2)c.8&lt;/VulnDiscussion&gt;&lt;FalsePositives&gt;&lt;/FalsePositives&gt;&lt;FalseNegatives&gt;&lt;/FalseNegatives&gt;&lt;Documentable&gt;false&lt;/Documentable&gt;&lt;Mitigations&gt;&lt;/Mitigations&gt;&lt;SeverityOverrideGuidance&gt;&lt;/SeverityOverrideGuidance&gt;&lt;PotentialImpacts&gt;&lt;/PotentialImpacts&gt;&lt;ThirdPartyTools&gt;&lt;/ThirdPartyTools&gt;&lt;MitigationControl&gt;&lt;/MitigationControl&gt;&lt;Responsibility&gt;&lt;/Responsibility&gt;&lt;IAControls&gt;&lt;/IAControls&gt;</description><reference><dc:title>DPMS Target BlackBerry UEM</dc:title><dc:publisher>DISA</dc:publisher><dc:type>DPMS Target</dc:type><dc:subject>BlackBerry UEM</dc:subject><dc:identifier>4134</dc:identifier></reference><ident system="http://cyber.mil/legacy">V-102911</ident><ident system="http://cyber.mil/legacy">SV-111873</ident><ident system="http://cyber.mil/cci">CCI-000168</ident><fixtext fixref="F-26043r588322_fix">On the BlackBerry UEM console, do the following:
1. On the menu bar, click Settings &gt;&gt; Infrastructure &gt;&gt; Audit settings.
2. In the right pane, click the edit icon.
3. To add security events to audit, click + . Select the events and click Add.
4. Select each event in each event category from the list below.
5. In the Setting column, insure "all" has been selected for each event that has this selection available. 
6. Click Save.

Required events:  all "Enrollment" events, all "Policy" events, all "Server" events, all "System" related events, and all "Application" events</fixtext><fix id="F-26043r588322_fix" /><check system="C-26055r588321_chk"><check-content-ref href="BlackBerry_UEM_STIG.xml" name="M" /><check-content>Review the list of audit events:
1.  In the UEM console go to Settings &gt;&gt; Infrastructure &gt;&gt; Audit settings
2.  Verify all required events are listed and "setting" is set to "All" for all events where this selection is available.  

Note: Events are organized by category. All events for each required event category should be selected (see the list below).

If all required events are not listed and "setting" is not set to "All" for all events where this selection is available, this is a finding.

Required events:  all "Enrollment" events, all "Policy" events, all "Server" events, all "System" related events, and all "Application" events</check-content></check></Rule></Group><Group id="V-224379"><title>PP-MDM-414002</title><description>&lt;GroupDescription&gt;&lt;/GroupDescription&gt;</description><Rule id="SV-224379r604136_rule" weight="10.0" severity="medium"><version>BUEM-00-000700</version><title>The BlackBerry UEM server must be configured to leverage the MDM platform user accounts and groups for BlackBerry UEM server user identification and CAC authentication.</title><description>&lt;VulnDiscussion&gt;A comprehensive account management process that includes automation helps to ensure the accounts designated as requiring attention are consistently and promptly addressed. If an attacker compromises an account, the entire BlackBerry UEM server infrastructure is at risk. Providing automated support functions for the management of accounts will ensure only active accounts will be granted access with the proper authorization levels. These objectives are best achieved by configuring the BlackBerry UEM server to leverage an enterprise authentication mechanism (e.g., Microsoft Active Directory Kerberos).

SFR ID: FIA&lt;/VulnDiscussion&gt;&lt;FalsePositives&gt;&lt;/FalsePositives&gt;&lt;FalseNegatives&gt;&lt;/FalseNegatives&gt;&lt;Documentable&gt;false&lt;/Documentable&gt;&lt;Mitigations&gt;&lt;/Mitigations&gt;&lt;SeverityOverrideGuidance&gt;&lt;/SeverityOverrideGuidance&gt;&lt;PotentialImpacts&gt;&lt;/PotentialImpacts&gt;&lt;ThirdPartyTools&gt;&lt;/ThirdPartyTools&gt;&lt;MitigationControl&gt;&lt;/MitigationControl&gt;&lt;Responsibility&gt;&lt;/Responsibility&gt;&lt;IAControls&gt;&lt;/IAControls&gt;</description><reference><dc:title>DPMS Target BlackBerry UEM</dc:title><dc:publisher>DISA</dc:publisher><dc:type>DPMS Target</dc:type><dc:subject>BlackBerry UEM</dc:subject><dc:identifier>4134</dc:identifier></reference><ident system="http://cyber.mil/legacy">SV-111875</ident><ident system="http://cyber.mil/legacy">V-102913</ident><ident system="http://cyber.mil/cci">CCI-000015</ident><fixtext fixref="F-26044r539038_fix">On the BlackBerry UEM, do the following:

Configure constrained delegation for the Microsoft Active Directory account to support single sign-on:

1. Log in to the BlackBerry UEM host server and use the Windows Server ADSI Edit tool to add the following SPNs for BES12 to the Microsoft Active Directory account:
- HTTP/&lt;host_FQDN_or_pool_name&gt; (for example, HTTP/domain123.example.com)
- BASPLUGIN111/&lt;host_FQDN_or_pool_name&gt; (for example, BASPLUGIN111/domain123.example.com)
 Note:
- If high availability is configured for the management consoles in a UEM domain, specify the pool name. Otherwise, specify the FQDN of the computer that hosts the management console.
- Verify that no other accounts in the Microsoft Active Directory forest have the same SPNs.
2. Open "Microsoft Active Directory Users and Computers".
3. In the Microsoft Active Directory account properties, on the "Delegation" tab, select the following options:
- Trust this user for delegation to specified services only.
- Use Kerberos only.
4. Add the SPNs from Step 1 to the list of services.

Configure single sign-on for UEM:
Note: 
- When configuring single sign-on for UEM, it is configured for the management console and UEM Self-Service.
- If enabling single sign-on for multiple Microsoft Active Directory connections, verify there are no trust relationships between the Microsoft Active Directory forests.
1. Log in to the BlackBerry UEM console.
2. Select the "Settings" tab on the left pane.
3. Click the "External integration" tab on the left pane.
4. Click "Company directory".
5. In the "Configured directory connections" section, click the name of a Microsoft Active Directory connection.
6. On the "Authentication" tab, select the checkbox next to "Enable Windows single sign-on".
7. Click "Save".
8. Click "Save" on the pop-up window.
Note: UEM validates the information for Microsoft Active Directory authentication. If the information is invalid, UEM prompts to specify the correct information.
9. Click "Close".
10. Restart the UEM services on each server that hosts a UEM instance.</fixtext><fix id="F-26044r539038_fix" /><check system="C-26056r539037_chk"><check-content-ref href="BlackBerry_UEM_STIG.xml" name="M" /><check-content>Review the BlackBerry UEM server configuration settings.

Verify the server is configured to leverage the MDM Platform user accounts and groups for BlackBerry UEM server user identification and authentication.

On the BlackBerry UEM, do the following:
1. Navigate to the BlackBerry UEM console.
2. Verify the BlackBerry UEM does not prompt for additional authentication before opening the UEM console.

If the BlackBerry UEM server prompts for additional authentication before opening the UEM console, this is a finding.</check-content></check></Rule></Group><Group id="V-224380"><title>PP-MDM-414003</title><description>&lt;GroupDescription&gt;&lt;/GroupDescription&gt;</description><Rule id="SV-224380r604136_rule" weight="10.0" severity="medium"><version>BUEM-00-000710</version><title>Authentication of MDM platform accounts must be configured so they are implemented via an enterprise directory service.</title><description>&lt;VulnDiscussion&gt;A comprehensive account management process that includes automation helps to ensure the accounts designated as requiring attention are consistently and promptly addressed. If an attacker compromises an account, the entire BlackBerry UEM server infrastructure is at risk. Providing automated support functions for the management of accounts will ensure only active accounts will be granted access with the proper authorization levels. These objectives are best achieved by configuring the BlackBerry UEM server to leverage an enterprise authentication mechanism (e.g., Microsoft Active Directory Kerberos).

SFR ID: FIA&lt;/VulnDiscussion&gt;&lt;FalsePositives&gt;&lt;/FalsePositives&gt;&lt;FalseNegatives&gt;&lt;/FalseNegatives&gt;&lt;Documentable&gt;false&lt;/Documentable&gt;&lt;Mitigations&gt;&lt;/Mitigations&gt;&lt;SeverityOverrideGuidance&gt;&lt;/SeverityOverrideGuidance&gt;&lt;PotentialImpacts&gt;&lt;/PotentialImpacts&gt;&lt;ThirdPartyTools&gt;&lt;/ThirdPartyTools&gt;&lt;MitigationControl&gt;&lt;/MitigationControl&gt;&lt;Responsibility&gt;&lt;/Responsibility&gt;&lt;IAControls&gt;&lt;/IAControls&gt;</description><reference><dc:title>DPMS Target BlackBerry UEM</dc:title><dc:publisher>DISA</dc:publisher><dc:type>DPMS Target</dc:type><dc:subject>BlackBerry UEM</dc:subject><dc:identifier>4134</dc:identifier></reference><ident system="http://cyber.mil/legacy">SV-111877</ident><ident system="http://cyber.mil/legacy">V-102915</ident><ident system="http://cyber.mil/cci">CCI-000015</ident><fixtext fixref="F-26045r539041_fix">On the BlackBerry UEM, do the following:

Configure constrained delegation for the Microsoft Active Directory account to support single sign-on:

1. Log in to the BlackBerry UEM host server and use the Windows Server ADSI Edit tool to add the following SPNs for BES12 to the Microsoft Active Directory account:
- HTTP/&lt;host_FQDN_or_pool_name&gt; (for example, HTTP/domain123.example.com)
- BASPLUGIN111/&lt;host_FQDN_or_pool_name&gt; (for example, BASPLUGIN111/domain123.example.com)
 Note:
- If high availability is configured for the management consoles in a UEM domain, specify the pool name. Otherwise, specify the FQDN of the computer that hosts the management console.
- Verify that no other accounts in the Microsoft Active Directory forest have the same SPNs.
2. Open "Microsoft Active Directory Users and Computers".
3. In the Microsoft Active Directory account properties, on the "Delegation" tab, select the following options:
- Trust this user for delegation to specified services only.
- Use Kerberos only.
4. Add the SPNs from Step 1 to the list of services.

Configure single sign-on for UEM:
Note: 
- When configuring single sign-on for UEM, it is configured for the management console and UEM Self-Service.
- If enabling single sign-on for multiple Microsoft Active Directory connections, verify there are no trust relationships between the Microsoft Active Directory forests.
1. Log in to the BlackBerry UEM console.
2. Select the "Settings" tab on the left pane.
3. Click the "External integration" tab on the left pane.
4. Click "Company directory".
5. In the "Configured directory connections" section, click the name of a Microsoft Active Directory connection.
6. On the "Authentication" tab, select the checkbox next to "Enable Windows single sign-on".
7. Click "Save".
8. Click "Save" on the pop-up window.
Note: UEM validates the information for Microsoft Active Directory authentication. If the information is invalid, UEM prompts to specify the correct information.
9. Click "Close".
10. Restart the UEM services on each server that hosts a UEM instance.</fixtext><fix id="F-26045r539041_fix" /><check system="C-26057r539040_chk"><check-content-ref href="BlackBerry_UEM_STIG.xml" name="M" /><check-content>Review the BlackBerry UEM server configuration settings.

Verify the server is configured to leverage the MDM Platform user accounts and groups for BlackBerry UEM server user identification and authentication.

On the BlackBerry UEM, do the following:
1. Navigate to the BlackBerry UEM console.
2. Verify the BlackBerry UEM does not prompt for additional authentication before opening the UEM console.

If the BlackBerry UEM server prompts for additional authentication before opening the UEM console, this is a finding.</check-content></check></Rule></Group><Group id="V-224381"><title>PP-MDM-992000</title><description>&lt;GroupDescription&gt;&lt;/GroupDescription&gt;</description><Rule id="SV-224381r604136_rule" weight="10.0" severity="high"><version>BUEM-00-000730</version><title>The BlackBerry UEM server must be maintained at a supported version.</title><description>&lt;VulnDiscussion&gt;Versions of BlackBerry UEM are maintained by BlackBerry for specific periods of time. Unsupported versions will not receive security updates for new vulnerabilities which leaves them subject to exploitation.

A list of supported UEM versions is maintained by BlackBerry here: https://www.blackberry.com/us/en/support/software-support-life-cycle.

SFR ID: FPT_TUD_EXT.1&lt;/VulnDiscussion&gt;&lt;FalsePositives&gt;&lt;/FalsePositives&gt;&lt;FalseNegatives&gt;&lt;/FalseNegatives&gt;&lt;Documentable&gt;false&lt;/Documentable&gt;&lt;Mitigations&gt;&lt;/Mitigations&gt;&lt;SeverityOverrideGuidance&gt;&lt;/SeverityOverrideGuidance&gt;&lt;PotentialImpacts&gt;&lt;/PotentialImpacts&gt;&lt;ThirdPartyTools&gt;&lt;/ThirdPartyTools&gt;&lt;MitigationControl&gt;&lt;/MitigationControl&gt;&lt;Responsibility&gt;&lt;/Responsibility&gt;&lt;IAControls&gt;&lt;/IAControls&gt;</description><reference><dc:title>DPMS Target BlackBerry UEM</dc:title><dc:publisher>DISA</dc:publisher><dc:type>DPMS Target</dc:type><dc:subject>BlackBerry UEM</dc:subject><dc:identifier>4134</dc:identifier></reference><ident system="http://cyber.mil/legacy">SV-111879</ident><ident system="http://cyber.mil/legacy">V-102917</ident><ident system="http://cyber.mil/cci">CCI-000366</ident><fixtext fixref="F-26046r539044_fix">The administrator must check https://www.blackberry.com/uk/en/support/software-support-life-cycle for the latest supported and unsupported versions of software.

Once confirmed, the administrator must update BlackBerry UEM to the latest supported version after the following reupgrade tasks: https://docs.blackberry.com/en/endpoint-management/blackberry-uem/12_12/installation-configuration/installation-and-upgrade/ksa1400184024142 &amp; https://docs.blackberry.com/en/endpoint-management/blackberry-uem/12_12/installation-configuration/installation-and-upgrade/ksa1400184232267/ksa1420584119147.</fixtext><fix id="F-26046r539044_fix" /><check system="C-26058r539043_chk"><check-content-ref href="BlackBerry_UEM_STIG.xml" name="M" /><check-content>Review the UEM console version, via the help page. Correlate the version with the latest supported version of UEM.

If the installed version of UEM is not a supported version, this is a finding.</check-content></check></Rule></Group><Group id="V-224382"><title>PP-MDM-431005</title><description>&lt;GroupDescription&gt;&lt;/GroupDescription&gt;</description><Rule id="SV-224382r604136_rule" weight="10.0" severity="medium"><version>BUEM-00-200010</version><title>The BlackBerry UEM server platform must be protected by a DoD-approved firewall.</title><description>&lt;VulnDiscussion&gt;Most information systems are capable of providing a wide variety of functions and services. Some of the functions and services provided by default may not be necessary to support essential organizational operations. Unneeded services and processes provide additional threat vectors and avenues of attack to the information system. The BlackBerry UEM server is a critical component of the mobility architecture and must be configured to enable only those ports, protocols, and services (PPS) necessary to support functionality. All others must be expressly disabled or removed. A DoD-approved firewall implements the required network restrictions. A host-based firewall is appropriate where the BlackBerry UEM server runs on a standalone platform. Network firewalls or other architectures may be preferred where the BlackBerry UEM server runs in a cloud or virtualized solution.

SFR ID: FMT_SMF.1.1(2) b / CM-7 b

Satisfies: SRG-APP-000142&lt;/VulnDiscussion&gt;&lt;FalsePositives&gt;&lt;/FalsePositives&gt;&lt;FalseNegatives&gt;&lt;/FalseNegatives&gt;&lt;Documentable&gt;false&lt;/Documentable&gt;&lt;Mitigations&gt;&lt;/Mitigations&gt;&lt;SeverityOverrideGuidance&gt;&lt;/SeverityOverrideGuidance&gt;&lt;PotentialImpacts&gt;&lt;/PotentialImpacts&gt;&lt;ThirdPartyTools&gt;&lt;/ThirdPartyTools&gt;&lt;MitigationControl&gt;&lt;/MitigationControl&gt;&lt;Responsibility&gt;&lt;/Responsibility&gt;&lt;IAControls&gt;&lt;/IAControls&gt;</description><reference><dc:title>DPMS Target BlackBerry UEM</dc:title><dc:publisher>DISA</dc:publisher><dc:type>DPMS Target</dc:type><dc:subject>BlackBerry UEM</dc:subject><dc:identifier>4134</dc:identifier></reference><ident system="http://cyber.mil/legacy">SV-111881</ident><ident system="http://cyber.mil/legacy">V-102919</ident><ident system="http://cyber.mil/cci">CCI-000382</ident><fixtext fixref="F-26047r539047_fix">Install a DoD-approved firewall.</fixtext><fix id="F-26047r539047_fix" /><check system="C-26059r539046_chk"><check-content-ref href="BlackBerry_UEM_STIG.xml" name="M" /><check-content>Review the BlackBerry UEM server platform configuration to determine whether a DoD-approved firewall is installed or if the platform operating system provides a firewall service that can restrict both inbound and outbound traffic by TCP/UDP port and IP address.

If there is not a host-based firewall present on the BlackBerry UEM server platform, this is a finding.</check-content></check></Rule></Group><Group id="V-224383"><title>PP-MDM-431005</title><description>&lt;GroupDescription&gt;&lt;/GroupDescription&gt;</description><Rule id="SV-224383r604136_rule" weight="10.0" severity="medium"><version>BUEM-00-200020</version><title>The firewall protecting the BlackBerry UEM server platform must be configured to restrict all network traffic to and from all addresses with the exception of ports, protocols, and IP address ranges required to support BlackBerry UEM server and platform functions.</title><description>&lt;VulnDiscussion&gt;Most information systems are capable of providing a wide variety of functions and services. Some of the functions and services, provided by default, may not be necessary to support essential organizational operations. Since BlackBerry UEM server is a critical component of the mobility architecture and must be configured to enable only those ports, protocols, and services (PPS) necessary to support functionality, all others must be expressly disabled or removed. A firewall installed on the BlackBerry UEM server provides a protection mechanism to ensure unwanted service requests do not reach the BlackBerry UEM server and outbound traffic is limited to only BlackBerry UEM server functionality.

SFR ID: FMT_SMF.1.1(2) b / CM-7 b

Satisfies:  SRG-APP-000142&lt;/VulnDiscussion&gt;&lt;FalsePositives&gt;&lt;/FalsePositives&gt;&lt;FalseNegatives&gt;&lt;/FalseNegatives&gt;&lt;Documentable&gt;false&lt;/Documentable&gt;&lt;Mitigations&gt;&lt;/Mitigations&gt;&lt;SeverityOverrideGuidance&gt;&lt;/SeverityOverrideGuidance&gt;&lt;PotentialImpacts&gt;&lt;/PotentialImpacts&gt;&lt;ThirdPartyTools&gt;&lt;/ThirdPartyTools&gt;&lt;MitigationControl&gt;&lt;/MitigationControl&gt;&lt;Responsibility&gt;&lt;/Responsibility&gt;&lt;IAControls&gt;&lt;/IAControls&gt;</description><reference><dc:title>DPMS Target BlackBerry UEM</dc:title><dc:publisher>DISA</dc:publisher><dc:type>DPMS Target</dc:type><dc:subject>BlackBerry UEM</dc:subject><dc:identifier>4134</dc:identifier></reference><ident system="http://cyber.mil/legacy">SV-111883</ident><ident system="http://cyber.mil/legacy">V-102921</ident><ident system="http://cyber.mil/cci">CCI-000382</ident><fixtext fixref="F-26048r539050_fix">Configure the firewall on the BlackBerry UEM server to only permit ports, protocols, and IP address ranges necessary for operation.</fixtext><fix id="F-26048r539050_fix" /><check system="C-26060r539049_chk"><check-content-ref href="BlackBerry_UEM_STIG.xml" name="M" /><check-content>Ask the BlackBerry UEM administrator for a list of ports, protocols, and IP address ranges necessary to support BlackBerry UEM server and platform functionality. A list can usually be found in the STIG Supplemental document or BlackBerry UEM product documentation.

Compare the list against the configuration of the firewall and identify discrepancies.

If the host-based firewall is not configured to support only those ports, protocols, and IP address ranges necessary for operation, this is a finding.</check-content></check></Rule></Group><Group id="V-224384"><title>PP-MDM-431006</title><description>&lt;GroupDescription&gt;&lt;/GroupDescription&gt;</description><Rule id="SV-224384r604136_rule" weight="10.0" severity="medium"><version>BUEM-00-200030</version><title>The firewall protecting the BlackBerry UEM server platform must be configured so that only DoD-approved ports, protocols, and services are enabled. (See the DoD Ports, Protocols, Services Management [PPSM] Category Assurance Levels [CAL] list for DoD-approved ports, protocols, and services).</title><description>&lt;VulnDiscussion&gt;All ports, protocols, and services used on DoD networks must be approved and registered via the DoD PPSM process. This is to ensure that a risk assessment has been completed before a new port, protocol, or service is configured on a DoD network and has been approved by proper DoD authorities. Otherwise, the new port, protocol, or service could cause a vulnerability to the DoD network, which could be exploited by an adversary.

SFR ID: FMT_SMF.1.1(2) b / CM-7 b

Satisfies:  SRG-APP-000142&lt;/VulnDiscussion&gt;&lt;FalsePositives&gt;&lt;/FalsePositives&gt;&lt;FalseNegatives&gt;&lt;/FalseNegatives&gt;&lt;Documentable&gt;false&lt;/Documentable&gt;&lt;Mitigations&gt;&lt;/Mitigations&gt;&lt;SeverityOverrideGuidance&gt;&lt;/SeverityOverrideGuidance&gt;&lt;PotentialImpacts&gt;&lt;/PotentialImpacts&gt;&lt;ThirdPartyTools&gt;&lt;/ThirdPartyTools&gt;&lt;MitigationControl&gt;&lt;/MitigationControl&gt;&lt;Responsibility&gt;&lt;/Responsibility&gt;&lt;IAControls&gt;&lt;/IAControls&gt;</description><reference><dc:title>DPMS Target BlackBerry UEM</dc:title><dc:publisher>DISA</dc:publisher><dc:type>DPMS Target</dc:type><dc:subject>BlackBerry UEM</dc:subject><dc:identifier>4134</dc:identifier></reference><ident system="http://cyber.mil/legacy">SV-111885</ident><ident system="http://cyber.mil/legacy">V-102923</ident><ident system="http://cyber.mil/cci">CCI-000382</ident><fixtext fixref="F-26049r539053_fix">Turn off any ports, protocols, and services on the BlackBerry UEM host-based firewall that are not on the DoD PPSM CAL list.</fixtext><fix id="F-26049r539053_fix" /><check system="C-26061r539052_chk"><check-content-ref href="BlackBerry_UEM_STIG.xml" name="M" /><check-content>Ask the BlackBerry UEM administrator for a list of ports, protocols, and services that have been configured on the host-based firewall of the BlackBerry UEM server or generate the list by inspecting the firewall. Verify all allowed ports, protocols, and services are included on the DoD PPSM CAL list.

If any allowed ports, protocols, and services on the BlackBerry UEM host-based firewall are not included on the DoD PPSM CAL list, this is a finding.</check-content></check></Rule></Group><Group id="V-224385"><title>PP-MDM-431007</title><description>&lt;GroupDescription&gt;&lt;/GroupDescription&gt;</description><Rule id="SV-224385r604136_rule" weight="10.0" severity="medium"><version>BUEM-00-200040</version><title>All BlackBerry UEM server local accounts created during application installation and configuration must be disabled or removed.</title><description>&lt;VulnDiscussion&gt;A comprehensive account management process that includes automation helps to ensure the accounts designated as requiring attention are consistently and promptly addressed. If an attacker compromises an account, the entire BlackBerry UEM server infrastructure is at risk. Providing automated support functions for the management of accounts will ensure only active accounts will be granted access with the proper authorization levels. These objectives are best achieved by configuring the BlackBerry UEM server to leverage an enterprise authentication mechanism (e.g., Microsoft Active Directory Kerberos).

SFR ID: FMT_SMF.1.1(2) b / IA-5(1)(a)

Satisfies:  SRG-APP-000148&lt;/VulnDiscussion&gt;&lt;FalsePositives&gt;&lt;/FalsePositives&gt;&lt;FalseNegatives&gt;&lt;/FalseNegatives&gt;&lt;Documentable&gt;false&lt;/Documentable&gt;&lt;Mitigations&gt;&lt;/Mitigations&gt;&lt;SeverityOverrideGuidance&gt;&lt;/SeverityOverrideGuidance&gt;&lt;PotentialImpacts&gt;&lt;/PotentialImpacts&gt;&lt;ThirdPartyTools&gt;&lt;/ThirdPartyTools&gt;&lt;MitigationControl&gt;&lt;/MitigationControl&gt;&lt;Responsibility&gt;&lt;/Responsibility&gt;&lt;IAControls&gt;&lt;/IAControls&gt;</description><reference><dc:title>DPMS Target BlackBerry UEM</dc:title><dc:publisher>DISA</dc:publisher><dc:type>DPMS Target</dc:type><dc:subject>BlackBerry UEM</dc:subject><dc:identifier>4134</dc:identifier></reference><ident system="http://cyber.mil/legacy">SV-111887</ident><ident system="http://cyber.mil/legacy">V-102925</ident><ident system="http://cyber.mil/cci">CCI-000764</ident><fixtext fixref="F-26050r539056_fix">On the BlackBerry UEM, do the following:

Configure constrained delegation for the Microsoft Active Directory account to support single sign-on:

1. Log in to the BlackBerry UEM 12.12 host server and use the Windows Server ADSI Edit tool to add the following SPNs for BES12 to the Microsoft Active Directory account:
- HTTP/&lt;host_FQDN_or_pool_name&gt; (for example, HTTP/domain123.example.com)
- BASPLUGIN111/&lt;host_FQDN_or_pool_name&gt; (for example, BASPLUGIN111/domain123.example.com)
 Note:
- If high availability is configured for the management consoles in a UEM domain, specify the pool name. Otherwise, specify the FQDN of the computer that hosts the management console.
- Verify that no other accounts in the Microsoft Active Directory forest have the same SPNs.
2. Open "Microsoft Active Directory Users and Computers".
3. In the Microsoft Active Directory account properties, on the "Delegation" tab, select the following options:
- Trust this user for delegation to specified services only.
- Use Kerberos only.
4. Add the SPNs from Step 1 to the list of services.

Configure single sign-on for UEM:
Note: 
- When configuring single sign-on for UEM, it is configured for the management console and UEM Self-Service.
- If enabling single sign-on for multiple Microsoft Active Directory connections, verify there are no trust relationships between the Microsoft Active Directory forests.
1. Log in to the BlackBerry UEM 12.12 console.
2. Select the "Settings" tab on the left pane.
3. Click the "External integration" tab on the left pane.
4. Click "Company directory".
5. In the "Configured directory connections" section, click the name of a Microsoft Active Directory connection.
6. On the "Authentication" tab, select the checkbox next to "Enable Windows single sign-on".
7. Click "Save".
8. Click "Save" on the pop-up window.
Note: UEM validates the information for Microsoft Active Directory authentication. If the information is invalid, UEM prompts to specify the correct information.
9. Click "Close".
10. Restart the UEM services on each server that hosts a UEM instance.</fixtext><fix id="F-26050r539056_fix" /><check system="C-26062r539055_chk"><check-content-ref href="BlackBerry_UEM_STIG.xml" name="M" /><check-content>Review the BlackBerry UEM server configuration settings.

Verify the server is configured to leverage the MDM Platform user accounts and groups for BlackBerry UEM 12.11 server user identification and authentication.

On the BlackBerry UEM, do the following:
1. Navigate to the BlackBerry UEM console.
2. Verify the BlackBerry UEM does not prompt for additional authentication before opening the UEM console.

If the BlackBerry UEM server prompts for additional authentication before opening the UEM console, this is a finding.</check-content></check></Rule></Group><Group id="V-224386"><title>PP-MDM-431009</title><description>&lt;GroupDescription&gt;&lt;/GroupDescription&gt;</description><Rule id="SV-224386r604136_rule" weight="10.0" severity="medium"><version>BUEM-00-200060</version><title>The BlackBerry UEM server must connect to [assignment: [SQL Server]] with an authenticated and secure (encrypted) connection to protect the confidentiality and integrity of transmitted information.</title><description>&lt;VulnDiscussion&gt;Without protection of the transmitted information, confidentiality and integrity may be compromised since unprotected communications can be intercepted and either read or altered. 

This requirement applies only to those applications that are either distributed or can allow access to data non-locally. Use of this requirement will be limited to situations where the data owner has a strict requirement for ensuring data integrity and confidentiality is maintained at every step of the data transfer and handling process. When transmitting data, applications need to leverage transmission protection mechanisms, such as TLS, TLS VPNs, or IPsec.

Communication paths outside the physical protection of a controlled boundary are exposed to the possibility of interception and modification. Protecting the confidentiality and integrity of organizational information can be accomplished by physical means (e.g., employing physical distribution systems) or by logical means (e.g., employing cryptographic techniques). If physical means of protection are employed, then logical means (cryptography) do not have to be employed, and vice versa.

Satisfies: PP-MDM-431009 / SRG-APP-000439, SRG-APP-000440

SFR ID: FMT_SMF.1.1(2) b / SC-8, SC-8 (1), SC-8 (2)&lt;/VulnDiscussion&gt;&lt;FalsePositives&gt;&lt;/FalsePositives&gt;&lt;FalseNegatives&gt;&lt;/FalseNegatives&gt;&lt;Documentable&gt;false&lt;/Documentable&gt;&lt;Mitigations&gt;&lt;/Mitigations&gt;&lt;SeverityOverrideGuidance&gt;&lt;/SeverityOverrideGuidance&gt;&lt;PotentialImpacts&gt;&lt;/PotentialImpacts&gt;&lt;ThirdPartyTools&gt;&lt;/ThirdPartyTools&gt;&lt;MitigationControl&gt;&lt;/MitigationControl&gt;&lt;Responsibility&gt;&lt;/Responsibility&gt;&lt;IAControls&gt;&lt;/IAControls&gt;</description><reference><dc:title>DPMS Target BlackBerry UEM</dc:title><dc:publisher>DISA</dc:publisher><dc:type>DPMS Target</dc:type><dc:subject>BlackBerry UEM</dc:subject><dc:identifier>4134</dc:identifier></reference><ident system="http://cyber.mil/legacy">SV-111889</ident><ident system="http://cyber.mil/legacy">V-102927</ident><ident system="http://cyber.mil/cci">CCI-002418</ident><ident system="http://cyber.mil/cci">CCI-002420</ident><ident system="http://cyber.mil/cci">CCI-002421</ident><ident system="http://cyber.mil/cci">CCI-002422</ident><fixtext fixref="F-26051r539059_fix">Confirm the Administrator has configured the SQL server to connect to UEM using the TLS connection.</fixtext><fix id="F-26051r539059_fix" /><check system="C-26063r539058_chk"><check-content-ref href="BlackBerry_UEM_STIG.xml" name="M" /><check-content>Talk to the site UEM Administrator to confirm the SQL server has been configured to connect to UEM using the TLS connection or confirm during a review of the SQL server.

If the SQL server has not been configured to connect to UEM using the TLS connection, this is a finding.</check-content></check></Rule></Group><Group id="V-224387"><title>PP-MDM-991000</title><description>&lt;GroupDescription&gt;&lt;/GroupDescription&gt;</description><Rule id="SV-224387r604136_rule" weight="10.0" severity="medium"><version>BUEM-00-200280</version><title>The BlackBerry UEM server Blackberry Web Services must not be authorized access from external sources unnecessarily.</title><description>&lt;VulnDiscussion&gt;By limiting access to the subset of Administrator UI functions to internal administrators, the risk of an attacker developing a custom application to administer UEM potentially changing pre-configuration items in UEM is reduced

SFR ID: FMT_SMF.1.1(2) b / CM-7 b

Satisfies:  SRG-APP-000142&lt;/VulnDiscussion&gt;&lt;FalsePositives&gt;&lt;/FalsePositives&gt;&lt;FalseNegatives&gt;&lt;/FalseNegatives&gt;&lt;Documentable&gt;false&lt;/Documentable&gt;&lt;Mitigations&gt;&lt;/Mitigations&gt;&lt;SeverityOverrideGuidance&gt;&lt;/SeverityOverrideGuidance&gt;&lt;PotentialImpacts&gt;&lt;/PotentialImpacts&gt;&lt;ThirdPartyTools&gt;&lt;/ThirdPartyTools&gt;&lt;MitigationControl&gt;&lt;/MitigationControl&gt;&lt;Responsibility&gt;&lt;/Responsibility&gt;&lt;IAControls&gt;&lt;/IAControls&gt;</description><reference><dc:title>DPMS Target BlackBerry UEM</dc:title><dc:publisher>DISA</dc:publisher><dc:type>DPMS Target</dc:type><dc:subject>BlackBerry UEM</dc:subject><dc:identifier>4134</dc:identifier></reference><ident system="http://cyber.mil/legacy">SV-111891</ident><ident system="http://cyber.mil/legacy">V-102929</ident><ident system="http://cyber.mil/cci">CCI-000382</ident><fixtext fixref="F-26052r539062_fix">Configure BlackBerry UEM server Blackberry Web Services to block access by unnecessary to external sources (default configuration).

1. Access the UEM Server console.
2. On the left bar, access Settings &gt;&gt; General Settings &gt;&gt; Blackberry Web Services access.
3. If the status is not set to "disabled", change the status to "disabled" unless access has been approved by the ISSM.</fixtext><fix id="F-26052r539062_fix" /><check system="C-26064r539061_chk"><check-content-ref href="BlackBerry_UEM_STIG.xml" name="M" /><check-content>Verify BlackBerry UEM server Blackberry Web Services has not been configured to allow access from external sources unnecessarily.

1. Log in to the UEM Server console.
2. On the left bar, access Settings &gt;&gt; General Settings &gt;&gt; Blackberry Web Services access.
3. Verify the status has not changed from disabled unless the ISSM has approved access. 

If BlackBerry UEM server Blackberry Web Services has not disabled access from external sources unnecessarily without ISSM approval, this is a finding.</check-content></check></Rule></Group></Benchmark>