<?xml version="1.0" encoding="utf-8"?><?xml-stylesheet type='text/xsl' href='STIG_unclass.xsl'?><Benchmark xmlns:dc="http://purl.org/dc/elements/1.1/" xmlns:xsi="http://www.w3.org/2001/XMLSchema-instance" xmlns:cpe="http://cpe.mitre.org/language/2.0" xmlns:xhtml="http://www.w3.org/1999/xhtml" xmlns:dsig="http://www.w3.org/2000/09/xmldsig#" xsi:schemaLocation="http://checklists.nist.gov/xccdf/1.1 http://nvd.nist.gov/schema/xccdf-1.1.4.xsd http://cpe.mitre.org/dictionary/2.0 http://cpe.mitre.org/files/cpe-dictionary_2.1.xsd" id="VMW_vRealize_Operations_Manager_6-x_Application_STIG" xml:lang="en" xmlns="http://checklists.nist.gov/xccdf/1.1"><status date="2023-09-12">accepted</status><title>VMware vRealize Operations Manager 6.x Application Security Technical Implementation Guide</title><description>This Security Technical Implementation Guide is published as a tool to improve the security of Department of Defense (DOD) information systems. The requirements are derived from the National Institute of Standards and Technology (NIST) 800-53 and related documents. Comments or proposed revisions to this document should be sent via email to the following address: disa.stig_spt@mail.mil.</description><notice id="terms-of-use" xml:lang="en"></notice><front-matter xml:lang="en"></front-matter><rear-matter xml:lang="en"></rear-matter><reference href="https://cyber.mil"><dc:publisher>DISA</dc:publisher><dc:source>STIG.DOD.MIL</dc:source></reference><plain-text id="release-info">Release: 2 Benchmark Date: 25 Oct 2023</plain-text><plain-text id="generator">3.4.1.22916</plain-text><plain-text id="conventionsVersion">1.10.0</plain-text><version>1</version><Profile id="MAC-1_Classified"><title>I - Mission Critical Classified</title><description>&lt;ProfileDescription&gt;&lt;/ProfileDescription&gt;</description><select idref="V-239840" selected="true" /><select idref="V-239841" selected="true" /><select idref="V-239842" selected="true" /><select idref="V-239843" selected="true" /><select idref="V-239844" selected="true" /><select idref="V-258457" selected="true" /></Profile><Profile id="MAC-1_Public"><title>I - Mission Critical Public</title><description>&lt;ProfileDescription&gt;&lt;/ProfileDescription&gt;</description><select idref="V-239840" selected="true" /><select idref="V-239841" selected="true" /><select idref="V-239842" selected="true" /><select idref="V-239843" selected="true" /><select idref="V-239844" selected="true" /><select idref="V-258457" selected="true" /></Profile><Profile id="MAC-1_Sensitive"><title>I - Mission Critical Sensitive</title><description>&lt;ProfileDescription&gt;&lt;/ProfileDescription&gt;</description><select idref="V-239840" selected="true" /><select idref="V-239841" selected="true" /><select idref="V-239842" selected="true" /><select idref="V-239843" selected="true" /><select idref="V-239844" selected="true" /><select idref="V-258457" selected="true" /></Profile><Profile id="MAC-2_Classified"><title>II - Mission Support Classified</title><description>&lt;ProfileDescription&gt;&lt;/ProfileDescription&gt;</description><select idref="V-239840" selected="true" /><select idref="V-239841" selected="true" /><select idref="V-239842" selected="true" /><select idref="V-239843" selected="true" /><select idref="V-239844" selected="true" /><select idref="V-258457" selected="true" /></Profile><Profile id="MAC-2_Public"><title>II - Mission Support Public</title><description>&lt;ProfileDescription&gt;&lt;/ProfileDescription&gt;</description><select idref="V-239840" selected="true" /><select idref="V-239841" selected="true" /><select idref="V-239842" selected="true" /><select idref="V-239843" selected="true" /><select idref="V-239844" selected="true" /><select idref="V-258457" selected="true" /></Profile><Profile id="MAC-2_Sensitive"><title>II - Mission Support Sensitive</title><description>&lt;ProfileDescription&gt;&lt;/ProfileDescription&gt;</description><select idref="V-239840" selected="true" /><select idref="V-239841" selected="true" /><select idref="V-239842" selected="true" /><select idref="V-239843" selected="true" /><select idref="V-239844" selected="true" /><select idref="V-258457" selected="true" /></Profile><Profile id="MAC-3_Classified"><title>III - Administrative Classified</title><description>&lt;ProfileDescription&gt;&lt;/ProfileDescription&gt;</description><select idref="V-239840" selected="true" /><select idref="V-239841" selected="true" /><select idref="V-239842" selected="true" /><select idref="V-239843" selected="true" /><select idref="V-239844" selected="true" /><select idref="V-258457" selected="true" /></Profile><Profile id="MAC-3_Public"><title>III - Administrative Public</title><description>&lt;ProfileDescription&gt;&lt;/ProfileDescription&gt;</description><select idref="V-239840" selected="true" /><select idref="V-239841" selected="true" /><select idref="V-239842" selected="true" /><select idref="V-239843" selected="true" /><select idref="V-239844" selected="true" /><select idref="V-258457" selected="true" /></Profile><Profile id="MAC-3_Sensitive"><title>III - Administrative Sensitive</title><description>&lt;ProfileDescription&gt;&lt;/ProfileDescription&gt;</description><select idref="V-239840" selected="true" /><select idref="V-239841" selected="true" /><select idref="V-239842" selected="true" /><select idref="V-239843" selected="true" /><select idref="V-239844" selected="true" /><select idref="V-258457" selected="true" /></Profile><Group id="V-239840"><title>SRG-APP-000148-AS-000101</title><description>&lt;GroupDescription&gt;&lt;/GroupDescription&gt;</description><Rule id="SV-239840r879589_rule" weight="10.0" severity="medium"><version>VROM-AP-000195</version><title>The vRealize Operations server must use an enterprise user management system to uniquely identify and authenticate users (or processes acting on behalf of organizational users).</title><description>&lt;VulnDiscussion&gt;To assure accountability and prevent unauthorized access, application server users must be uniquely identified and authenticated.  This is typically accomplished via the use of a user store that is either local (OS-based) or centralized (LDAP) in nature.

To ensure support to the enterprise, the authentication must utilize an enterprise solution.&lt;/VulnDiscussion&gt;&lt;FalsePositives&gt;&lt;/FalsePositives&gt;&lt;FalseNegatives&gt;&lt;/FalseNegatives&gt;&lt;Documentable&gt;false&lt;/Documentable&gt;&lt;Mitigations&gt;&lt;/Mitigations&gt;&lt;SeverityOverrideGuidance&gt;&lt;/SeverityOverrideGuidance&gt;&lt;PotentialImpacts&gt;&lt;/PotentialImpacts&gt;&lt;ThirdPartyTools&gt;&lt;/ThirdPartyTools&gt;&lt;MitigationControl&gt;&lt;/MitigationControl&gt;&lt;Responsibility&gt;&lt;/Responsibility&gt;&lt;IAControls&gt;&lt;/IAControls&gt;</description><reference><dc:title>DPMS Target VMware vRealize Operations Manager 6-x Application</dc:title><dc:publisher>DISA</dc:publisher><dc:type>DPMS Target</dc:type><dc:subject>VMware vRealize Operations Manager 6-x Application</dc:subject><dc:identifier>5338</dc:identifier></reference><ident system="http://cyber.mil/legacy">SV-98855</ident><ident system="http://cyber.mil/legacy">V-88205</ident><ident system="http://cyber.mil/cci">CCI-000764</ident><fixtext fixref="F-43032r664013_fix">Configure vROps to use an enterprise user management system and document this in the site configuration control policy.</fixtext><fix id="F-43032r664013_fix" /><check system="C-43073r664012_chk"><check-content-ref href="U_VMW_vRealize_Ops_6-x_Application_V1R2_Manual_STIG.xml" name="M" /><check-content>Obtain the site configuration control policy from the ISSO.

Review site procedures to determine if an enterprise management system is used to uniquely identify and authenticate users.

If an enterprise management solution is not used, this is a finding.</check-content></check></Rule></Group><Group id="V-239841"><title>SRG-APP-000220-AS-000148</title><description>&lt;GroupDescription&gt;&lt;/GroupDescription&gt;</description><Rule id="SV-239841r879637_rule" weight="10.0" severity="medium"><version>VROM-AP-000295</version><title>The vRealize Operations server session timeout must be configured.</title><description>&lt;VulnDiscussion&gt;If communications sessions remain open for extended periods of time even when unused, there is the potential for an adversary to hijack the session and use it to gain access to the device or networks to which it is attached. Terminating sessions after a logout event or after a certain period of inactivity is a method for mitigating the risk of this vulnerability. When a user management session becomes idle, or when a user logs out of the management interface, the application server must terminate the session.&lt;/VulnDiscussion&gt;&lt;FalsePositives&gt;&lt;/FalsePositives&gt;&lt;FalseNegatives&gt;&lt;/FalseNegatives&gt;&lt;Documentable&gt;false&lt;/Documentable&gt;&lt;Mitigations&gt;&lt;/Mitigations&gt;&lt;SeverityOverrideGuidance&gt;&lt;/SeverityOverrideGuidance&gt;&lt;PotentialImpacts&gt;&lt;/PotentialImpacts&gt;&lt;ThirdPartyTools&gt;&lt;/ThirdPartyTools&gt;&lt;MitigationControl&gt;&lt;/MitigationControl&gt;&lt;Responsibility&gt;&lt;/Responsibility&gt;&lt;IAControls&gt;&lt;/IAControls&gt;</description><reference><dc:title>DPMS Target VMware vRealize Operations Manager 6-x Application</dc:title><dc:publisher>DISA</dc:publisher><dc:type>DPMS Target</dc:type><dc:subject>VMware vRealize Operations Manager 6-x Application</dc:subject><dc:identifier>5338</dc:identifier></reference><ident system="http://cyber.mil/legacy">SV-98857</ident><ident system="http://cyber.mil/legacy">V-88207</ident><ident system="http://cyber.mil/cci">CCI-001185</ident><fixtext fixref="F-43033r664016_fix">To edit the session timeout, use the following steps:

1. Log on to the admin UI as the administrator.
2. Navigate to "Global Settings".
3. Select "Edit Global Settings".
4. Set the "Session Timeout:" setting to "15" minutes.
5. Select "OK".</fixtext><fix id="F-43033r664016_fix" /><check system="C-43074r664015_chk"><check-content-ref href="U_VMW_vRealize_Ops_6-x_Application_V1R2_Manual_STIG.xml" name="M" /><check-content>Verify that the session timeout is set to "15" minutes with the following steps:

1. Log on to the admin UI as the administrator.
2. Navigate to "Global Settings".
3. Review the session timeout value in mins.

If the "Session Timeout:" setting is not "15" minutes, this is a finding.</check-content></check></Rule></Group><Group id="V-239842"><title>SRG-APP-000225-AS-000153</title><description>&lt;GroupDescription&gt;&lt;/GroupDescription&gt;</description><Rule id="SV-239842r879640_rule" weight="10.0" severity="medium"><version>VROM-AP-000315</version><title>The vRealize Operations server must be configured to perform complete application deployments.</title><description>&lt;VulnDiscussion&gt;Failure to a known secure state helps prevent a loss of confidentiality, integrity, or availability in the event of a failure of the information system or a component of the system.

When an application is deployed to the application server, if the deployment process does not complete properly and without errors, there is the potential that some application files may not be deployed or may be corrupted and an application error may occur during runtime.

The application server must be able to perform complete application deployments. A partial deployment can leave the server in an inconsistent state. Application servers may provide a transaction rollback function to address this issue.&lt;/VulnDiscussion&gt;&lt;FalsePositives&gt;&lt;/FalsePositives&gt;&lt;FalseNegatives&gt;&lt;/FalseNegatives&gt;&lt;Documentable&gt;false&lt;/Documentable&gt;&lt;Mitigations&gt;&lt;/Mitigations&gt;&lt;SeverityOverrideGuidance&gt;&lt;/SeverityOverrideGuidance&gt;&lt;PotentialImpacts&gt;&lt;/PotentialImpacts&gt;&lt;ThirdPartyTools&gt;&lt;/ThirdPartyTools&gt;&lt;MitigationControl&gt;&lt;/MitigationControl&gt;&lt;Responsibility&gt;&lt;/Responsibility&gt;&lt;IAControls&gt;&lt;/IAControls&gt;</description><reference><dc:title>DPMS Target VMware vRealize Operations Manager 6-x Application</dc:title><dc:publisher>DISA</dc:publisher><dc:type>DPMS Target</dc:type><dc:subject>VMware vRealize Operations Manager 6-x Application</dc:subject><dc:identifier>5338</dc:identifier></reference><ident system="http://cyber.mil/legacy">SV-98859</ident><ident system="http://cyber.mil/legacy">V-88209</ident><ident system="http://cyber.mil/cci">CCI-001190</ident><fixtext fixref="F-43034r664019_fix">Develop a site configuration control policy to ensure deployments are completed before allowing users to use the production environment.</fixtext><fix id="F-43034r664019_fix" /><check system="C-43075r664018_chk"><check-content-ref href="U_VMW_vRealize_Ops_6-x_Application_V1R2_Manual_STIG.xml" name="M" /><check-content>Obtain the site configuration control policy from the ISSO.

Review site procedures to determine if a site policy exists to verify vROps installation after release into a production environment. The site policy should ensure that the installation was a complete application deployment before users are allowed to conduct business.

If a site policy does not exist or is not being followed, this is a finding.</check-content></check></Rule></Group><Group id="V-239843"><title>SRG-APP-000427-AS-000264</title><description>&lt;GroupDescription&gt;&lt;/GroupDescription&gt;</description><Rule id="SV-239843r879798_rule" weight="10.0" severity="medium"><version>VROM-AP-000540</version><title>The vRealize Operations server must only allow the use of DoD PKI-established certificate authorities for verification of the establishment of protected sessions.</title><description>&lt;VulnDiscussion&gt;Untrusted Certificate Authorities (CA) can issue certificates, but they may be issued by organizations or individuals that seek to compromise DoD systems or by organizations with insufficient security controls. If the CA used for verifying the certificate is not a DoD-approved CA, trust of this CA has not been established.

The DoD will only accept PKI certificates obtained from a DoD-approved internal or external certificate authority. Reliance on CAs for the establishment of secure sessions includes, for example, the use of SSL/TLS certificates.  The application server must only allow the use of DoD PKI-established certificate authorities for verification.&lt;/VulnDiscussion&gt;&lt;FalsePositives&gt;&lt;/FalsePositives&gt;&lt;FalseNegatives&gt;&lt;/FalseNegatives&gt;&lt;Documentable&gt;false&lt;/Documentable&gt;&lt;Mitigations&gt;&lt;/Mitigations&gt;&lt;SeverityOverrideGuidance&gt;&lt;/SeverityOverrideGuidance&gt;&lt;PotentialImpacts&gt;&lt;/PotentialImpacts&gt;&lt;ThirdPartyTools&gt;&lt;/ThirdPartyTools&gt;&lt;MitigationControl&gt;&lt;/MitigationControl&gt;&lt;Responsibility&gt;&lt;/Responsibility&gt;&lt;IAControls&gt;&lt;/IAControls&gt;</description><reference><dc:title>DPMS Target VMware vRealize Operations Manager 6-x Application</dc:title><dc:publisher>DISA</dc:publisher><dc:type>DPMS Target</dc:type><dc:subject>VMware vRealize Operations Manager 6-x Application</dc:subject><dc:identifier>5338</dc:identifier></reference><ident system="http://cyber.mil/legacy">SV-98861</ident><ident system="http://cyber.mil/legacy">V-88211</ident><ident system="http://cyber.mil/cci">CCI-002470</ident><fixtext fixref="F-43035r664022_fix">Configure vROps Single Sign-On (SSO) with the following steps:

1. Log on to vRealize Operations Manager as an administrator.
2. In the menu, click Administration, and then in the left pane click Access &gt;&gt; Authentication Sources.
3. Click "Add".
4. In the Add Source for User and Group Import dialog box, provide information for the single sign-on source.
5. Click "Test" to test the source connection.
6. Click "OK". The certificate details are displayed.
7. Select the "Accept this Certificate" check box.
8. Click "OK".
9. In the "Import User Groups" dialog box, import user accounts from an SSO server on another machine.
10. In the list of user groups displayed, select at least one user group.
11. Click "Next".
12. In the "Roles and Objects" pane, select a role from the "Select Role" drop-down menu.
13. Select the "Assign this role to the group" check box.
14. Select the "objects" users of the group can access when holding this role.

To assign permissions so that users can access all the objects in vRealize Operations Manager:

1. Select the "Allow access to all objects in the system" check box.
2. Click "OK".

Note: For complete details review vROps 6.x and vSphere SSO product documentation.</fixtext><fix id="F-43035r664022_fix" /><check system="C-43076r664021_chk"><check-content-ref href="U_VMW_vRealize_Ops_6-x_Application_V1R2_Manual_STIG.xml" name="M" /><check-content>Verify that the vROps Single Sign-On (SSO) is configured with the correct authentication source only (DoD PKI CAC enabled vSphere SSO instance) by using the following steps:

1. Log on to the admin UI as the administrator.
2. In the menu, click Administration, and then in the left pane click Access &gt;&gt; Authentication Sources.
3. Review the authentication sources and ensure that only the DoD PKI CAC enabled vSphere SSO instance is available as an authentication source.

If there is no authentication source, or multiple non-DoD PKI CAC enabled vSphere SSO instance authentication sources exist, this is a finding.</check-content></check></Rule></Group><Group id="V-239844"><title>SRG-APP-000516-AS-000237</title><description>&lt;GroupDescription&gt;&lt;/GroupDescription&gt;</description><Rule id="SV-239844r879887_rule" weight="10.0" severity="medium"><version>VROM-AP-000655</version><title>The vRealize Operations appliance must be configured in accordance with the security configuration settings based on DoD security configuration or implementation guidance, including STIGs, NSA configuration guides, CTOs, and DTMs.</title><description>&lt;VulnDiscussion&gt;Configuring the vRealize Operations appliance to implement organization-wide security implementation guides and security checklists ensures compliance with federal standards and establishes a common security baseline across DoD that reflects the most restrictive security posture consistent with operational requirements. 

The vROps product is continually under refinement, and patches are regularly released to address vulnerabilities. As a result, the vROps STIG is also subject to a release cycle on a quarterly basis.

Assessors should ensure that they are reviewing the vRealize Operations appliance with the most current STIG.&lt;/VulnDiscussion&gt;&lt;FalsePositives&gt;&lt;/FalsePositives&gt;&lt;FalseNegatives&gt;&lt;/FalseNegatives&gt;&lt;Documentable&gt;false&lt;/Documentable&gt;&lt;Mitigations&gt;&lt;/Mitigations&gt;&lt;SeverityOverrideGuidance&gt;&lt;/SeverityOverrideGuidance&gt;&lt;PotentialImpacts&gt;&lt;/PotentialImpacts&gt;&lt;ThirdPartyTools&gt;&lt;/ThirdPartyTools&gt;&lt;MitigationControl&gt;&lt;/MitigationControl&gt;&lt;Responsibility&gt;&lt;/Responsibility&gt;&lt;IAControls&gt;&lt;/IAControls&gt;</description><reference><dc:title>DPMS Target VMware vRealize Operations Manager 6-x Application</dc:title><dc:publisher>DISA</dc:publisher><dc:type>DPMS Target</dc:type><dc:subject>VMware vRealize Operations Manager 6-x Application</dc:subject><dc:identifier>5338</dc:identifier></reference><ident system="http://cyber.mil/legacy">SV-98863</ident><ident system="http://cyber.mil/legacy">V-88213</ident><ident system="http://cyber.mil/cci">CCI-000366</ident><fixtext fixref="F-43036r664025_fix">Obtain the most current vRealize Operations STIG. Ensure that this vROps appliance is configured with all current requirements.</fixtext><fix id="F-43036r664025_fix" /><check system="C-43077r664024_chk"><check-content-ref href="U_VMW_vRealize_Ops_6-x_Application_V1R2_Manual_STIG.xml" name="M" /><check-content>Obtain the current vRealize Operations STIGs from the ISSO.

Verify that this Security Technical Implementation Guide (STIG) is the most current STIG available for vRealize Operations.

Assess all of the organization's vROps installations to ensure that they are fully compliant with the most current STIG.

If the most current version of the vROps STIG was not used, or if the vROps appliance configuration is not compliant with the most current STIG, this is a finding.</check-content></check></Rule></Group><Group id="V-258457"><title>SRG-APP-000456-AS-000266</title><description>&lt;GroupDescription&gt;&lt;/GroupDescription&gt;</description><Rule id="SV-258457r928893_rule" weight="10.0" severity="high"><version>VROM-AP-009999</version><title>The version of vRealize Operations Manager 6.x Application running on the system must be a supported version.</title><description>&lt;VulnDiscussion&gt;Security flaws with software applications are discovered daily. Vendors are constantly updating and patching their products to address newly discovered security vulnerabilities. Organizations (including any contractor to the organization) are required to promptly install security-relevant software updates (e.g., patches, service packs, and hot fixes). Flaws discovered during security assessments, continuous monitoring, incident response activities, or information system error handling must also be addressed expeditiously.

Organization-defined time periods for updating security-relevant software may vary based on a variety of factors including, for example, the security category of the information system or the criticality of the update (i.e., severity of the vulnerability related to the discovered flaw).

This requirement will apply to software patch management solutions used to install patches across the enclave and to applications themselves that are not part of that patch management solution. For example, many browsers today provide the capability to install their own patch software. Patch criticality, as well as system criticality will vary. Therefore, the tactical situations regarding the patch management process will also vary. This means that the time period used must be a configurable parameter. Time frames for application of security-relevant software updates may be dependent upon the Information Assurance Vulnerability Management (IAVM) process.

The application will be configured to check for and install security-relevant software updates within an identified time period from the availability of the update. The specific time period will be defined by an authoritative source (e.g., IAVM, CTOs, DTMs, and STIGs).&lt;/VulnDiscussion&gt;&lt;FalsePositives&gt;&lt;/FalsePositives&gt;&lt;FalseNegatives&gt;&lt;/FalseNegatives&gt;&lt;Documentable&gt;false&lt;/Documentable&gt;&lt;Mitigations&gt;&lt;/Mitigations&gt;&lt;SeverityOverrideGuidance&gt;&lt;/SeverityOverrideGuidance&gt;&lt;PotentialImpacts&gt;&lt;/PotentialImpacts&gt;&lt;ThirdPartyTools&gt;&lt;/ThirdPartyTools&gt;&lt;MitigationControl&gt;&lt;/MitigationControl&gt;&lt;Responsibility&gt;&lt;/Responsibility&gt;&lt;IAControls&gt;&lt;/IAControls&gt;</description><reference><dc:title>DPMS Target VMware vRealize Operations Manager 6-x Application</dc:title><dc:publisher>DISA</dc:publisher><dc:type>DPMS Target</dc:type><dc:subject>VMware vRealize Operations Manager 6-x Application</dc:subject><dc:identifier>5338</dc:identifier></reference><ident system="http://cyber.mil/cci">CCI-002605</ident><fixtext fixref="F-53958r798705_fix">Upgrade to a supported version.</fixtext><fix id="F-53958r798705_fix" /><check system="C-62197r928892_chk"><check-content-ref href="U_VMW_vRealize_Ops_6-x_Application_V1R2_Manual_STIG.xml" name="M" /><check-content>vRealize Operations Manager 6.x Application is no longer supported by the vendor. If the system is running vRealize Operations Manager 6.x Application, this is a finding.</check-content></check></Rule></Group></Benchmark>