<BackupInst xmlns="http://www.microsoft.com/GroupPolicy/GPOOperations/Manifest"><GPOGuid><![CDATA[{C7017AF4-7857-4ACC-A4DB-3D75DAACB1DE}]]></GPOGuid><GPODomain><![CDATA[security.local]]></GPODomain><GPODomainGuid><![CDATA[{2b127034-e676-4f54-b03a-e700e3004cb0}]]></GPODomainGuid><GPODomainController><![CDATA[GPOSrv2016.security.local]]></GPODomainController><BackupTime><![CDATA[2023-09-11T15:06:43]]></BackupTime><ID><![CDATA[{46680758-56F4-4673-9D15-1AF560115185}]]></ID><Comment><![CDATA[]]></Comment><GPODisplayName><![CDATA[DoD WinSvr 2022 DC STIG Comp v1r4]]></GPODisplayName></BackupInst>
