#STIG ID,Legacy Group ID,Legacy Rule ID,Old Rule ID,New Group ID,New Rule ID
AADC-CL-000205,V-80111,SV-94815,SV-94815r1_rule,V-213093,SV-213093r557504_rule
AADC-CL-000210,V-80113,SV-94817,SV-94817r1_rule,V-213094,SV-213094r557504_rule
AADC-CL-000275,V-80115,SV-94819,SV-94819r1_rule,V-213095,SV-213095r557504_rule
AADC-CL-000280,V-80117,SV-94821,SV-94821r1_rule,V-213096,SV-213096r557504_rule
AADC-CL-000285,V-80119,SV-94823,SV-94823r1_rule,V-213097,SV-213097r557504_rule
AADC-CL-000290,V-80121,SV-94825,SV-94825r1_rule,V-213098,SV-213098r557504_rule
AADC-CL-000295,V-80123,SV-94827,SV-94827r1_rule,V-213099,SV-213099r557504_rule
AADC-CL-000840,V-80125,SV-94829,SV-94829r1_rule,V-213100,SV-213100r557504_rule
AADC-CL-000955,V-80127,SV-94831,SV-94831r1_rule,V-220324,SV-220324r557504_rule
AADC-CL-000990,V-80129,SV-94833,SV-94833r1_rule,V-213102,SV-213102r557504_rule
AADC-CL-001010,V-80131,SV-94835,SV-94835r1_rule,V-213103,SV-213103r557504_rule
AADC-CL-001015,V-80133,SV-94837,SV-94837r1_rule,V-213104,SV-213104r557504_rule
AADC-CL-001075,V-80135,SV-94839,SV-94839r1_rule,V-213105,SV-213105r557504_rule
AADC-CL-001280,V-80137,SV-94841,SV-94841r1_rule,V-213106,SV-213106r557504_rule
AADC-CL-001285,V-80139,SV-94843,SV-94843r1_rule,V-213107,SV-213107r557504_rule
AADC-CL-001290,V-80141,SV-94845,SV-94845r1_rule,V-213108,SV-213108r557504_rule
AADC-CL-001295,V-80143,SV-94847,SV-94847r1_rule,V-213109,SV-213109r557504_rule
AADC-CL-001300,V-80145,SV-94849,SV-94849r1_rule,V-213110,SV-213110r557504_rule
AADC-CL-001305,V-80147,SV-94851,SV-94851r1_rule,V-213111,SV-213111r557504_rule
AADC-CL-001310,V-80149,SV-94853,SV-94853r1_rule,V-213112,SV-213112r557504_rule
AADC-CL-001315,V-80151,SV-94855,SV-94855r2_rule,V-213113,SV-213113r557504_rule
AADC-CL-001320,V-80153,SV-94857,SV-94857r1_rule,V-213114,SV-213114r557504_rule
AADC-CL-001325,V-80155,SV-94859,SV-94859r1_rule,V-213115,SV-213115r557504_rule
