<?xml version="1.0" encoding="utf-8"?><?xml-stylesheet type='text/xsl' href='STIG_unclass.xsl'?><Benchmark xmlns:dsig="http://www.w3.org/2000/09/xmldsig#" xmlns:xsi="http://www.w3.org/2001/XMLSchema-instance" xmlns:cpe="http://cpe.mitre.org/language/2.0" xmlns:xhtml="http://www.w3.org/1999/xhtml" xmlns:dc="http://purl.org/dc/elements/1.1/" id="SEL-2740S_NDM_STIG" xml:lang="en" xsi:schemaLocation="http://checklists.nist.gov/xccdf/1.1 http://nvd.nist.gov/schema/xccdf-1.1.4.xsd http://cpe.mitre.org/dictionary/2.0 http://cpe.mitre.org/files/cpe-dictionary_2.1.xsd" xmlns="http://checklists.nist.gov/xccdf/1.1"><status date="2019-05-06">accepted</status><title>SEL-2740S NDM Security Technical Implementation Guide</title><description>This Security Technical Implementation Guide is published as a tool to improve the security of Department of Defense (DoD) information systems. The requirements are derived from the National Institute of Standards and Technology (NIST) 800-53 and related documents. Comments or proposed revisions to this document should be sent via email to the following address: disa.stig_spt@mail.mil.</description><notice id="terms-of-use" xml:lang="en"></notice><reference href="http://iase.disa.mil"><dc:publisher>DISA</dc:publisher><dc:source>STIG.DOD.MIL</dc:source></reference><plain-text id="release-info">Release: 1 Benchmark Date: 02 May 2019</plain-text><version>1</version><Profile id="MAC-1_Classified"><title>I - Mission Critical Classified</title><description>&lt;ProfileDescription&gt;&lt;/ProfileDescription&gt;</description><select idref="V-92291" selected="true" /><select idref="V-92293" selected="true" /><select idref="V-92295" selected="true" /><select idref="V-92297" selected="true" /><select idref="V-92299" selected="true" /><select idref="V-92301" selected="true" /><select idref="V-92303" selected="true" /><select idref="V-92305" selected="true" /><select idref="V-92307" selected="true" /><select idref="V-92309" selected="true" /><select idref="V-92311" selected="true" /><select idref="V-94589" selected="true" /><select idref="V-94591" selected="true" /></Profile><Profile id="MAC-1_Public"><title>I - Mission Critical Public</title><description>&lt;ProfileDescription&gt;&lt;/ProfileDescription&gt;</description><select idref="V-92291" selected="true" /><select idref="V-92293" selected="true" /><select idref="V-92295" selected="true" /><select idref="V-92297" selected="true" /><select idref="V-92299" selected="true" /><select idref="V-92301" selected="true" /><select idref="V-92303" selected="true" /><select idref="V-92305" selected="true" /><select idref="V-92307" selected="true" /><select idref="V-92309" selected="true" /><select idref="V-92311" selected="true" /><select idref="V-94589" selected="true" /><select idref="V-94591" selected="true" /></Profile><Profile id="MAC-1_Sensitive"><title>I - Mission Critical Sensitive</title><description>&lt;ProfileDescription&gt;&lt;/ProfileDescription&gt;</description><select idref="V-92291" selected="true" /><select idref="V-92293" selected="true" /><select idref="V-92295" selected="true" /><select idref="V-92297" selected="true" /><select idref="V-92299" selected="true" /><select idref="V-92301" selected="true" /><select idref="V-92303" selected="true" /><select idref="V-92305" selected="true" /><select idref="V-92307" selected="true" /><select idref="V-92309" selected="true" /><select idref="V-92311" selected="true" /><select idref="V-94589" selected="true" /><select idref="V-94591" selected="true" /></Profile><Profile id="MAC-2_Classified"><title>II - Mission Support Classified</title><description>&lt;ProfileDescription&gt;&lt;/ProfileDescription&gt;</description><select idref="V-92291" selected="true" /><select idref="V-92293" selected="true" /><select idref="V-92295" selected="true" /><select idref="V-92297" selected="true" /><select idref="V-92299" selected="true" /><select idref="V-92301" selected="true" /><select idref="V-92303" selected="true" /><select idref="V-92305" selected="true" /><select idref="V-92307" selected="true" /><select idref="V-92309" selected="true" /><select idref="V-92311" selected="true" /><select idref="V-94589" selected="true" /><select idref="V-94591" selected="true" /></Profile><Profile id="MAC-2_Public"><title>II - Mission Support Public</title><description>&lt;ProfileDescription&gt;&lt;/ProfileDescription&gt;</description><select idref="V-92291" selected="true" /><select idref="V-92293" selected="true" /><select idref="V-92295" selected="true" /><select idref="V-92297" selected="true" /><select idref="V-92299" selected="true" /><select idref="V-92301" selected="true" /><select idref="V-92303" selected="true" /><select idref="V-92305" selected="true" /><select idref="V-92307" selected="true" /><select idref="V-92309" selected="true" /><select idref="V-92311" selected="true" /><select idref="V-94589" selected="true" /><select idref="V-94591" selected="true" /></Profile><Profile id="MAC-2_Sensitive"><title>II - Mission Support Sensitive</title><description>&lt;ProfileDescription&gt;&lt;/ProfileDescription&gt;</description><select idref="V-92291" selected="true" /><select idref="V-92293" selected="true" /><select idref="V-92295" selected="true" /><select idref="V-92297" selected="true" /><select idref="V-92299" selected="true" /><select idref="V-92301" selected="true" /><select idref="V-92303" selected="true" /><select idref="V-92305" selected="true" /><select idref="V-92307" selected="true" /><select idref="V-92309" selected="true" /><select idref="V-92311" selected="true" /><select idref="V-94589" selected="true" /><select idref="V-94591" selected="true" /></Profile><Profile id="MAC-3_Classified"><title>III - Administrative Classified</title><description>&lt;ProfileDescription&gt;&lt;/ProfileDescription&gt;</description><select idref="V-92291" selected="true" /><select idref="V-92293" selected="true" /><select idref="V-92295" selected="true" /><select idref="V-92297" selected="true" /><select idref="V-92299" selected="true" /><select idref="V-92301" selected="true" /><select idref="V-92303" selected="true" /><select idref="V-92305" selected="true" /><select idref="V-92307" selected="true" /><select idref="V-92309" selected="true" /><select idref="V-92311" selected="true" /><select idref="V-94589" selected="true" /><select idref="V-94591" selected="true" /></Profile><Profile id="MAC-3_Public"><title>III - Administrative Public</title><description>&lt;ProfileDescription&gt;&lt;/ProfileDescription&gt;</description><select idref="V-92291" selected="true" /><select idref="V-92293" selected="true" /><select idref="V-92295" selected="true" /><select idref="V-92297" selected="true" /><select idref="V-92299" selected="true" /><select idref="V-92301" selected="true" /><select idref="V-92303" selected="true" /><select idref="V-92305" selected="true" /><select idref="V-92307" selected="true" /><select idref="V-92309" selected="true" /><select idref="V-92311" selected="true" /><select idref="V-94589" selected="true" /><select idref="V-94591" selected="true" /></Profile><Profile id="MAC-3_Sensitive"><title>III - Administrative Sensitive</title><description>&lt;ProfileDescription&gt;&lt;/ProfileDescription&gt;</description><select idref="V-92291" selected="true" /><select idref="V-92293" selected="true" /><select idref="V-92295" selected="true" /><select idref="V-92297" selected="true" /><select idref="V-92299" selected="true" /><select idref="V-92301" selected="true" /><select idref="V-92303" selected="true" /><select idref="V-92305" selected="true" /><select idref="V-92307" selected="true" /><select idref="V-92309" selected="true" /><select idref="V-92311" selected="true" /><select idref="V-94589" selected="true" /><select idref="V-94591" selected="true" /></Profile><Group id="V-92291"><title>SRG-APP-000089-NDM-000221</title><description>&lt;GroupDescription&gt;&lt;/GroupDescription&gt;</description><Rule id="SV-102379r1_rule" severity="medium" weight="10.0"><version>SELS-ND-000230</version><title>The SEL-2740S must be configured to create log records for DoD-defined events.</title><description>&lt;VulnDiscussion&gt;Without the capability to generate audit records, it would be difficult to establish, correlate, and investigate the events relating to an incident or identify those responsible for one. 

Audit records can be generated from various components within the network device (e.g., process, module). Certain specific device functionalities may be audited as well. The list of audited events is the set of events for which audits are to be generated. This set of events is typically a subset of the list of all events for which the system is capable of generating audit records.

DoD has defined the list of events for which the device will provide an audit record generation capability as the following: 

(i) Successful and unsuccessful attempts to access, modify, or delete privileges, security objects, security levels, or categories of information (e.g., classification levels);
(ii) Access actions, such as successful and unsuccessful logon attempts, privileged activities or other system level access, starting and ending time for user access to the system, concurrent logons from different workstations, successful and unsuccessful accesses to objects, all program initiations, and all direct access to the information system; and
(iii) All account creation, modification, disabling, and termination actions.&lt;/VulnDiscussion&gt;&lt;FalsePositives&gt;&lt;/FalsePositives&gt;&lt;FalseNegatives&gt;&lt;/FalseNegatives&gt;&lt;Documentable&gt;false&lt;/Documentable&gt;&lt;Mitigations&gt;&lt;/Mitigations&gt;&lt;SeverityOverrideGuidance&gt;&lt;/SeverityOverrideGuidance&gt;&lt;PotentialImpacts&gt;&lt;/PotentialImpacts&gt;&lt;ThirdPartyTools&gt;&lt;/ThirdPartyTools&gt;&lt;MitigationControl&gt;&lt;/MitigationControl&gt;&lt;Responsibility&gt;&lt;/Responsibility&gt;&lt;IAControls&gt;&lt;/IAControls&gt;</description><reference><dc:title>DPMS Target SEL SDN Switch NDM</dc:title><dc:publisher>DISA</dc:publisher><dc:type>DPMS Target</dc:type><dc:subject>SEL SDN Switch NDM</dc:subject><dc:identifier>3383</dc:identifier></reference><ident system="http://iase.disa.mil/cci">CCI-000169</ident><fixtext fixref="F-98529r1_fix">To configure the SEL-2740S to send logs to Syslog servers do the following:
1. Log in with Permission Level 3 right into parent OTSDN Controller.
2. Go to the "Configuration Objects" settings page and select the desired switch for SEL-2740S node.
3. Insert the Syslog log service and configure the settings with the desired Server IP addresses into the Syslog settings fields.
4. Create the flow rules necessary for Syslog.</fixtext><fix id="F-98529r1_fix" /><check system="C-91587r1_chk"><check-content-ref name="M" href="DPMS_XCCDF_Benchmark_SEL-2740S_NDM_STIG.xml" /><check-content>Ensure SEL-2740S Syslog servers are configured by doing the following:
1. Log in with Permission Level 3 rights into parent OTSDN Controller.
2. Go to the "Configuration Objects" page and select the switch.
3. Check Syslog Server IP addresses are in the settings fields configured for the log services.
4. Check Syslog flows exist and are accurate for the SEL-2740S DUT and additional neighbor devices' flows exist and are correct.

If the SEL-2740S is not configured with Syslog server entries to ensure auditability, this is a finding.</check-content></check></Rule></Group><Group id="V-92293"><title>SRG-APP-000108-NDM-000232</title><description>&lt;GroupDescription&gt;&lt;/GroupDescription&gt;</description><Rule id="SV-102381r1_rule" severity="medium" weight="10.0"><version>SELS-ND-000340</version><title>The SEL-2740S must alert the ISSO and SA (at a minimum) in the event of an audit processing failure.</title><description>&lt;VulnDiscussion&gt;It is critical for the appropriate personnel to be aware if a system is at risk of failing to process audit logs as required. Without this notification, the security personnel may be unaware of an impending failure of the audit capability and system operation may be adversely affected. 

Audit processing failures include software/hardware errors, failures in the audit capturing mechanisms, and audit storage capacity being reached or exceeded.&lt;/VulnDiscussion&gt;&lt;FalsePositives&gt;&lt;/FalsePositives&gt;&lt;FalseNegatives&gt;&lt;/FalseNegatives&gt;&lt;Documentable&gt;false&lt;/Documentable&gt;&lt;Mitigations&gt;&lt;/Mitigations&gt;&lt;SeverityOverrideGuidance&gt;&lt;/SeverityOverrideGuidance&gt;&lt;PotentialImpacts&gt;&lt;/PotentialImpacts&gt;&lt;ThirdPartyTools&gt;&lt;/ThirdPartyTools&gt;&lt;MitigationControl&gt;&lt;/MitigationControl&gt;&lt;Responsibility&gt;&lt;/Responsibility&gt;&lt;IAControls&gt;&lt;/IAControls&gt;</description><reference><dc:title>DPMS Target SEL SDN Switch NDM</dc:title><dc:publisher>DISA</dc:publisher><dc:type>DPMS Target</dc:type><dc:subject>SEL SDN Switch NDM</dc:subject><dc:identifier>3383</dc:identifier></reference><ident system="http://iase.disa.mil/cci">CCI-000139</ident><fixtext fixref="F-98531r1_fix">On commissioning the SEL-2740S, enter the IP address, subnet mask, flow controller IP address, default gateway, and host name. Select the severity level desired for the alarm contact in the log services for the configuration node.</fixtext><fix id="F-98531r1_fix" /><check system="C-91589r1_chk"><check-content-ref name="M" href="DPMS_XCCDF_Benchmark_SEL-2740S_NDM_STIG.xml" /><check-content>Review the configuration node of the SEL-2740S in the flow controller and verify the alarm contact behavior is configured as a log service under All Categories in the configuration object for the desired switch.  

If the switch is not configured to alert the ISSO and SA in the event of an audit processing failure, this is a finding.</check-content></check></Rule></Group><Group id="V-92295"><title>SRG-APP-000125-NDM-000241</title><description>&lt;GroupDescription&gt;&lt;/GroupDescription&gt;</description><Rule id="SV-102383r1_rule" severity="medium" weight="10.0"><version>SELS-ND-000430</version><title>The SEL-2740S must be configured to send log data to a Syslog server or collected by another parent OTSDN Controller.</title><description>&lt;VulnDiscussion&gt;Protection of log data includes assuring log data is not accidentally lost or deleted. Regularly backing up audit records to a different system or onto separate media than the system being audited helps to assure, in the event of a catastrophic system failure, the audit records will be retained.&lt;/VulnDiscussion&gt;&lt;FalsePositives&gt;&lt;/FalsePositives&gt;&lt;FalseNegatives&gt;&lt;/FalseNegatives&gt;&lt;Documentable&gt;false&lt;/Documentable&gt;&lt;Mitigations&gt;&lt;/Mitigations&gt;&lt;SeverityOverrideGuidance&gt;&lt;/SeverityOverrideGuidance&gt;&lt;PotentialImpacts&gt;&lt;/PotentialImpacts&gt;&lt;ThirdPartyTools&gt;&lt;/ThirdPartyTools&gt;&lt;MitigationControl&gt;&lt;/MitigationControl&gt;&lt;Responsibility&gt;&lt;/Responsibility&gt;&lt;IAControls&gt;&lt;/IAControls&gt;</description><reference><dc:title>DPMS Target SEL SDN Switch NDM</dc:title><dc:publisher>DISA</dc:publisher><dc:type>DPMS Target</dc:type><dc:subject>SEL SDN Switch NDM</dc:subject><dc:identifier>3383</dc:identifier></reference><ident system="http://iase.disa.mil/cci">CCI-001348</ident><fixtext fixref="F-98533r1_fix">To collect logs using the OTSDN controller, do the following:
1. Go to the "Log Settings" page.
2. Select the Primary entry in the Logging table.
3. Click the "Add" icon (A) in the "Log Services" pane.
4. Select Syslog Server (B) from the menu to display a new Syslog Server Log Service box.
5. Click the "Syslog Server" box to display a blue border around the box.
6. Enter Settings (1) through (4) in the appropriate boxes.
7. Click "Submit".

Use the OTSDN Controller to Syslog the events to a central Security Information and Event Manager (SIEM).
Option 2
To configure the SEL-2740S to send logs to a syslog server:
1. Go to the configuration object setting page.
2. Select syslog under the log services for the desired switch.
3. Enter the settings desired for the syslog server IP address and severity level to send to this destination.
4. Repeat for amount of desired log servers as the SEL-2740S supports up to three destinations.

To create the flow rule(s) for Syslog traffic:
1. Log in to OTSDN Controller with Permission Level 3.
2. Identify or create the Configuration Port to use for the path to Syslog Server.
3. Identify or create the Configuration Link to use for the path to Syslog Server.

Create the Flow Rule for the SEL-2740S' Syslog traffic:
1. Click "Flow Entries" in Navigation Menu.
2. Click "Add Flow" button.
3. Enter General setting values for "Switch" Enable.  Optional enter General settings for "Table ID", "Priority", "Idle Timeout", and "Hard Timeout".
4. For Syslog traffic, enter appropriate "Match Field" values for "ARP Opcode" (Request or Reply), "ARP Source", "ARP Target", "Communication Service Type (CST) Match", "Ethernet Destination", "Ethernet Source", "Ethernet Type", "InPort", "IP Proto", "IPv4 Destination", "IPv4 Source", "TCP Destination", "TCP Source", "UDP Destination", "UDP Source", "VLAN Priority", and/or "VLAN Virtually ID".
5. Enter appropriate Write-Actions for "Pop VLAN ID", "Push VLAN ID", "Set VLAN ID", "Set VLAN Priority", "Set Queue", "Group by Alias or Value", and/or "Output by Alias or "Value".
6. Click "Submit".</fixtext><fix id="F-98533r1_fix" /><check system="C-91591r1_chk"><check-content-ref name="M" href="DPMS_XCCDF_Benchmark_SEL-2740S_NDM_STIG.xml" /><check-content>Ensure SEL-2740S Syslog servers are configured by doing the following:
1. Log in with Permission Level 3 rights into parent OTSDN Controller.
2. Go to the "Configuration Objects" page.
3. Check Syslog Server IP addresses are in the settings fields for the switch node in log services.
4. Check Syslog flows exist and are accurate for the SEL-2740S DUT and additional neighbor devices' flows exist and are correct.

If the SEL-2740S is not configured with Syslog server entries to ensure auditability, this is a finding.</check-content></check></Rule></Group><Group id="V-92297"><title>SRG-APP-000371-NDM-000296</title><description>&lt;GroupDescription&gt;&lt;/GroupDescription&gt;</description><Rule id="SV-102385r1_rule" severity="medium" weight="10.0"><version>SELS-ND-001000</version><title>The SEL-2740S must be configured to compare internal information system clocks at least every 24 hours with an authoritative time server.</title><description>&lt;VulnDiscussion&gt;Inaccurate time stamps make it more difficult to correlate events and can lead to an inaccurate analysis. Determining the correct time a particular event occurred on a system is critical when conducting forensic analysis and investigating system events. Sources outside of the configured acceptable allowance (drift) may be inaccurate. Additionally, unnecessary synchronization may have an adverse impact on system performance and may indicate malicious activity.  Synchronizing internal information system clocks provides uniformity of time stamps for information systems with multiple system clocks and systems connected over a network.&lt;/VulnDiscussion&gt;&lt;FalsePositives&gt;&lt;/FalsePositives&gt;&lt;FalseNegatives&gt;&lt;/FalseNegatives&gt;&lt;Documentable&gt;false&lt;/Documentable&gt;&lt;Mitigations&gt;&lt;/Mitigations&gt;&lt;SeverityOverrideGuidance&gt;&lt;/SeverityOverrideGuidance&gt;&lt;PotentialImpacts&gt;&lt;/PotentialImpacts&gt;&lt;ThirdPartyTools&gt;&lt;/ThirdPartyTools&gt;&lt;MitigationControl&gt;&lt;/MitigationControl&gt;&lt;Responsibility&gt;&lt;/Responsibility&gt;&lt;IAControls&gt;&lt;/IAControls&gt;</description><reference><dc:title>DPMS Target SEL SDN Switch NDM</dc:title><dc:publisher>DISA</dc:publisher><dc:type>DPMS Target</dc:type><dc:subject>SEL SDN Switch NDM</dc:subject><dc:identifier>3383</dc:identifier></reference><ident system="http://iase.disa.mil/cci">CCI-001891</ident><fixtext fixref="F-98535r1_fix">Configure NTP Servers during node adoption with the following steps:
1. Go to the "configuration object" page.
2. Enter the NTP Server IP addresses in appropriate settings fields.  The SEL-2740S support primary and backup NTP servers so enter the IP address of the backup if desired so there are both primary and backup displayed.
3. Click "Submit".
4. Create NTP Flows to/from NTP server to/from node.</fixtext><fix id="F-98535r1_fix" /><check system="C-91593r1_chk"><check-content-ref name="M" href="DPMS_XCCDF_Benchmark_SEL-2740S_NDM_STIG.xml" /><check-content>To ensure SEL-2740S NTP servers are configured do the following:
1. Log in with Permission Level 3 rights into parent OTSDN Controller.
2. Go to the "configuration object" settings page.
3. Check NTP Server IP addresses in the settings fields.  The SEL-2740S support primary and backup NTP servers so enter the IP address of the backup if desired so there are both primary and backup displayed.
4. Check NTP flows for the SEL-2740S DUT and additional neighbor devices exist and are correct.

If the SEL-2740S is not configured to maintain internal system clocks with an authoritative time server, this is a finding.</check-content></check></Rule></Group><Group id="V-92299"><title>SRG-APP-000372-NDM-000297</title><description>&lt;GroupDescription&gt;&lt;/GroupDescription&gt;</description><Rule id="SV-102387r1_rule" severity="medium" weight="10.0"><version>SELS-ND-001010</version><title>The SEL-2740S must be configured to synchronize internal system clocks with an authoritative time source.</title><description>&lt;VulnDiscussion&gt;Inaccurate time stamps make it more difficult to correlate events and can lead to an inaccurate analysis. Determining the correct time a particular event occurred on a system is critical when conducting forensic analysis and investigating system events. 

Synchronizing internal information system clocks provides uniformity of time stamps for information systems with multiple system clocks and systems connected over a network. Organizations should consider setting time periods for different types of systems (e.g., financial, legal, or mission-critical systems). Organizations should also consider endpoints that may not have regular access to the authoritative time server (e.g., mobile, teleworking, and tactical endpoints). This requirement is related to the comparison done every 24 hours in CCI-001891 because a comparison must be done in order to determine the time difference.

The organization-defined time period will depend on multiple factors, most notably the granularity of time stamps in audit logs. For example, if time stamps only show to the nearest second, there is no need to have accuracy of a tenth of a second in clocks.&lt;/VulnDiscussion&gt;&lt;FalsePositives&gt;&lt;/FalsePositives&gt;&lt;FalseNegatives&gt;&lt;/FalseNegatives&gt;&lt;Documentable&gt;false&lt;/Documentable&gt;&lt;Mitigations&gt;&lt;/Mitigations&gt;&lt;SeverityOverrideGuidance&gt;&lt;/SeverityOverrideGuidance&gt;&lt;PotentialImpacts&gt;&lt;/PotentialImpacts&gt;&lt;ThirdPartyTools&gt;&lt;/ThirdPartyTools&gt;&lt;MitigationControl&gt;&lt;/MitigationControl&gt;&lt;Responsibility&gt;&lt;/Responsibility&gt;&lt;IAControls&gt;&lt;/IAControls&gt;</description><reference><dc:title>DPMS Target SEL SDN Switch NDM</dc:title><dc:publisher>DISA</dc:publisher><dc:type>DPMS Target</dc:type><dc:subject>SEL SDN Switch NDM</dc:subject><dc:identifier>3383</dc:identifier></reference><ident system="http://iase.disa.mil/cci">CCI-002046</ident><fixtext fixref="F-98537r1_fix">Configure NTP Servers during node adoption with the following steps:
1. Go to the "configuration object" page and select desired switch.
2. Enter the NTP Server IP addresses in appropriate settings fields for primary and backup NTP server(s).
3. Click "Submit".
4. Create NTP Flows to/from NTP server to/from node.</fixtext><fix id="F-98537r1_fix" /><check system="C-91595r1_chk"><check-content-ref name="M" href="DPMS_XCCDF_Benchmark_SEL-2740S_NDM_STIG.xml" /><check-content>To ensure SEL-2740S NTP servers are configured do the following:
1. Log in with Permission Level 3 rights into parent OTSDN Controller.
2. Go to the "configuration object" page.
3. Check NTP Server IP addresses in the settings fields.
4. Check NTP flows for the SEL-2740S DUT and additional neighbor devices exist and are correct.

If the SEL-2740S is not configured to maintain internal system clocks with an authoritative time server, this is a finding.</check-content></check></Rule></Group><Group id="V-92301"><title>SRG-APP-000373-NDM-000298</title><description>&lt;GroupDescription&gt;&lt;/GroupDescription&gt;</description><Rule id="SV-102389r1_rule" severity="medium" weight="10.0"><version>SELS-ND-001020</version><title>The SEL-2740S must be configured to maintain internal system clocks with a backup authoritative time server.</title><description>&lt;VulnDiscussion&gt;The loss of connectivity to a particular authoritative time source will result in the loss of time synchronization (free-run mode) and increasingly inaccurate time stamps on audit events and other functions. 

Multiple time sources provide redundancy by including a secondary source. Time synchronization is usually a hierarchy; clients synchronize time to a local source while that source synchronizes its time to a more accurate source. The network device must utilize an authoritative time server and/or be configured to use redundant authoritative time sources. This requirement is related to the comparison done in CCI-001891.

DoD-approved solutions consist of a combination of a primary and secondary time source using a combination or multiple instances of the following: a time server designated for the appropriate DoD network (NIPRNet/SIPRNet); United States Naval Observatory (USNO) time servers; and/or the Global Positioning System (GPS). The secondary time source must be located in a different geographic region than the primary time source.&lt;/VulnDiscussion&gt;&lt;FalsePositives&gt;&lt;/FalsePositives&gt;&lt;FalseNegatives&gt;&lt;/FalseNegatives&gt;&lt;Documentable&gt;false&lt;/Documentable&gt;&lt;Mitigations&gt;&lt;/Mitigations&gt;&lt;SeverityOverrideGuidance&gt;&lt;/SeverityOverrideGuidance&gt;&lt;PotentialImpacts&gt;&lt;/PotentialImpacts&gt;&lt;ThirdPartyTools&gt;&lt;/ThirdPartyTools&gt;&lt;MitigationControl&gt;&lt;/MitigationControl&gt;&lt;Responsibility&gt;&lt;/Responsibility&gt;&lt;IAControls&gt;&lt;/IAControls&gt;</description><reference><dc:title>DPMS Target SEL SDN Switch NDM</dc:title><dc:publisher>DISA</dc:publisher><dc:type>DPMS Target</dc:type><dc:subject>SEL SDN Switch NDM</dc:subject><dc:identifier>3383</dc:identifier></reference><ident system="http://iase.disa.mil/cci">CCI-000366</ident><ident system="http://iase.disa.mil/cci">CCI-001893</ident><fixtext fixref="F-98539r1_fix">Configure NTP Servers during node adoption with the following steps:
1. Go to the "configuration object" page and select desired switch.
2. Enter the NTP Server IP addresses in appropriate settings fields for primary and backup NTP server(s).
3. Click "Submit".
4. Create NTP Flows to/from NTP server to/from node.</fixtext><fix id="F-98539r1_fix" /><check system="C-91597r1_chk"><check-content-ref name="M" href="DPMS_XCCDF_Benchmark_SEL-2740S_NDM_STIG.xml" /><check-content>To ensure SEL-2740S NTP servers are configured do the following:
1. Log in with Permission Level 3 rights into parent OTSDN Controller.
2. Go to the "configuration object" page and select the desired switch.
3. Check NTP Server IP addresses in the settings fields that both a primary and backup NTP server is configured.
4. Check NTP flows for the SEL-2740S DUT and additional neighbor devices exist and are correct.

If the SEL-2740S is not configured to maintain internal system clocks with a backup authoritative time server, this is a finding.</check-content></check></Rule></Group><Group id="V-92303"><title>SRG-APP-000412-NDM-000331</title><description>&lt;GroupDescription&gt;&lt;/GroupDescription&gt;</description><Rule id="SV-102391r1_rule" severity="high" weight="10.0"><version>SELS-ND-001180</version><title>The SEL-2740S must be adopted by OTSDN Controllers for secure communication identifiers and initial trust for configuration of remote maintenance and diagnostic communications.</title><description>&lt;VulnDiscussion&gt;This requires the use of secure protocols instead of their unsecured counterparts, such as SSH instead of telnet, SCP instead of FTP, and HTTPS instead of HTTP. If unsecured protocols (lacking cryptographic mechanisms) are used for sessions, the contents of those sessions will be susceptible to eavesdropping, potentially putting sensitive data (including administrator passwords) at risk of compromise and potentially allowing hijacking of maintenance sessions.&lt;/VulnDiscussion&gt;&lt;FalsePositives&gt;&lt;/FalsePositives&gt;&lt;FalseNegatives&gt;&lt;/FalseNegatives&gt;&lt;Documentable&gt;false&lt;/Documentable&gt;&lt;Mitigations&gt;&lt;/Mitigations&gt;&lt;SeverityOverrideGuidance&gt;&lt;/SeverityOverrideGuidance&gt;&lt;PotentialImpacts&gt;&lt;/PotentialImpacts&gt;&lt;ThirdPartyTools&gt;&lt;/ThirdPartyTools&gt;&lt;MitigationControl&gt;&lt;/MitigationControl&gt;&lt;Responsibility&gt;&lt;/Responsibility&gt;&lt;IAControls&gt;&lt;/IAControls&gt;</description><reference><dc:title>DPMS Target SEL SDN Switch NDM</dc:title><dc:publisher>DISA</dc:publisher><dc:type>DPMS Target</dc:type><dc:subject>SEL SDN Switch NDM</dc:subject><dc:identifier>3383</dc:identifier></reference><ident system="http://iase.disa.mil/cci">CCI-003123</ident><fixtext fixref="F-98541r1_fix">To configure the SEL-2740S X.509 certificate for TLS communications, the device needs to be simply adopted by OTSDN controller.
Before adopting, create an SEL-2740S configuration node object. 

To adopt an SEL-2740S do the following:
1. Go to the "Topology" page.
2. Select the SEL-2740S you want to adopt. The Option window shows the SEL-2740S Node Options pane.
3. Select the SEL-2740S configuration node from the "Configuration" setting. The "Adopt Configuration" button is enabled.
4. Click the "Adopt Configuration" button. The Feedback bar displays "Success" to indicate successful application of the configuration node. The adoption process starts.
5. Wait until the alarm contact pulses (about 30 to 60 seconds). After clicking the Adopt button, the process may take a minute or longer to complete depending on the speed of the SEL-5056 host machine. When complete, the selected object becomes adopted, the appropriate ports appear, and the Adoption State is "Adopted".</fixtext><fix id="F-98541r1_fix" /><check system="C-91599r1_chk"><check-content-ref name="M" href="DPMS_XCCDF_Benchmark_SEL-2740S_NDM_STIG.xml" /><check-content>To ensure SEL-2740's credentials and identifiers are accurate, do the following:
1. Log in with Admin rights into parent OTSDN Controller.
2. Download the latest settings for the SEL-2740S device under test (DUT).
3. Go to the "Administration" page.
4. Go to the "X.509 Entries" page.
5. Check that each certificate is necessary, status is valid and reconcile with the parent OTSDN controller(s) for the network.  

If the SEL-2740S is not configured with the proper X.509 certificates or contains unnecessary certificate entries, this is a finding.</check-content></check></Rule></Group><Group id="V-92305"><title>SRG-APP-000435-NDM-000315</title><description>&lt;GroupDescription&gt;&lt;/GroupDescription&gt;</description><Rule id="SV-102393r1_rule" severity="medium" weight="10.0"><version>SELS-ND-001190</version><title>The SEL-2740S must be configured to permit the maintenance and diagnostics communications to specified OTSDN Controller(s).</title><description>&lt;VulnDiscussion&gt;DoS is a condition when a resource is not available for legitimate users. When this occurs, the organization either cannot accomplish its mission or must operate at degraded capacity.

This requirement addresses the configuration of network devices to mitigate the impact of DoS attacks that have occurred or are ongoing on device availability. For each network device, known and potential DoS attacks must be identified and solutions for each type implemented. A variety of technologies exist to limit or, in some cases, eliminate the effects of DoS attacks (e.g., limiting processes or restricting the number of sessions the device opens at one time). Employing increased capacity and bandwidth, combined with service redundancy, may reduce the susceptibility to some DoS attacks.

The security safeguards cannot be defined at the DoD level because they vary according to the capabilities of the individual network devices and the security controls applied on the adjacent networks (e.g., firewalls performing packet filtering to block DoS attacks).&lt;/VulnDiscussion&gt;&lt;FalsePositives&gt;&lt;/FalsePositives&gt;&lt;FalseNegatives&gt;&lt;/FalseNegatives&gt;&lt;Documentable&gt;false&lt;/Documentable&gt;&lt;Mitigations&gt;&lt;/Mitigations&gt;&lt;SeverityOverrideGuidance&gt;&lt;/SeverityOverrideGuidance&gt;&lt;PotentialImpacts&gt;&lt;/PotentialImpacts&gt;&lt;ThirdPartyTools&gt;&lt;/ThirdPartyTools&gt;&lt;MitigationControl&gt;&lt;/MitigationControl&gt;&lt;Responsibility&gt;&lt;/Responsibility&gt;&lt;IAControls&gt;&lt;/IAControls&gt;</description><reference><dc:title>DPMS Target SEL SDN Switch NDM</dc:title><dc:publisher>DISA</dc:publisher><dc:type>DPMS Target</dc:type><dc:subject>SEL SDN Switch NDM</dc:subject><dc:identifier>3383</dc:identifier></reference><ident system="http://iase.disa.mil/cci">CCI-002385</ident><fixtext fixref="F-98543r1_fix">The adoption of SEL-2740S switches when using SEL-5056 flow controller will have saturation protection automatically enabled using flow meters between the switch and the flow controller. To configure this simply adopt the switches using the default flows which rate limit traffic to the flow controller. 
1. Log in to SEL-5056 using Permission Level 3.
2. Confirm all switches are adopted and if not create a configuration object with desired settings and use the new object to adopt the switch.
3. When adoption is complete the flows between the switch and the flow controller use a meter, navigate to the meter page and confirm a new meter was created for that switch and is in the "success" state.</fixtext><fix id="F-98543r1_fix" /><check system="C-91601r1_chk"><check-content-ref name="M" href="DPMS_XCCDF_Benchmark_SEL-2740S_NDM_STIG.xml" /><check-content>To ensure SEL-2740S necessary diagnostics and maintenance communications, do the following:
1. Log in with Permission Level 3 rights into parent OTSDN Controller.
2. Confirm the desired switch is adopted by checking that there is a green solid border around the switch in the UI on the topology page.
3. Click the switch node and then the Device View button.
4. Confirm a new browser page opens for the diagnostic collection of the switch.  

If the SEL-2740S is not successfully talking to the flow controller, this is a finding.</check-content></check></Rule></Group><Group id="V-92307"><title>SRG-APP-000516-NDM-000344</title><description>&lt;GroupDescription&gt;&lt;/GroupDescription&gt;</description><Rule id="SV-102395r1_rule" severity="medium" weight="10.0"><version>SELS-ND-001410</version><title>The SEL-2740S must be adopted by OTSDN Controller(s) and obtain its public key certificates from an appropriate certificate policy through an approved service provider.</title><description>&lt;VulnDiscussion&gt;For user certificates, each organization obtains certificates from an approved, shared service provider, as required by OMB policy. For federal agencies operating a legacy public key infrastructure cross-certified with the Federal Bridge Certification Authority at medium assurance or higher, this Certification Authority will suffice.&lt;/VulnDiscussion&gt;&lt;FalsePositives&gt;&lt;/FalsePositives&gt;&lt;FalseNegatives&gt;&lt;/FalseNegatives&gt;&lt;Documentable&gt;false&lt;/Documentable&gt;&lt;Mitigations&gt;&lt;/Mitigations&gt;&lt;SeverityOverrideGuidance&gt;&lt;/SeverityOverrideGuidance&gt;&lt;PotentialImpacts&gt;&lt;/PotentialImpacts&gt;&lt;ThirdPartyTools&gt;&lt;/ThirdPartyTools&gt;&lt;MitigationControl&gt;&lt;/MitigationControl&gt;&lt;Responsibility&gt;&lt;/Responsibility&gt;&lt;IAControls&gt;&lt;/IAControls&gt;</description><reference><dc:title>DPMS Target SEL SDN Switch NDM</dc:title><dc:publisher>DISA</dc:publisher><dc:type>DPMS Target</dc:type><dc:subject>SEL SDN Switch NDM</dc:subject><dc:identifier>3383</dc:identifier></reference><ident system="http://iase.disa.mil/cci">CCI-000366</ident><ident system="http://iase.disa.mil/cci">CCI-001159</ident><fixtext fixref="F-98545r1_fix">Import a PEM or PFX X.509 Certificate from an approved service provider into the flow controller as the Root CA certificate so the flow controller can use it to generate and commission the SEL-2740S with an accepted chain of trust.  To do this log into the flow controller with security administrator privileges and navigate to the Administration page and then to the X.509 page.  Select Import and use the certificate type CA Cert.</fixtext><fix id="F-98545r1_fix" /><check system="C-91603r1_chk"><check-content-ref name="M" href="DPMS_XCCDF_Benchmark_SEL-2740S_NDM_STIG.xml" /><check-content>Ensure the SEL-2740S X.509 certificate is properly configured on the SEL-2740S by checking the "Certificates" page on the OTSDN Controller.  

If the SEL-2740S public keys were not provided by an approved certificate policy or authority, this is a finding.</check-content></check></Rule></Group><Group id="V-92309"><title>SRG-APP-000516-NDM-000317</title><description>&lt;GroupDescription&gt;&lt;/GroupDescription&gt;</description><Rule id="SV-102397r1_rule" severity="medium" weight="10.0"><version>SELS-ND-001420</version><title>The SEL-2740S must be configured to establish trust relationships with parent OTSDN Controller(s).</title><description>&lt;VulnDiscussion&gt;Machine to machine initial trust must be established between the OTSDN controller and the SEL-2740S for authenticating all communications and configuration thereafter.  Certificates must be created and safely stored.  Backup OTSDN controller trust should also be established and locked down.  Any time that these need to be modified the SEL-2740S must be factory default reset and adoption process must be re-executed.&lt;/VulnDiscussion&gt;&lt;FalsePositives&gt;&lt;/FalsePositives&gt;&lt;FalseNegatives&gt;&lt;/FalseNegatives&gt;&lt;Documentable&gt;false&lt;/Documentable&gt;&lt;Mitigations&gt;&lt;/Mitigations&gt;&lt;SeverityOverrideGuidance&gt;&lt;/SeverityOverrideGuidance&gt;&lt;PotentialImpacts&gt;&lt;/PotentialImpacts&gt;&lt;ThirdPartyTools&gt;&lt;/ThirdPartyTools&gt;&lt;MitigationControl&gt;&lt;/MitigationControl&gt;&lt;Responsibility&gt;&lt;/Responsibility&gt;&lt;IAControls&gt;&lt;/IAControls&gt;</description><reference><dc:title>DPMS Target SEL SDN Switch NDM</dc:title><dc:publisher>DISA</dc:publisher><dc:type>DPMS Target</dc:type><dc:subject>SEL SDN Switch NDM</dc:subject><dc:identifier>3383</dc:identifier></reference><ident system="http://iase.disa.mil/cci">CCI-000803</ident><fixtext fixref="F-98547r1_fix">To configure the SEL-2740S for initial trust and X.509 certificate creation for TLS communications, the device needs to be adopted by OTSDN controller.
Before adopting, create an SEL-2740S configuration node object. 

To adopt an SEL-2740S do the following:
1. Go to the "Topology" page.
2. Select on the SEL-2740S you want to adopt. The "Option" window shows the SEL-2740S "Node Options" pane.
3. Select the SEL-2740S configuration node from the "Configuration" setting. The "Adopt Configuration" button is enabled.
4. Click the "Adopt Configuration" button. The "Feedback" bar displays "Success" to indicate successful application of the configuration node. The adoption process starts.
5. Wait until the alarm contact pulses (about 30 to 60 seconds). After clicking the "Adopt" button, the process may take a minute or longer to complete depending on the speed of the SEL-5056 host machine. When complete, the selected object becomes adopted, the appropriate ports appear, and the Adoption State is "Adopted".</fixtext><fix id="F-98547r1_fix" /><check system="C-91605r1_chk"><check-content-ref name="M" href="DPMS_XCCDF_Benchmark_SEL-2740S_NDM_STIG.xml" /><check-content>Ensure the SEL-2740S is adopted by only the appropriate OTSDN Controller(s) by checking the "Topology" page on the OTSDN Controller for the SEL-2740S under test to ensure it is adopted by the appropriate OTSDN Controller(s).

If the SEL-2740S is adopted by a rogue OTSDN Controller or does not appear as an adopted device in the network, this is a finding.</check-content></check></Rule></Group><Group id="V-92311"><title>SRG-APP-000516-NDM-000317</title><description>&lt;GroupDescription&gt;&lt;/GroupDescription&gt;</description><Rule id="SV-102399r1_rule" severity="medium" weight="10.0"><version>SELS-ND-001430</version><title>The SEL-2740S must be configured to send log data to a syslog server for the purpose of forwarding alerts to the administrators and the ISSO.</title><description>&lt;VulnDiscussion&gt;Once an attacker establishes initial access to a system, the attacker often attempts to create a persistent method of reestablishing access. One way to accomplish this is for the attacker to simply create a new account. Notification of account creation is one method for mitigating this risk. A comprehensive account management process will ensure an audit trail which documents the creation of accounts and notifies administrators and Information System Security Officers (ISSOs). Such a process greatly reduces the risk that accounts will be surreptitiously created and provides logging that can be used for forensic purposes.&lt;/VulnDiscussion&gt;&lt;FalsePositives&gt;&lt;/FalsePositives&gt;&lt;FalseNegatives&gt;&lt;/FalseNegatives&gt;&lt;Documentable&gt;false&lt;/Documentable&gt;&lt;Mitigations&gt;&lt;/Mitigations&gt;&lt;SeverityOverrideGuidance&gt;&lt;/SeverityOverrideGuidance&gt;&lt;PotentialImpacts&gt;&lt;/PotentialImpacts&gt;&lt;ThirdPartyTools&gt;&lt;/ThirdPartyTools&gt;&lt;MitigationControl&gt;&lt;/MitigationControl&gt;&lt;Responsibility&gt;&lt;/Responsibility&gt;&lt;IAControls&gt;&lt;/IAControls&gt;</description><reference><dc:title>DPMS Target SEL SDN Switch NDM</dc:title><dc:publisher>DISA</dc:publisher><dc:type>DPMS Target</dc:type><dc:subject>SEL SDN Switch NDM</dc:subject><dc:identifier>3383</dc:identifier></reference><ident system="http://iase.disa.mil/cci">CCI-000366</ident><fixtext fixref="F-98549r1_fix">To configure the SEL-2740S to send logs to Syslog servers do the following:
1. Log in with Permission Level 3 right into parent OTSDN Controller.
2. Go to the "Configuration Objects" settings page and select the desired switch for SEL-2740S node.
3. Insert the Syslog log service and configure the settings with the desired Server IP addresses into the Syslog settings fields.
4. Create the flow rules necessary for Syslog.</fixtext><fix id="F-98549r1_fix" /><check system="C-91607r1_chk"><check-content-ref name="M" href="DPMS_XCCDF_Benchmark_SEL-2740S_NDM_STIG.xml" /><check-content>To ensure SEL-2740S Syslog servers are configured do the following:
1. Log in with Permission Level 3 rights into parent OTSDN Controller.
2. Download the latest settings for the SEL-2740S device under test (DUT).
3. Go to the "Configuration Object" page and select the desired switch node.
4. Check the log services settings and confirm the desired Syslog Server IP addresses and severity levels are in the settings fields.
5. Check Syslog flows exist and are accurate for the SEL-2740S DUT and additional neighbor devices' flows exist and are correct.

If the SEL-2740S is not configured with Syslog server entries to ensure auditability, this is a finding.</check-content></check></Rule></Group><Group id="V-94589"><title>SRG-APP-000395-NDM-000347</title><description>&lt;GroupDescription&gt;&lt;/GroupDescription&gt;</description><Rule id="SV-104419r2_rule" severity="medium" weight="10.0"><version>SELS-ND-001025</version><title>The SEL-2740S must authenticate Network Time Protocol sources using authentication that is cryptographically based.</title><description>&lt;VulnDiscussion&gt;If Network Time Protocol is not authenticated, an attacker can introduce a rogue NTP server. This rogue server can then be used to send incorrect time information to network devices, which will make log timestamps inaccurate and affect scheduled actions. NTP authentication is used to prevent this tampering by authenticating the time source.&lt;/VulnDiscussion&gt;&lt;FalsePositives&gt;&lt;/FalsePositives&gt;&lt;FalseNegatives&gt;&lt;/FalseNegatives&gt;&lt;Documentable&gt;false&lt;/Documentable&gt;&lt;Mitigations&gt;&lt;/Mitigations&gt;&lt;SeverityOverrideGuidance&gt;&lt;/SeverityOverrideGuidance&gt;&lt;PotentialImpacts&gt;&lt;/PotentialImpacts&gt;&lt;ThirdPartyTools&gt;&lt;/ThirdPartyTools&gt;&lt;MitigationControl&gt;&lt;/MitigationControl&gt;&lt;Responsibility&gt;&lt;/Responsibility&gt;&lt;IAControls&gt;&lt;/IAControls&gt;</description><reference><dc:title>DPMS Target SEL SDN Switch NDM</dc:title><dc:publisher>DISA</dc:publisher><dc:type>DPMS Target</dc:type><dc:subject>SEL SDN Switch NDM</dc:subject><dc:identifier>3383</dc:identifier></reference><ident system="http://iase.disa.mil/cci">CCI-001967</ident><fixtext fixref="F-100707r1_fix">Deploy the NTP server within the private network. Provision both the physical path and redundant path between the switch and NTP server to ensure NTP packets only traverse the private network. Use multilayer packet inspection at each hop of the switches to whitelist only the intended NTP clients and server can communicate to each other.</fixtext><fix id="F-100707r1_fix" /><check system="C-93779r1_chk"><check-content-ref name="M" href="DPMS_XCCDF_Benchmark_SEL-2740S_NDM_STIG.xml" /><check-content>Verify NTP packets only traverse on the private network by traffic engineering both the physical path and redundant path between switch and NTP server.

1. Login to the OTSDN Controller with permission Level 3 rights into parent.
2. Go to the Configuration Objects settings page.
3. Review the NTP Server IP addresses in the settings fields.

If the IP addresses are not within the private network, this is a finding.</check-content></check></Rule></Group><Group id="V-94591"><title>SRG-APP-000516-NDM-000342</title><description>&lt;GroupDescription&gt;&lt;/GroupDescription&gt;</description><Rule id="SV-104421r2_rule" severity="medium" weight="10.0"><version>SELS-ND-001400</version><title>The SEL-2740S must employ automated mechanisms to assist in the tracking of security incidents.</title><description>&lt;VulnDiscussion&gt;Despite the investment in perimeter defense technologies, enclaves are still faced with detecting, analyzing, and remediating network breaches and exploits that have made it past the network device. An automated incident response infrastructure allows network operations to immediately react to incidents by identifying, analyzing, and mitigating any network device compromise. Incident response teams can perform root cause analysis, determine how the exploit proliferated, and identify all affected nodes, as well as contain and eliminate the threat.

The network device assists in the tracking of security incidents by logging detected security events. The audit log and network device application logs capture different types of events. The audit log tracks audit events occurring on the components of the network device. The application log tracks the results of the network device content filtering function. These logs must be aggregated into a centralized server and can be used as part of the organization's security incident tracking and analysis.&lt;/VulnDiscussion&gt;&lt;FalsePositives&gt;&lt;/FalsePositives&gt;&lt;FalseNegatives&gt;&lt;/FalseNegatives&gt;&lt;Documentable&gt;false&lt;/Documentable&gt;&lt;Mitigations&gt;&lt;/Mitigations&gt;&lt;SeverityOverrideGuidance&gt;&lt;/SeverityOverrideGuidance&gt;&lt;PotentialImpacts&gt;&lt;/PotentialImpacts&gt;&lt;ThirdPartyTools&gt;&lt;/ThirdPartyTools&gt;&lt;MitigationControl&gt;&lt;/MitigationControl&gt;&lt;Responsibility&gt;&lt;/Responsibility&gt;&lt;IAControls&gt;&lt;/IAControls&gt;</description><reference><dc:title>DPMS Target SEL SDN Switch NDM</dc:title><dc:publisher>DISA</dc:publisher><dc:type>DPMS Target</dc:type><dc:subject>SEL SDN Switch NDM</dc:subject><dc:identifier>3383</dc:identifier></reference><ident system="http://iase.disa.mil/cci">CCI-000366</ident><ident system="http://iase.disa.mil/cci">CCI-000833</ident><fixtext fixref="F-100709r1_fix">To configure the SEL-2740S to send logs to Syslog servers do the following:

1. Login with Permission Level 3 right into parent OTSDN Controller.
2. Go to the Configuration Objects settings page and select the desired switch.
3. Insert the Syslog log service and configure the settings with the desired IP addresses into the syslog settings fields.
4. Create the flow rules necessary for syslog.</fixtext><fix id="F-100709r1_fix" /><check system="C-93781r1_chk"><check-content-ref name="M" href="DPMS_XCCDF_Benchmark_SEL-2740S_NDM_STIG.xml" /><check-content>Verify that the switch is configured to use a syslog server for the purpose of forwarding alerts to the administrators and the ISSO.

1. Login with Permission Level 3 into the OTSDN Controller.
2. Go to the Configuration Object page and select the subject switch node.
3. Check the log services settings and confirm hat a syslog server IP address is in the settings fields.

If the SEL-2740S is not configured to use a syslog server, this is a finding.</check-content></check></Rule></Group></Benchmark>