<?xml version="1.0" encoding="utf-8"?><?xml-stylesheet type='text/xsl' href='STIG_unclass.xsl'?><Benchmark xmlns:dc="http://purl.org/dc/elements/1.1/" xmlns:xsi="http://www.w3.org/2001/XMLSchema-instance" xmlns:cpe="http://cpe.mitre.org/language/2.0" xmlns:xhtml="http://www.w3.org/1999/xhtml" xmlns:dsig="http://www.w3.org/2000/09/xmldsig#" xsi:schemaLocation="http://checklists.nist.gov/xccdf/1.1 http://nvd.nist.gov/schema/xccdf-1.1.4.xsd http://cpe.mitre.org/dictionary/2.0 http://cpe.mitre.org/files/cpe-dictionary_2.1.xsd" id="F5_BIG-IP_Access_Policy_Manager_11-x_STIG" xml:lang="en" xmlns="http://checklists.nist.gov/xccdf/1.1"><status date="2023-11-08">accepted</status><title>F5 BIG-IP Access Policy Manager 11.x Security Technical Implementation Guide</title><description>This Security Technical Implementation Guide is published as a tool to improve the security of Department of Defense (DOD) information systems. The requirements are derived from the National Institute of Standards and Technology (NIST) 800-53 and related documents. Comments or proposed revisions to this document should be sent via email to the following address: disa.stig_spt@mail.mil.</description><notice id="terms-of-use" xml:lang="en"></notice><front-matter xml:lang="en"></front-matter><rear-matter xml:lang="en"></rear-matter><reference href="https://cyber.mil"><dc:publisher>DISA</dc:publisher><dc:source>STIG.DOD.MIL</dc:source></reference><plain-text id="release-info">Release: 2 Benchmark Date: 27 Nov 2023</plain-text><plain-text id="generator">3.4.1.22916</plain-text><plain-text id="conventionsVersion">1.10.0</plain-text><version>2</version><Profile id="MAC-1_Classified"><title>I - Mission Critical Classified</title><description>&lt;ProfileDescription&gt;&lt;/ProfileDescription&gt;</description><select idref="V-215714" selected="true" /><select idref="V-215715" selected="true" /><select idref="V-215716" selected="true" /><select idref="V-215717" selected="true" /><select idref="V-215718" selected="true" /><select idref="V-215719" selected="true" /><select idref="V-215720" selected="true" /><select idref="V-215721" selected="true" /><select idref="V-215722" selected="true" /><select idref="V-215723" selected="true" /><select idref="V-215726" selected="true" /><select idref="V-215727" selected="true" /><select idref="V-215728" selected="true" /><select idref="V-215729" selected="true" /><select idref="V-215735" selected="true" /><select idref="V-215736" selected="true" /><select idref="V-230211" selected="true" /><select idref="V-230212" selected="true" /><select idref="V-259330" selected="true" /></Profile><Profile id="MAC-1_Public"><title>I - Mission Critical Public</title><description>&lt;ProfileDescription&gt;&lt;/ProfileDescription&gt;</description><select idref="V-215714" selected="true" /><select idref="V-215715" selected="true" /><select idref="V-215716" selected="true" /><select idref="V-215717" selected="true" /><select idref="V-215718" selected="true" /><select idref="V-215719" selected="true" /><select idref="V-215720" selected="true" /><select idref="V-215721" selected="true" /><select idref="V-215722" selected="true" /><select idref="V-215723" selected="true" /><select idref="V-215726" selected="true" /><select idref="V-215727" selected="true" /><select idref="V-215728" selected="true" /><select idref="V-215729" selected="true" /><select idref="V-215735" selected="true" /><select idref="V-215736" selected="true" /><select idref="V-230211" selected="true" /><select idref="V-230212" selected="true" /><select idref="V-259330" selected="true" /></Profile><Profile id="MAC-1_Sensitive"><title>I - Mission Critical Sensitive</title><description>&lt;ProfileDescription&gt;&lt;/ProfileDescription&gt;</description><select idref="V-215714" selected="true" /><select idref="V-215715" selected="true" /><select idref="V-215716" selected="true" /><select idref="V-215717" selected="true" /><select idref="V-215718" selected="true" /><select idref="V-215719" selected="true" /><select idref="V-215720" selected="true" /><select idref="V-215721" selected="true" /><select idref="V-215722" selected="true" /><select idref="V-215723" selected="true" /><select idref="V-215726" selected="true" /><select idref="V-215727" selected="true" /><select idref="V-215728" selected="true" /><select idref="V-215729" selected="true" /><select idref="V-215735" selected="true" /><select idref="V-215736" selected="true" /><select idref="V-230211" selected="true" /><select idref="V-230212" selected="true" /><select idref="V-259330" selected="true" /></Profile><Profile id="MAC-2_Classified"><title>II - Mission Support Classified</title><description>&lt;ProfileDescription&gt;&lt;/ProfileDescription&gt;</description><select idref="V-215714" selected="true" /><select idref="V-215715" selected="true" /><select idref="V-215716" selected="true" /><select idref="V-215717" selected="true" /><select idref="V-215718" selected="true" /><select idref="V-215719" selected="true" /><select idref="V-215720" selected="true" /><select idref="V-215721" selected="true" /><select idref="V-215722" selected="true" /><select idref="V-215723" selected="true" /><select idref="V-215726" selected="true" /><select idref="V-215727" selected="true" /><select idref="V-215728" selected="true" /><select idref="V-215729" selected="true" /><select idref="V-215735" selected="true" /><select idref="V-215736" selected="true" /><select idref="V-230211" selected="true" /><select idref="V-230212" selected="true" /><select idref="V-259330" selected="true" /></Profile><Profile id="MAC-2_Public"><title>II - Mission Support Public</title><description>&lt;ProfileDescription&gt;&lt;/ProfileDescription&gt;</description><select idref="V-215714" selected="true" /><select idref="V-215715" selected="true" /><select idref="V-215716" selected="true" /><select idref="V-215717" selected="true" /><select idref="V-215718" selected="true" /><select idref="V-215719" selected="true" /><select idref="V-215720" selected="true" /><select idref="V-215721" selected="true" /><select idref="V-215722" selected="true" /><select idref="V-215723" selected="true" /><select idref="V-215726" selected="true" /><select idref="V-215727" selected="true" /><select idref="V-215728" selected="true" /><select idref="V-215729" selected="true" /><select idref="V-215735" selected="true" /><select idref="V-215736" selected="true" /><select idref="V-230211" selected="true" /><select idref="V-230212" selected="true" /><select idref="V-259330" selected="true" /></Profile><Profile id="MAC-2_Sensitive"><title>II - Mission Support Sensitive</title><description>&lt;ProfileDescription&gt;&lt;/ProfileDescription&gt;</description><select idref="V-215714" selected="true" /><select idref="V-215715" selected="true" /><select idref="V-215716" selected="true" /><select idref="V-215717" selected="true" /><select idref="V-215718" selected="true" /><select idref="V-215719" selected="true" /><select idref="V-215720" selected="true" /><select idref="V-215721" selected="true" /><select idref="V-215722" selected="true" /><select idref="V-215723" selected="true" /><select idref="V-215726" selected="true" /><select idref="V-215727" selected="true" /><select idref="V-215728" selected="true" /><select idref="V-215729" selected="true" /><select idref="V-215735" selected="true" /><select idref="V-215736" selected="true" /><select idref="V-230211" selected="true" /><select idref="V-230212" selected="true" /><select idref="V-259330" selected="true" /></Profile><Profile id="MAC-3_Classified"><title>III - Administrative Classified</title><description>&lt;ProfileDescription&gt;&lt;/ProfileDescription&gt;</description><select idref="V-215714" selected="true" /><select idref="V-215715" selected="true" /><select idref="V-215716" selected="true" /><select idref="V-215717" selected="true" /><select idref="V-215718" selected="true" /><select idref="V-215719" selected="true" /><select idref="V-215720" selected="true" /><select idref="V-215721" selected="true" /><select idref="V-215722" selected="true" /><select idref="V-215723" selected="true" /><select idref="V-215726" selected="true" /><select idref="V-215727" selected="true" /><select idref="V-215728" selected="true" /><select idref="V-215729" selected="true" /><select idref="V-215735" selected="true" /><select idref="V-215736" selected="true" /><select idref="V-230211" selected="true" /><select idref="V-230212" selected="true" /><select idref="V-259330" selected="true" /></Profile><Profile id="MAC-3_Public"><title>III - Administrative Public</title><description>&lt;ProfileDescription&gt;&lt;/ProfileDescription&gt;</description><select idref="V-215714" selected="true" /><select idref="V-215715" selected="true" /><select idref="V-215716" selected="true" /><select idref="V-215717" selected="true" /><select idref="V-215718" selected="true" /><select idref="V-215719" selected="true" /><select idref="V-215720" selected="true" /><select idref="V-215721" selected="true" /><select idref="V-215722" selected="true" /><select idref="V-215723" selected="true" /><select idref="V-215726" selected="true" /><select idref="V-215727" selected="true" /><select idref="V-215728" selected="true" /><select idref="V-215729" selected="true" /><select idref="V-215735" selected="true" /><select idref="V-215736" selected="true" /><select idref="V-230211" selected="true" /><select idref="V-230212" selected="true" /><select idref="V-259330" selected="true" /></Profile><Profile id="MAC-3_Sensitive"><title>III - Administrative Sensitive</title><description>&lt;ProfileDescription&gt;&lt;/ProfileDescription&gt;</description><select idref="V-215714" selected="true" /><select idref="V-215715" selected="true" /><select idref="V-215716" selected="true" /><select idref="V-215717" selected="true" /><select idref="V-215718" selected="true" /><select idref="V-215719" selected="true" /><select idref="V-215720" selected="true" /><select idref="V-215721" selected="true" /><select idref="V-215722" selected="true" /><select idref="V-215723" selected="true" /><select idref="V-215726" selected="true" /><select idref="V-215727" selected="true" /><select idref="V-215728" selected="true" /><select idref="V-215729" selected="true" /><select idref="V-215735" selected="true" /><select idref="V-215736" selected="true" /><select idref="V-230211" selected="true" /><select idref="V-230212" selected="true" /><select idref="V-259330" selected="true" /></Profile><Group id="V-215714"><title>SRG-NET-000015-ALG-000016</title><description>&lt;GroupDescription&gt;&lt;/GroupDescription&gt;</description><Rule id="SV-215714r557355_rule" weight="10.0" severity="medium"><version>F5BI-AP-000003</version><title>The BIG-IP APM module must enforce approved authorizations for logical access to information and system resources by employing identity-based, role-based, and/or attribute-based security policies.</title><description>&lt;VulnDiscussion&gt;Successful authentication must not automatically give an entity access to an asset or security boundary. The lack of authorization-based access control could result in the immediate compromise and unauthorized access to sensitive information. All DoD systems must be properly configured to incorporate access control methods that do not rely solely on authentication for authorized access.

Authorization is the process of determining whether an entity, once authenticated, is permitted to access a specific asset. Information systems use access control policies and enforcement mechanisms to implement this requirement. Authorization procedures and controls must be implemented to ensure each authenticated entity also has a validated and current authorization.

Access control policies include identity-based policies, role-based policies, and attribute-based policies. Access enforcement mechanisms include access control lists, access control matrices, and cryptography. ALGs must use these policies and mechanisms to control access on behalf of the application for which it is acting as intermediary.&lt;/VulnDiscussion&gt;&lt;FalsePositives&gt;&lt;/FalsePositives&gt;&lt;FalseNegatives&gt;&lt;/FalseNegatives&gt;&lt;Documentable&gt;false&lt;/Documentable&gt;&lt;Mitigations&gt;&lt;/Mitigations&gt;&lt;SeverityOverrideGuidance&gt;&lt;/SeverityOverrideGuidance&gt;&lt;PotentialImpacts&gt;&lt;/PotentialImpacts&gt;&lt;ThirdPartyTools&gt;&lt;/ThirdPartyTools&gt;&lt;MitigationControl&gt;&lt;/MitigationControl&gt;&lt;Responsibility&gt;&lt;/Responsibility&gt;&lt;IAControls&gt;&lt;/IAControls&gt;</description><reference><dc:title>DPMS Target F5 BIG-IP Access Policy Manager 11.x</dc:title><dc:publisher>DISA</dc:publisher><dc:type>DPMS Target</dc:type><dc:subject>F5 BIG-IP Access Policy Manager 11.x</dc:subject><dc:identifier>4018</dc:identifier></reference><ident system="http://cyber.mil/legacy">V-59929</ident><ident system="http://cyber.mil/legacy">SV-74359</ident><ident system="http://cyber.mil/cci">CCI-000213</ident><fixtext fixref="F-16905r290389_fix">If user access control intermediary services are provided  as part of the traffic management functions of the BIG-IP Core, configure the BIG-IP APM module to enforce approved authorizations for logical access to information and system resources by employing identity-based, role-based, and/or attribute-based security policies.</fixtext><fix id="F-16905r290389_fix" /><check system="C-16907r290388_chk"><check-content-ref href="U_F5_BIG-IP_Access_Policy_Manager_11-x_STIG.xml" name="M" /><check-content>If the BIG-IP APM module does not provide user access control intermediary services  as part of the traffic management functions of the BIG-IP Core, this is not applicable.

Verify the BIG-IP APM module is configured to enforce approved authorizations for logical access to information and system resources by employing identity-based, role-based, and/or attribute-based security policies.

Navigate to the BIG-IP System manager &gt;&gt; Access Policy &gt;&gt; Access Profiles &gt;&gt; Access Profiles List.

Review Access Policy Profiles to verify configuration for authorization by employing identity-based, role-based, and/or attribute-based security policies.

If the BIG-IP APM is not configured to enforce approved authorizations for logical access to information and system resources by employing identity-based, role-based, and/or attribute-based security policies, this is a finding.</check-content></check></Rule></Group><Group id="V-215715"><title>SRG-NET-000041-ALG-000022</title><description>&lt;GroupDescription&gt;&lt;/GroupDescription&gt;</description><Rule id="SV-215715r557355_rule" weight="10.0" severity="low"><version>F5BI-AP-000023</version><title>The BIG-IP APM module must display the Standard Mandatory DoD-approved Notice and Consent Banner before granting access to virtual servers.</title><description>&lt;VulnDiscussion&gt;Display of a standardized and approved use notification before granting access to the network ensures privacy and security notification verbiage used is consistent with applicable federal laws, Executive Orders, directives, policies, regulations, standards, and guidance.

System use notifications are required only for access via logon interfaces with human users and are not required when such human interfaces do not exist. This requirement applies to network elements that have the concept of a user account and have the logon function residing on the network element.

The banner must be formatted in accordance with DTM-08-060. Use the following verbiage for network elements that can accommodate banners of 1300 characters:

"You are accessing a U.S. Government (USG) Information System (IS) that is provided for USG-authorized use only.

By using this IS (which includes any device attached to this IS), you consent to the following conditions:

-The USG routinely intercepts and monitors communications on this IS for purposes including, but not limited to, penetration testing, COMSEC monitoring, network operations and defense, personnel misconduct (PM), law enforcement (LE), and counterintelligence (CI) investigations.

-At any time, the USG may inspect and seize data stored on this IS.

-Communications using, or data stored on, this IS are not private, are subject to routine monitoring, interception, and search, and may be disclosed or used for any USG-authorized purpose.

-This IS includes security measures (e.g., authentication and access controls) to protect USG interests--not for your personal benefit or privacy.

-Notwithstanding the above, using this IS does not constitute consent to PM, LE or CI investigative searching or monitoring of the content of privileged communications, or work product, related to personal representation or services by attorneys, psychotherapists, or clergy, and their assistants. Such communications and work product are private and confidential. See User Agreement for details."

Use the following verbiage for operating systems that have severe limitations on the number of characters that can be displayed in the banner:

"I've read &amp; consent to terms in IS user agreem't."

This policy only applies to ALGs (e.g., identity management or authentication gateways) that provide user account services as part of the intermediary services.&lt;/VulnDiscussion&gt;&lt;FalsePositives&gt;&lt;/FalsePositives&gt;&lt;FalseNegatives&gt;&lt;/FalseNegatives&gt;&lt;Documentable&gt;false&lt;/Documentable&gt;&lt;Mitigations&gt;&lt;/Mitigations&gt;&lt;SeverityOverrideGuidance&gt;&lt;/SeverityOverrideGuidance&gt;&lt;PotentialImpacts&gt;&lt;/PotentialImpacts&gt;&lt;ThirdPartyTools&gt;&lt;/ThirdPartyTools&gt;&lt;MitigationControl&gt;&lt;/MitigationControl&gt;&lt;Responsibility&gt;&lt;/Responsibility&gt;&lt;IAControls&gt;&lt;/IAControls&gt;</description><reference><dc:title>DPMS Target F5 BIG-IP Access Policy Manager 11.x</dc:title><dc:publisher>DISA</dc:publisher><dc:type>DPMS Target</dc:type><dc:subject>F5 BIG-IP Access Policy Manager 11.x</dc:subject><dc:identifier>4018</dc:identifier></reference><ident system="http://cyber.mil/legacy">V-59931</ident><ident system="http://cyber.mil/legacy">SV-74361</ident><ident system="http://cyber.mil/cci">CCI-000048</ident><fixtext fixref="F-16906r290392_fix">If user access control intermediary services are provided  as part of the traffic management functions of the BIG-IP Core, configure an access policy in the BIG-IP APM module to display the Standard Mandatory DoD-approved Notice and Consent Banner before granting access to virtual servers.</fixtext><fix id="F-16906r290392_fix" /><check system="C-16908r290391_chk"><check-content-ref href="U_F5_BIG-IP_Access_Policy_Manager_11-x_STIG.xml" name="M" /><check-content>If the BIG-IP APM module does not provide user access control intermediary services  as part of the traffic management functions of the BIG-IP Core, this is not applicable.

Verify the BIG-IP APM module is configured to display the Standard Mandatory DoD-approved Notice and Consent Banner before granting access to virtual servers.

Navigate to the BIG-IP System manager &gt;&gt; Access Policy &gt;&gt; Access Profiles.

Click "Edit..." in the "Access Policy" column for an Access Profile used for granting access.

Verify the Access Profile is configured to display the Standard Mandatory DoD-approved Notice and Consent Banner before granting access.

If the BIG-IP APM module is not configured to display the Standard Mandatory DoD-approved Notice and Consent Banner before granting access to the virtual servers, this is a finding.</check-content></check></Rule></Group><Group id="V-215716"><title>SRG-NET-000042-ALG-000023</title><description>&lt;GroupDescription&gt;&lt;/GroupDescription&gt;</description><Rule id="SV-215716r557355_rule" weight="10.0" severity="low"><version>F5BI-AP-000025</version><title>The BIG-IP APM module must retain the Standard Mandatory DoD-approved Notice and Consent Banner on the screen until users accessing virtual servers acknowledge the usage conditions and take explicit actions to log on for further access.</title><description>&lt;VulnDiscussion&gt;The banner must be acknowledged by the user prior to allowing the user access to the network. This provides assurance that the user has seen the message and accepted the conditions for access. If the consent banner is not acknowledged by the user, DoD will not be in compliance with system use notifications required by law.

To establish acceptance of the application usage policy, a click-through banner at application logon is required. The network element must prevent further activity until the user executes a positive action to manifest agreement by clicking on a box indicating "OK".

This policy only applies to gateways (e.g., identity management or authentication gateways) that provide user account services as part of the intermediary services.&lt;/VulnDiscussion&gt;&lt;FalsePositives&gt;&lt;/FalsePositives&gt;&lt;FalseNegatives&gt;&lt;/FalseNegatives&gt;&lt;Documentable&gt;false&lt;/Documentable&gt;&lt;Mitigations&gt;&lt;/Mitigations&gt;&lt;SeverityOverrideGuidance&gt;&lt;/SeverityOverrideGuidance&gt;&lt;PotentialImpacts&gt;&lt;/PotentialImpacts&gt;&lt;ThirdPartyTools&gt;&lt;/ThirdPartyTools&gt;&lt;MitigationControl&gt;&lt;/MitigationControl&gt;&lt;Responsibility&gt;&lt;/Responsibility&gt;&lt;IAControls&gt;&lt;/IAControls&gt;</description><reference><dc:title>DPMS Target F5 BIG-IP Access Policy Manager 11.x</dc:title><dc:publisher>DISA</dc:publisher><dc:type>DPMS Target</dc:type><dc:subject>F5 BIG-IP Access Policy Manager 11.x</dc:subject><dc:identifier>4018</dc:identifier></reference><ident system="http://cyber.mil/legacy">SV-74363</ident><ident system="http://cyber.mil/legacy">V-59933</ident><ident system="http://cyber.mil/cci">CCI-000050</ident><fixtext fixref="F-16907r290395_fix">If user access control intermediary services are provided, configure an access policy in the BIG-IP APM module to retain the Standard Mandatory DoD-approved Notice and Consent Banner on the screen until users acknowledge the usage conditions and take explicit actions to log on for further access.</fixtext><fix id="F-16907r290395_fix" /><check system="C-16909r290394_chk"><check-content-ref href="U_F5_BIG-IP_Access_Policy_Manager_11-x_STIG.xml" name="M" /><check-content>If the BIG-IP APM module does not provide user access control intermediary services, this is not applicable.

Verify the BIG-IP APM module is configured to retain the Standard Mandatory DoD-approved Notice and Consent Banner on the screen until users acknowledge the usage conditions and takes explicit actions to log on for further access.

Navigate to the BIG-IP System manager &gt;&gt; Access Policy &gt;&gt; Access Profiles.

Click "Edit..." in the "Access Policy" column for an Access Profile used for granting access.

Verify the Access Profile is configured to retain the Standard Mandatory DoD-approved Notice and Consent Banner on the screen until users accessing virtual servers acknowledge the usage conditions and take explicit actions to log on for further access.

If the BIG-IP APM module is not configured to retain the Standard Mandatory DoD-approved Notice and Consent Banner on the screen until users acknowledge the usage conditions and take explicit actions to log on for further access, this is a finding.</check-content></check></Rule></Group><Group id="V-215717"><title>SRG-NET-000043-ALG-000024</title><description>&lt;GroupDescription&gt;&lt;/GroupDescription&gt;</description><Rule id="SV-215717r557355_rule" weight="10.0" severity="low"><version>F5BI-AP-000027</version><title>The BIG-IP APM module must display the Standard Mandatory DoD-approved Notice and Consent Banner before granting access to publicly accessible applications.</title><description>&lt;VulnDiscussion&gt;Display of a standardized and approved use notification before granting access to the publicly accessible network element ensures privacy and security notification verbiage used is consistent with applicable federal laws, Executive Orders, directives, policies, regulations, standards, and guidance.

System use notifications are required only for access via logon interfaces with human users and are not required when such human interfaces do not exist. This requirement applies to network elements that have the concept of a user account and have the logon function residing on the network element.

The banner must be formatted in accordance with DTM-08-060. Use the following verbiage for network elements that can accommodate banners of 1300 characters:

"You are accessing a U.S. Government (USG) Information System (IS) that is provided for USG-authorized use only.

By using this IS (which includes any device attached to this IS), you consent to the following conditions:

-The USG routinely intercepts and monitors communications on this IS for purposes including, but not limited to, penetration testing, COMSEC monitoring, network operations and defense, personnel misconduct (PM), law enforcement (LE), and counterintelligence (CI) investigations.

-At any time, the USG may inspect and seize data stored on this IS.

-Communications using, or data stored on, this IS are not private, are subject to routine monitoring, interception, and search, and may be disclosed or used for any USG-authorized purpose.

-This IS includes security measures (e.g., authentication and access controls) to protect USG interests--not for your personal benefit or privacy.

-Notwithstanding the above, using this IS does not constitute consent to PM, LE or CI investigative searching or monitoring of the content of privileged communications, or work product, related to personal representation or services by attorneys, psychotherapists, or clergy, and their assistants. Such communications and work product are private and confidential. See User Agreement for details."

Use the following verbiage for operating systems that have severe limitations on the number of characters that can be displayed in the banner:

"I've read &amp; consent to terms in IS user agreem't."

This policy only applies to gateways (e.g., identity management or authentication gateways) that provide user account services as part of the intermediary services off-loaded from the application. Publicly access systems are used in DoD to provide benefit information, pay information, or public services. There may also be self-registration and authorization services provided by these gateways.&lt;/VulnDiscussion&gt;&lt;FalsePositives&gt;&lt;/FalsePositives&gt;&lt;FalseNegatives&gt;&lt;/FalseNegatives&gt;&lt;Documentable&gt;false&lt;/Documentable&gt;&lt;Mitigations&gt;&lt;/Mitigations&gt;&lt;SeverityOverrideGuidance&gt;&lt;/SeverityOverrideGuidance&gt;&lt;PotentialImpacts&gt;&lt;/PotentialImpacts&gt;&lt;ThirdPartyTools&gt;&lt;/ThirdPartyTools&gt;&lt;MitigationControl&gt;&lt;/MitigationControl&gt;&lt;Responsibility&gt;&lt;/Responsibility&gt;&lt;IAControls&gt;&lt;/IAControls&gt;</description><reference><dc:title>DPMS Target F5 BIG-IP Access Policy Manager 11.x</dc:title><dc:publisher>DISA</dc:publisher><dc:type>DPMS Target</dc:type><dc:subject>F5 BIG-IP Access Policy Manager 11.x</dc:subject><dc:identifier>4018</dc:identifier></reference><ident system="http://cyber.mil/legacy">V-60025</ident><ident system="http://cyber.mil/legacy">SV-74455</ident><ident system="http://cyber.mil/cci">CCI-001384</ident><ident system="http://cyber.mil/cci">CCI-001385</ident><ident system="http://cyber.mil/cci">CCI-001386</ident><ident system="http://cyber.mil/cci">CCI-001387</ident><ident system="http://cyber.mil/cci">CCI-001388</ident><fixtext fixref="F-16908r290398_fix">If user access control intermediary services are provided, configure an access policy in the BIG-IP APM module to display the Standard Mandatory DoD-approved Notice and Consent Banner before granting access to publicly accessible applications.</fixtext><fix id="F-16908r290398_fix" /><check system="C-16910r290397_chk"><check-content-ref href="U_F5_BIG-IP_Access_Policy_Manager_11-x_STIG.xml" name="M" /><check-content>If the BIG-IP APM module does not provide user access control intermediary services, this is not applicable.

Verify the BIG-IP APM module is configured to display the Standard Mandatory DoD-approved Notice and Consent Banner before granting access to publicly accessible applications.

Navigate to the BIG-IP System manager &gt;&gt; Access Policy &gt;&gt; Access Profiles.

Click "Edit..." in the "Access Policy" column for an Access Profile used for granting access.

Verify the Access Profile is configured to display the Standard Mandatory DoD-approved Notice and Consent Banner before granting access to publicly accessible applications.

If the BIG-IP APM module is not configured to display the Standard Mandatory DoD-approved Notice and Consent Banner before granting access to publicly accessible applications, this is a finding.</check-content></check></Rule></Group><Group id="V-215718"><title>SRG-NET-000138-ALG-000063</title><description>&lt;GroupDescription&gt;&lt;/GroupDescription&gt;</description><Rule id="SV-215718r557355_rule" weight="10.0" severity="medium"><version>F5BI-AP-000073</version><title>The BIG-IP APM module must uniquely identify and authenticate organizational users (or processes acting on behalf of organizational users) when connecting to virtual servers.</title><description>&lt;VulnDiscussion&gt;To assure accountability and prevent unauthenticated access, organizational users must be identified and authenticated to prevent potential misuse and compromise of the system.

Organizational users include organizational employees or individuals the organization deems to have equivalent status of employees (e.g., contractors). Organizational users (and any processes acting on behalf of users) must be uniquely identified and authenticated for all accesses except the following:

1) Accesses explicitly identified and documented by the organization. Organizations document specific user actions that can be performed on the information system without identification or authentication; and

2) Accesses that occur through authorized use of group authenticators without individual authentication. Organizations may require unique identification of individuals in group accounts (e.g., shared privilege accounts) or for detailed accountability of individual activity.

This requirement applies to ALGs that provide user proxy services, including identification and authentication. This service must use the site's directory service (e.g., Active Directory). Directory services must not be installed onto the gateway.&lt;/VulnDiscussion&gt;&lt;FalsePositives&gt;&lt;/FalsePositives&gt;&lt;FalseNegatives&gt;&lt;/FalseNegatives&gt;&lt;Documentable&gt;false&lt;/Documentable&gt;&lt;Mitigations&gt;&lt;/Mitigations&gt;&lt;SeverityOverrideGuidance&gt;&lt;/SeverityOverrideGuidance&gt;&lt;PotentialImpacts&gt;&lt;/PotentialImpacts&gt;&lt;ThirdPartyTools&gt;&lt;/ThirdPartyTools&gt;&lt;MitigationControl&gt;&lt;/MitigationControl&gt;&lt;Responsibility&gt;&lt;/Responsibility&gt;&lt;IAControls&gt;&lt;/IAControls&gt;</description><reference><dc:title>DPMS Target F5 BIG-IP Access Policy Manager 11.x</dc:title><dc:publisher>DISA</dc:publisher><dc:type>DPMS Target</dc:type><dc:subject>F5 BIG-IP Access Policy Manager 11.x</dc:subject><dc:identifier>4018</dc:identifier></reference><ident system="http://cyber.mil/legacy">SV-74457</ident><ident system="http://cyber.mil/legacy">V-60027</ident><ident system="http://cyber.mil/cci">CCI-000764</ident><fixtext fixref="F-16909r290401_fix">If user access control intermediary services are provided, configure an access policy in the BIG-IP APM module to uniquely identify and authenticate organizational users (or processes acting on behalf of organizational users).</fixtext><fix id="F-16909r290401_fix" /><check system="C-16911r290400_chk"><check-content-ref href="U_F5_BIG-IP_Access_Policy_Manager_11-x_STIG.xml" name="M" /><check-content>If the BIG-IP APM module does not provide user authentication intermediary services, this is not applicable.

Verify the BIG-IP APM module is configured as follows:

Navigate to the BIG-IP System manager &gt;&gt; Access Policy &gt;&gt; Access Profiles.

Click "Edit..." in the "Access Policy" column for an Access Profile used for granting access.

Verify the Access Profile is configured to uniquely identify and authenticate organizational users (or processes acting on behalf of organizational users).

If the BIG-IP APM is not configured to uniquely identify and authenticate organizational users (or processes acting on behalf of organizational users), this is a finding.</check-content></check></Rule></Group><Group id="V-215719"><title>SRG-NET-000138-ALG-000088</title><description>&lt;GroupDescription&gt;&lt;/GroupDescription&gt;</description><Rule id="SV-215719r557355_rule" weight="10.0" severity="medium"><version>F5BI-AP-000075</version><title>The BIG-IP APM module must be configured with a pre-established trust relationship and mechanisms with appropriate authorities (e.g., Active Directory or authentication, authorization, and accounting (AAA) server) that validate user account access authorizations and privileges when providing access control to virtual servers.</title><description>&lt;VulnDiscussion&gt;User account and privilege validation must be centralized in order to prevent unauthorized access using changed or revoked privileges.

ALGs can implement functions such as traffic filtering, authentication, access, and authorization functions based on computer and user privileges. However, the directory service (e.g., Active Directory or LDAP) must not be installed on the ALG, particularly if the gateway resides on the untrusted zone of the Enclave.&lt;/VulnDiscussion&gt;&lt;FalsePositives&gt;&lt;/FalsePositives&gt;&lt;FalseNegatives&gt;&lt;/FalseNegatives&gt;&lt;Documentable&gt;false&lt;/Documentable&gt;&lt;Mitigations&gt;&lt;/Mitigations&gt;&lt;SeverityOverrideGuidance&gt;&lt;/SeverityOverrideGuidance&gt;&lt;PotentialImpacts&gt;&lt;/PotentialImpacts&gt;&lt;ThirdPartyTools&gt;&lt;/ThirdPartyTools&gt;&lt;MitigationControl&gt;&lt;/MitigationControl&gt;&lt;Responsibility&gt;&lt;/Responsibility&gt;&lt;IAControls&gt;&lt;/IAControls&gt;</description><reference><dc:title>DPMS Target F5 BIG-IP Access Policy Manager 11.x</dc:title><dc:publisher>DISA</dc:publisher><dc:type>DPMS Target</dc:type><dc:subject>F5 BIG-IP Access Policy Manager 11.x</dc:subject><dc:identifier>4018</dc:identifier></reference><ident system="http://cyber.mil/legacy">SV-74459</ident><ident system="http://cyber.mil/legacy">V-60029</ident><ident system="http://cyber.mil/cci">CCI-000764</ident><fixtext fixref="F-16910r290404_fix">If user access control intermediary services are provided, configure an access policy in the BIG-IP APM module with a pre-established trust relationship and mechanisms with appropriate authorities that validate each user access authorization and privileges.</fixtext><fix id="F-16910r290404_fix" /><check system="C-16912r290403_chk"><check-content-ref href="U_F5_BIG-IP_Access_Policy_Manager_11-x_STIG.xml" name="M" /><check-content>If the BIG-IP APM module does not provide user access control intermediary services, this is not applicable.

Verify the BIG-IP APM module is configured as follows:

Navigate to the BIG-IP System manager &gt;&gt; Access Policy &gt;&gt; Access Profiles.

Click "Edit..." in the "Access Policy" column for an Access Profile used for granting access.

Verify the Access Profile is configured with a pre-established trust relationship and mechanisms with appropriate authorities (e.g., Active Directory or AAA server) that validate user account access authorizations and privileges.

If the BIG-IP APM is not configured with a pre-established trust relationship and mechanisms with appropriate authorities that validate each user access authorization and privileges, this is a finding.</check-content></check></Rule></Group><Group id="V-215720"><title>SRG-NET-000138-ALG-000089</title><description>&lt;GroupDescription&gt;&lt;/GroupDescription&gt;</description><Rule id="SV-215720r557355_rule" weight="10.0" severity="medium"><version>F5BI-AP-000077</version><title>The BIG-IP APM module must restrict user authentication traffic to specific authentication server(s) when providing user authentication to virtual servers.</title><description>&lt;VulnDiscussion&gt;User authentication can be used as part of the policy filtering rule sets. Some URLs or network resources can be restricted to authenticated users only. Users are prompted by the application or browser for credentials. Authentication service may be provided by the ALG as an intermediary for the application; however, the authentication credential must be stored in the site's directory services server.

This requirement only applies to components where this is specific to the function of the device or has the concept of an organizational user (e.g., proxy capability). This does not apply to authentication for the purpose of configuring the device itself (i.e., device management).&lt;/VulnDiscussion&gt;&lt;FalsePositives&gt;&lt;/FalsePositives&gt;&lt;FalseNegatives&gt;&lt;/FalseNegatives&gt;&lt;Documentable&gt;false&lt;/Documentable&gt;&lt;Mitigations&gt;&lt;/Mitigations&gt;&lt;SeverityOverrideGuidance&gt;&lt;/SeverityOverrideGuidance&gt;&lt;PotentialImpacts&gt;&lt;/PotentialImpacts&gt;&lt;ThirdPartyTools&gt;&lt;/ThirdPartyTools&gt;&lt;MitigationControl&gt;&lt;/MitigationControl&gt;&lt;Responsibility&gt;&lt;/Responsibility&gt;&lt;IAControls&gt;&lt;/IAControls&gt;</description><reference><dc:title>DPMS Target F5 BIG-IP Access Policy Manager 11.x</dc:title><dc:publisher>DISA</dc:publisher><dc:type>DPMS Target</dc:type><dc:subject>F5 BIG-IP Access Policy Manager 11.x</dc:subject><dc:identifier>4018</dc:identifier></reference><ident system="http://cyber.mil/legacy">SV-74461</ident><ident system="http://cyber.mil/legacy">V-60031</ident><ident system="http://cyber.mil/cci">CCI-000764</ident><fixtext fixref="F-16911r290407_fix">If user authentication intermediary services are provided, configure an access policy in the BIG-IP APM module to restrict user authentication traffic to specific authentication server(s).</fixtext><fix id="F-16911r290407_fix" /><check system="C-16913r290406_chk"><check-content-ref href="U_F5_BIG-IP_Access_Policy_Manager_11-x_STIG.xml" name="M" /><check-content>If the BIG-IP APM module does not provide user authentication intermediary services, this is not applicable.

Verify the BIG-IP APM module is configured as follows:

Navigate to the BIG-IP System manager &gt;&gt; Access Policy &gt;&gt; Access Profiles.

Click "Edit..." in the "Access Policy" column for an Access Profile used for granting access.

Verify the Access Profile is configured to restrict user authentication traffic to specific authentication server(s).

If the BIG-IP APM module is not configured to restrict user authentication traffic to a specific authentication server(s), this is a finding.</check-content></check></Rule></Group><Group id="V-215721"><title>SRG-NET-000140-ALG-000094</title><description>&lt;GroupDescription&gt;&lt;/GroupDescription&gt;</description><Rule id="SV-215721r557355_rule" weight="10.0" severity="medium"><version>F5BI-AP-000079</version><title>The BIG-IP APM module must use multifactor authentication for network access to non-privileged accounts.</title><description>&lt;VulnDiscussion&gt;To assure accountability and prevent unauthenticated access, non-privileged users must utilize multifactor authentication to prevent potential misuse and compromise of the system.

Multifactor authentication uses two or more factors to achieve authentication. Factors include: 

1) Something you know (e.g., password/PIN); 

2) Something you have (e.g., cryptographic, identification device, token); and 

3) Something you are (e.g., biometric).

Non-privileged accounts are not authorized on the network element regardless of configuration.

Network access is any access to an application by a user (or process acting on behalf of a user) where said access is obtained through a network connection.

The DoD CAC with DoD-approved PKI is an example of multifactor authentication.

This requirement applies to ALGs that provide user authentication intermediary services.&lt;/VulnDiscussion&gt;&lt;FalsePositives&gt;&lt;/FalsePositives&gt;&lt;FalseNegatives&gt;&lt;/FalseNegatives&gt;&lt;Documentable&gt;false&lt;/Documentable&gt;&lt;Mitigations&gt;&lt;/Mitigations&gt;&lt;SeverityOverrideGuidance&gt;&lt;/SeverityOverrideGuidance&gt;&lt;PotentialImpacts&gt;&lt;/PotentialImpacts&gt;&lt;ThirdPartyTools&gt;&lt;/ThirdPartyTools&gt;&lt;MitigationControl&gt;&lt;/MitigationControl&gt;&lt;Responsibility&gt;&lt;/Responsibility&gt;&lt;IAControls&gt;&lt;/IAControls&gt;</description><reference><dc:title>DPMS Target F5 BIG-IP Access Policy Manager 11.x</dc:title><dc:publisher>DISA</dc:publisher><dc:type>DPMS Target</dc:type><dc:subject>F5 BIG-IP Access Policy Manager 11.x</dc:subject><dc:identifier>4018</dc:identifier></reference><ident system="http://cyber.mil/legacy">SV-74463</ident><ident system="http://cyber.mil/legacy">V-60033</ident><ident system="http://cyber.mil/cci">CCI-000766</ident><fixtext fixref="F-16912r290410_fix">If user authentication intermediary services are provided, configure an access policy in the BIG-IP APM module to use multifactor authentication for network access to non-privileged accounts.</fixtext><fix id="F-16912r290410_fix" /><check system="C-16914r290409_chk"><check-content-ref href="U_F5_BIG-IP_Access_Policy_Manager_11-x_STIG.xml" name="M" /><check-content>If the BIG-IP APM module does not provide user authentication intermediary services, this is not applicable.

Verify the BIG-IP APM is configured to use multifactor authentication for network access to non-privileged accounts.

Verify the BIG-IP APM module is configured as follows:

Navigate to the BIG-IP System manager &gt;&gt; Access Policy &gt;&gt; Access Profiles.

Click "Edit..." in the "Access Policy" column for an Access Profile used for granting access.

Verify the Access Profile is configured to use multifactor authentication for network access to non-privileged accounts.

If the BIG-IP APM module is not configured to use multifactor authentication for network access to non-privileged accounts, this is a finding.</check-content></check></Rule></Group><Group id="V-215722"><title>SRG-NET-000166-ALG-000101</title><description>&lt;GroupDescription&gt;&lt;/GroupDescription&gt;</description><Rule id="SV-215722r557355_rule" weight="10.0" severity="medium"><version>F5BI-AP-000085</version><title>The BIG-IP APM module must map the authenticated identity to the user account for PKI-based authentication to virtual servers.</title><description>&lt;VulnDiscussion&gt;Authorization for access to any network element requires an approved and assigned individual account identifier. To ensure only the assigned individual is using the account, the account must be bound to a user certificate when PKI-based authentication is implemented.

This requirement applies to ALGs that provide user authentication intermediary services (e.g., authentication gateway or TLS gateway). This does not apply to authentication for the purpose of configuring the device itself (device management).&lt;/VulnDiscussion&gt;&lt;FalsePositives&gt;&lt;/FalsePositives&gt;&lt;FalseNegatives&gt;&lt;/FalseNegatives&gt;&lt;Documentable&gt;false&lt;/Documentable&gt;&lt;Mitigations&gt;&lt;/Mitigations&gt;&lt;SeverityOverrideGuidance&gt;&lt;/SeverityOverrideGuidance&gt;&lt;PotentialImpacts&gt;&lt;/PotentialImpacts&gt;&lt;ThirdPartyTools&gt;&lt;/ThirdPartyTools&gt;&lt;MitigationControl&gt;&lt;/MitigationControl&gt;&lt;Responsibility&gt;&lt;/Responsibility&gt;&lt;IAControls&gt;&lt;/IAControls&gt;</description><reference><dc:title>DPMS Target F5 BIG-IP Access Policy Manager 11.x</dc:title><dc:publisher>DISA</dc:publisher><dc:type>DPMS Target</dc:type><dc:subject>F5 BIG-IP Access Policy Manager 11.x</dc:subject><dc:identifier>4018</dc:identifier></reference><ident system="http://cyber.mil/legacy">V-60035</ident><ident system="http://cyber.mil/legacy">SV-74465</ident><ident system="http://cyber.mil/cci">CCI-000187</ident><fixtext fixref="F-16913r290413_fix">If the BIG-IP APM module provides PKI-based, user authentication intermediary services, configure a profile in the BIG-IP APM module to map the authenticated identity to the user account for PKI-based authentication.</fixtext><fix id="F-16913r290413_fix" /><check system="C-16915r290412_chk"><check-content-ref href="U_F5_BIG-IP_Access_Policy_Manager_11-x_STIG.xml" name="M" /><check-content>If the BIG-IP APM module does not provide PKI-based, user authentication intermediary services, this is not applicable.

Verify the BIG-IP APM module maps the authenticated identity to the user account for PKI-based authentication.

Navigate to the BIG-IP System manager &gt;&gt; Access Policy &gt;&gt; Access Profiles.

Click "Edit..." in the "Access Policy" column for an Access Profile used for PKI-based authentication.

Verify the Access Profile is configured to map the authenticated identity to the user account for PKI-based authentication.

If the BIG-IP APM module does not map the authenticated identity to the user account for PKI-based authentication, this is a finding.</check-content></check></Rule></Group><Group id="V-215723"><title>SRG-NET-000169-ALG-000102</title><description>&lt;GroupDescription&gt;&lt;/GroupDescription&gt;</description><Rule id="SV-215723r557355_rule" weight="10.0" severity="medium"><version>F5BI-AP-000087</version><title>The BIG-IP APM module must be configured to uniquely identify and authenticate non-organizational users (or processes acting on behalf of non-organizational users) when connecting to virtual servers.</title><description>&lt;VulnDiscussion&gt;Lack of authentication enables anyone to gain access to the network or possibly a network element that provides opportunity for intruders to compromise resources within the network infrastructure. By identifying and authenticating non-organizational users, their access to network resources can be restricted accordingly.

Non-organizational users will be uniquely identified and authenticated for all accesses other than those accesses explicitly identified and documented by the organization when related to the use of anonymous access. Authorization requires an individual account identifier that has been approved, assigned, and configured on an authentication server. Authentication of user identities is accomplished through the use of passwords, tokens, biometrics, or in the case of multifactor authentication, some combination thereof.

This control applies to application layer gateways that provide content filtering and proxy services on network segments (e.g., DMZ) that allow access by non-organizational users. This requirement focuses on authentication requests to the proxied application for access to destination resources and policy filtering decisions rather than administrator and management functions.&lt;/VulnDiscussion&gt;&lt;FalsePositives&gt;&lt;/FalsePositives&gt;&lt;FalseNegatives&gt;&lt;/FalseNegatives&gt;&lt;Documentable&gt;false&lt;/Documentable&gt;&lt;Mitigations&gt;&lt;/Mitigations&gt;&lt;SeverityOverrideGuidance&gt;&lt;/SeverityOverrideGuidance&gt;&lt;PotentialImpacts&gt;&lt;/PotentialImpacts&gt;&lt;ThirdPartyTools&gt;&lt;/ThirdPartyTools&gt;&lt;MitigationControl&gt;&lt;/MitigationControl&gt;&lt;Responsibility&gt;&lt;/Responsibility&gt;&lt;IAControls&gt;&lt;/IAControls&gt;</description><reference><dc:title>DPMS Target F5 BIG-IP Access Policy Manager 11.x</dc:title><dc:publisher>DISA</dc:publisher><dc:type>DPMS Target</dc:type><dc:subject>F5 BIG-IP Access Policy Manager 11.x</dc:subject><dc:identifier>4018</dc:identifier></reference><ident system="http://cyber.mil/legacy">V-60037</ident><ident system="http://cyber.mil/legacy">SV-74467</ident><ident system="http://cyber.mil/cci">CCI-000804</ident><fixtext fixref="F-16914r290416_fix">If the BIG-IP APM module provides user authentication intermediary services to non-organizational users, configure a profile in the BIG-IP APM module to uniquely identify and authenticate non-organizational users (or processes acting on behalf of non-organizational users) when connecting to virtual servers.</fixtext><fix id="F-16914r290416_fix" /><check system="C-16916r290415_chk"><check-content-ref href="U_F5_BIG-IP_Access_Policy_Manager_11-x_STIG.xml" name="M" /><check-content>If the BIG-IP APM module does not provide user authentication intermediary services to non-organizational users, this is not applicable.

Verify the BIG-IP APM module is configured as follows:

Navigate to the BIG-IP System manager &gt;&gt; Access Policy &gt;&gt; Access Profiles.

Click "Edit..." in the "Access Policy" column for an Access Profile used to identify and authenticate non-organizational users.

Verify the Access Profile is configured to uniquely identify and authenticate non-organizational users.

If the BIG-IP APM module is not configured to uniquely identify and authenticate non-organizational users (or processes acting on behalf of non-organizational users) when connecting to virtual servers, this is a finding.</check-content></check></Rule></Group><Group id="V-215726"><title>SRG-NET-000313-ALG-000010</title><description>&lt;GroupDescription&gt;&lt;/GroupDescription&gt;</description><Rule id="SV-215726r831441_rule" weight="10.0" severity="medium"><version>F5BI-AP-000153</version><title>The BIG-IP APM module access policy profile must control remote access methods to virtual servers.</title><description>&lt;VulnDiscussion&gt;Remote access devices, such as those providing remote access to network devices and information systems, which lack automated control capabilities, increase risk and make remote user access management difficult at best.

Remote access is access to DoD nonpublic information systems by an authorized user (or an information system) communicating through an external, non-organization-controlled network. Remote access methods include broadband and wireless connections. Remote access methods include, for example, proxied remote encrypted traffic (e.g., TLS gateways, web content filters, and webmail proxies).

This requirement applies to ALGs providing remote access proxy services as part of its intermediary services (e.g., OWA or TLS gateway). ALGs that proxy remote access must be capable of taking enforcement action (i.e., blocking, restricting, or forwarding to an enforcement mechanism) if traffic monitoring reveals unauthorized activity.&lt;/VulnDiscussion&gt;&lt;FalsePositives&gt;&lt;/FalsePositives&gt;&lt;FalseNegatives&gt;&lt;/FalseNegatives&gt;&lt;Documentable&gt;false&lt;/Documentable&gt;&lt;Mitigations&gt;&lt;/Mitigations&gt;&lt;SeverityOverrideGuidance&gt;&lt;/SeverityOverrideGuidance&gt;&lt;PotentialImpacts&gt;&lt;/PotentialImpacts&gt;&lt;ThirdPartyTools&gt;&lt;/ThirdPartyTools&gt;&lt;MitigationControl&gt;&lt;/MitigationControl&gt;&lt;Responsibility&gt;&lt;/Responsibility&gt;&lt;IAControls&gt;&lt;/IAControls&gt;</description><reference><dc:title>DPMS Target F5 BIG-IP Access Policy Manager 11.x</dc:title><dc:publisher>DISA</dc:publisher><dc:type>DPMS Target</dc:type><dc:subject>F5 BIG-IP Access Policy Manager 11.x</dc:subject><dc:identifier>4018</dc:identifier></reference><ident system="http://cyber.mil/legacy">V-60043</ident><ident system="http://cyber.mil/legacy">SV-74473</ident><ident system="http://cyber.mil/cci">CCI-002314</ident><fixtext fixref="F-16917r290425_fix">If intermediary services for remote access communications traffic are provided, configure the BIG-IP APM module to control remote access methods.</fixtext><fix id="F-16917r290425_fix" /><check system="C-16919r290424_chk"><check-content-ref href="U_F5_BIG-IP_Access_Policy_Manager_11-x_STIG.xml" name="M" /><check-content>If the BIG-IP APM module does not serve as an intermediary for remote access traffic (e.g., web content filter, TLS and webmail), this is not applicable.

Verify the BIG-IP APM module is configured to control remote access methods.

Verify the BIG-IP APM module is configured as follows:

Navigate to the BIG-IP System manager &gt;&gt; Access Policy &gt;&gt; Access Profiles.

Click "Edit..." in the "Access Policy" column for an Access Profile used for managing remote access.

Verify the Access Profile is configured to control remote access methods.

If the BIG-IP APM module is not configured to control remote access methods, this is a finding.</check-content></check></Rule></Group><Group id="V-215727"><title>SRG-NET-000337-ALG-000096</title><description>&lt;GroupDescription&gt;&lt;/GroupDescription&gt;</description><Rule id="SV-215727r939138_rule" weight="10.0" severity="medium"><version>F5BI-AP-000191</version><title>The BIG-IP APM module must require users to reauthenticate when the user's role or information authorizations are changed.</title><description>&lt;VulnDiscussion&gt;Without reauthentication, users may access resources or perform tasks for which authorization has been removed.

In addition to the reauthentication requirements associated with session locks, organizations may require reauthentication of individuals and/or devices in other situations. Within the DOD, the minimum circumstances requiring reauthentication are privilege escalation and role changes.

This requirement only applies to components where this is specific to the function of the device or has the concept of user authentication (e.g., VPN or ALG capability). This does not apply to authentication for the purpose of configuring the device itself (i.e., device management).&lt;/VulnDiscussion&gt;&lt;FalsePositives&gt;&lt;/FalsePositives&gt;&lt;FalseNegatives&gt;&lt;/FalseNegatives&gt;&lt;Documentable&gt;false&lt;/Documentable&gt;&lt;Mitigations&gt;&lt;/Mitigations&gt;&lt;SeverityOverrideGuidance&gt;&lt;/SeverityOverrideGuidance&gt;&lt;PotentialImpacts&gt;&lt;/PotentialImpacts&gt;&lt;ThirdPartyTools&gt;&lt;/ThirdPartyTools&gt;&lt;MitigationControl&gt;&lt;/MitigationControl&gt;&lt;Responsibility&gt;&lt;/Responsibility&gt;&lt;IAControls&gt;&lt;/IAControls&gt;</description><reference><dc:title>DPMS Target F5 BIG-IP Access Policy Manager 11.x</dc:title><dc:publisher>DISA</dc:publisher><dc:type>DPMS Target</dc:type><dc:subject>F5 BIG-IP Access Policy Manager 11.x</dc:subject><dc:identifier>4018</dc:identifier></reference><ident system="http://cyber.mil/legacy">V-60045</ident><ident system="http://cyber.mil/legacy">SV-74475</ident><ident system="http://cyber.mil/cci">CCI-002038</ident><fixtext fixref="F-16918r939137_fix">Configure an access policy in the BIG-IP APM module to require users to reauthenticate when the user's role or information authorizations are changed.

This will also require the administrator to force reauthentication when changes occur that the system cannot automatically detect. Update administrator training and the site's SSP to document this process.</fixtext><fix id="F-16918r939137_fix" /><check system="C-16920r939136_chk"><check-content-ref href="U_F5_BIG-IP_Access_Policy_Manager_11-x_STIG.xml" name="M" /><check-content>If the BIG-IP APM module does not provide user authentication intermediary services, this is not applicable.

Verify the BIG-IP APM module is configured as follows:

Navigate to the BIG-IP System manager &gt;&gt; Access Policy &gt;&gt; Access Profiles.

Click "Edit..." in the "Access Policy" column for each Access Profile used for organizational access.

If the BIG-IP APM module is not configured or process is not documented to require users to reauthenticate when the user's role or information authorizations are changed, this is a finding.</check-content></check></Rule></Group><Group id="V-215728"><title>SRG-NET-000339-ALG-000090</title><description>&lt;GroupDescription&gt;&lt;/GroupDescription&gt;</description><Rule id="SV-215728r831443_rule" weight="10.0" severity="medium"><version>F5BI-AP-000193</version><title>The BIG-IP APM module must be configured to require multifactor authentication for remote access with non-privileged accounts to virtual servers in such a way that one of the factors is provided by a device separate from the system gaining access.</title><description>&lt;VulnDiscussion&gt;For remote access to non-privileged accounts, the purpose of requiring a device that is separate from the information system gaining access for one of the factors during multifactor authentication is to reduce the likelihood of compromising authentication credentials stored on the system.

Multifactor solutions that require devices separate from information systems gaining access include, for example, hardware tokens providing time-based or challenge-response authenticators and smart cards such as the U.S. Government Personal Identity Verification card and the DoD common access card.

A privileged account is defined as an information system account with authorizations of a privileged user.

Remote access is access to DoD nonpublic information systems by an authorized user (or an information system) communicating through an external, non-organization-controlled network. Remote access methods include, for example, dial-up, broadband, and wireless.

An example of compliance with this requirement is the use of a one-time password token and PIN coupled with a password or the use of a CAC/PIV card and PIN coupled with a password.&lt;/VulnDiscussion&gt;&lt;FalsePositives&gt;&lt;/FalsePositives&gt;&lt;FalseNegatives&gt;&lt;/FalseNegatives&gt;&lt;Documentable&gt;false&lt;/Documentable&gt;&lt;Mitigations&gt;&lt;/Mitigations&gt;&lt;SeverityOverrideGuidance&gt;&lt;/SeverityOverrideGuidance&gt;&lt;PotentialImpacts&gt;&lt;/PotentialImpacts&gt;&lt;ThirdPartyTools&gt;&lt;/ThirdPartyTools&gt;&lt;MitigationControl&gt;&lt;/MitigationControl&gt;&lt;Responsibility&gt;&lt;/Responsibility&gt;&lt;IAControls&gt;&lt;/IAControls&gt;</description><reference><dc:title>DPMS Target F5 BIG-IP Access Policy Manager 11.x</dc:title><dc:publisher>DISA</dc:publisher><dc:type>DPMS Target</dc:type><dc:subject>F5 BIG-IP Access Policy Manager 11.x</dc:subject><dc:identifier>4018</dc:identifier></reference><ident system="http://cyber.mil/legacy">SV-74477</ident><ident system="http://cyber.mil/legacy">V-60047</ident><ident system="http://cyber.mil/cci">CCI-001951</ident><fixtext fixref="F-16919r290431_fix">If user authentication intermediary services are provided, configure an access policy in the BIG-IP APM module to require multifactor authentication for remote access to non-privileged accounts in such a way that one of the factors is provided by a device separate from the system gaining access.</fixtext><fix id="F-16919r290431_fix" /><check system="C-16921r290430_chk"><check-content-ref href="U_F5_BIG-IP_Access_Policy_Manager_11-x_STIG.xml" name="M" /><check-content>If the BIG-IP APM module does not provide user authentication intermediary services, this is not applicable.

Verify the BIG-IP APM module is configured as follows:

Navigate to the BIG-IP System manager &gt;&gt; Access Policy &gt;&gt; Access Profiles.

Click "Edit..." in the "Access Policy" column for an Access Profile used for remote access for non-privileged accounts.

Verify the Access Profile is configured to require multifactor authentication for remote access with non-privileged accounts.

If the BIG-IP APM module is not configured to require multifactor authentication for remote access to non-privileged accounts in such a way that one of the factors is provided by a device separate from the system gaining access, this is a finding.</check-content></check></Rule></Group><Group id="V-215729"><title>SRG-NET-000340-ALG-000091</title><description>&lt;GroupDescription&gt;&lt;/GroupDescription&gt;</description><Rule id="SV-215729r831444_rule" weight="10.0" severity="medium"><version>F5BI-AP-000195</version><title>The BIG-IP APM module must be configured to require multifactor authentication for remote access with privileged accounts to virtual servers in such a way that one of the factors is provided by a device separate from the system gaining access.</title><description>&lt;VulnDiscussion&gt;For remote access to privileged accounts, the purpose of requiring a device that is separate from the information system gaining access for one of the factors during multifactor authentication is to reduce the likelihood of compromising authentication credentials stored on the system.

Multifactor solutions that require devices separate from information systems gaining access include, for example, hardware tokens providing time-based or challenge-response authenticators and smart cards such as the U.S. Government Personal Identity Verification card and the DoD common access card.

A privileged account is defined as an information system account with authorizations of a privileged user.

Remote access is access to DoD nonpublic information systems by an authorized user (or an information system) communicating through an external, non-organization-controlled network. Remote access methods include, for example, dial-up, broadband, and wireless.&lt;/VulnDiscussion&gt;&lt;FalsePositives&gt;&lt;/FalsePositives&gt;&lt;FalseNegatives&gt;&lt;/FalseNegatives&gt;&lt;Documentable&gt;false&lt;/Documentable&gt;&lt;Mitigations&gt;&lt;/Mitigations&gt;&lt;SeverityOverrideGuidance&gt;&lt;/SeverityOverrideGuidance&gt;&lt;PotentialImpacts&gt;&lt;/PotentialImpacts&gt;&lt;ThirdPartyTools&gt;&lt;/ThirdPartyTools&gt;&lt;MitigationControl&gt;&lt;/MitigationControl&gt;&lt;Responsibility&gt;&lt;/Responsibility&gt;&lt;IAControls&gt;&lt;/IAControls&gt;</description><reference><dc:title>DPMS Target F5 BIG-IP Access Policy Manager 11.x</dc:title><dc:publisher>DISA</dc:publisher><dc:type>DPMS Target</dc:type><dc:subject>F5 BIG-IP Access Policy Manager 11.x</dc:subject><dc:identifier>4018</dc:identifier></reference><ident system="http://cyber.mil/legacy">SV-74479</ident><ident system="http://cyber.mil/legacy">V-60049</ident><ident system="http://cyber.mil/cci">CCI-001948</ident><fixtext fixref="F-16920r290434_fix">If user authentication intermediary services are provided, configure an access policy in the BIG-IP APM module to require multifactor authentication for remote access to privileged accounts in such a way that one of the factors is provided by a device separate from the system gaining access.</fixtext><fix id="F-16920r290434_fix" /><check system="C-16922r290433_chk"><check-content-ref href="U_F5_BIG-IP_Access_Policy_Manager_11-x_STIG.xml" name="M" /><check-content>If the BIG-IP APM module does not provide user authentication intermediary services, this is not applicable.

Verify the BIG-IP APM module is configured as follows:

Navigate to the BIG-IP System manager &gt;&gt; Access Policy &gt;&gt; Access Profiles.

Click "Edit..." in the "Access Policy" column for an Access Profile used for remote access for privileged accounts.

Verify the Access Profile is configured to require multifactor authentication for remote access with privileged accounts.

If the BIG-IP APM module is not configured to require multifactor authentication for remote access to privileged accounts in such a way that one of the factors is provided by a device separate from the system gaining access, this is a finding.</check-content></check></Rule></Group><Group id="V-215735"><title>SRG-NET-000349-ALG-000106</title><description>&lt;GroupDescription&gt;&lt;/GroupDescription&gt;</description><Rule id="SV-215735r831445_rule" weight="10.0" severity="medium"><version>F5BI-AP-000211</version><title>The BIG-IP APM module must conform to FICAM-issued profiles.</title><description>&lt;VulnDiscussion&gt;Without conforming to Federal Identity, Credential, and Access Management (FICAM)-issued profiles, the information system may not be interoperable with FICAM-authentication protocols, such as SAML 2.0 and OpenID 2.0.

Use of FICAM-issued profiles addresses open identity management standards.

This requirement only applies to components where this is specific to the function of the device or has the concept of a non-organizational user, (e.g., ALG capability that is the front end for an application in a DMZ).&lt;/VulnDiscussion&gt;&lt;FalsePositives&gt;&lt;/FalsePositives&gt;&lt;FalseNegatives&gt;&lt;/FalseNegatives&gt;&lt;Documentable&gt;false&lt;/Documentable&gt;&lt;Mitigations&gt;&lt;/Mitigations&gt;&lt;SeverityOverrideGuidance&gt;&lt;/SeverityOverrideGuidance&gt;&lt;PotentialImpacts&gt;&lt;/PotentialImpacts&gt;&lt;ThirdPartyTools&gt;&lt;/ThirdPartyTools&gt;&lt;MitigationControl&gt;&lt;/MitigationControl&gt;&lt;Responsibility&gt;&lt;/Responsibility&gt;&lt;IAControls&gt;&lt;/IAControls&gt;</description><reference><dc:title>DPMS Target F5 BIG-IP Access Policy Manager 11.x</dc:title><dc:publisher>DISA</dc:publisher><dc:type>DPMS Target</dc:type><dc:subject>F5 BIG-IP Access Policy Manager 11.x</dc:subject><dc:identifier>4018</dc:identifier></reference><ident system="http://cyber.mil/legacy">V-60061</ident><ident system="http://cyber.mil/legacy">SV-74491</ident><ident system="http://cyber.mil/cci">CCI-002014</ident><fixtext fixref="F-16926r290452_fix">If the BIG-IP APM module provides user authentication intermediary services to non-organizational users, configure a profile in the BIG-IP APM module that conforms to FICAM-issued profiles.</fixtext><fix id="F-16926r290452_fix" /><check system="C-16928r290451_chk"><check-content-ref href="U_F5_BIG-IP_Access_Policy_Manager_11-x_STIG.xml" name="M" /><check-content>If the BIG-IP APM module does not provide user authentication intermediary services to non-organizational users, this is not applicable.

Verify the BIG-IP APM module is configured as follows:

Navigate to the BIG-IP System manager &gt;&gt; Access Policy &gt;&gt; Access Profiles.

Click "Edit..." in the "Access Policy" column for an Access Profile used to identify and authenticate non-organizational users.

Verify the Access Profile is configured to conform to FICAM-issued profiles.

If the BIG-IP APM module is not configured to conform to FICAM-issued profiles, this is a finding.</check-content></check></Rule></Group><Group id="V-215736"><title>SRG-NET-000380-ALG-000128</title><description>&lt;GroupDescription&gt;&lt;/GroupDescription&gt;</description><Rule id="SV-215736r831446_rule" weight="10.0" severity="medium"><version>F5BI-AP-000229</version><title>The BIG-IP APM module must be configured to handle invalid inputs in a predictable and documented manner that reflects organizational and system objectives.</title><description>&lt;VulnDiscussion&gt;A common vulnerability of network elements is unpredictable behavior when invalid inputs are received. This requirement guards against adverse or unintended system behavior caused by invalid inputs, where information system responses to the invalid input may be disruptive or cause the system to fail into an unsafe state.

The behavior will be derived from the organizational and system requirements and includes, but is not limited to, notifying the appropriate personnel, creating an audit record, and rejecting invalid input.

This requirement applies to gateways and firewalls that perform content inspection or have higher layer proxy functions.&lt;/VulnDiscussion&gt;&lt;FalsePositives&gt;&lt;/FalsePositives&gt;&lt;FalseNegatives&gt;&lt;/FalseNegatives&gt;&lt;Documentable&gt;false&lt;/Documentable&gt;&lt;Mitigations&gt;&lt;/Mitigations&gt;&lt;SeverityOverrideGuidance&gt;&lt;/SeverityOverrideGuidance&gt;&lt;PotentialImpacts&gt;&lt;/PotentialImpacts&gt;&lt;ThirdPartyTools&gt;&lt;/ThirdPartyTools&gt;&lt;MitigationControl&gt;&lt;/MitigationControl&gt;&lt;Responsibility&gt;&lt;/Responsibility&gt;&lt;IAControls&gt;&lt;/IAControls&gt;</description><reference><dc:title>DPMS Target F5 BIG-IP Access Policy Manager 11.x</dc:title><dc:publisher>DISA</dc:publisher><dc:type>DPMS Target</dc:type><dc:subject>F5 BIG-IP Access Policy Manager 11.x</dc:subject><dc:identifier>4018</dc:identifier></reference><ident system="http://cyber.mil/legacy">SV-74493</ident><ident system="http://cyber.mil/legacy">V-60063</ident><ident system="http://cyber.mil/cci">CCI-002754</ident><fixtext fixref="F-16927r290455_fix">Configure the BIG-IP APM module to handle invalid inputs in a predictable and documented manner that reflects organizational and system objectives.</fixtext><fix id="F-16927r290455_fix" /><check system="C-16929r290454_chk"><check-content-ref href="U_F5_BIG-IP_Access_Policy_Manager_11-x_STIG.xml" name="M" /><check-content>Verify the BIG-IP APM module is configured to handle invalid inputs in a predictable and documented manner that reflects organizational and system objectives.

This can be demonstrated by the SA sending an invalid input to a virtual server.  Provide evidence that the virtual server was able to handle the invalid input and maintain operation.

If the BIG-IP APM module is not configured to handle invalid inputs in a predictable and documented manner that reflects organizational and system objectives, this is a finding.</check-content></check></Rule></Group><Group id="V-230211"><title>SRG-NET-000517-ALG-000006</title><description>&lt;GroupDescription&gt;&lt;/GroupDescription&gt;</description><Rule id="SV-230211r856822_rule" weight="10.0" severity="medium"><version>F5BI-AP-000147</version><title>The BIG-IP APM module access policy profile must be configured to automatically terminate user sessions for users connected to virtual servers when organization-defined conditions or trigger events occur that require a session disconnect.</title><description>&lt;VulnDiscussion&gt;Automatic session termination addresses the termination of user-initiated logical sessions in contrast to the termination of network connections that are associated with communications sessions (i.e., network disconnect). A logical session (for local, network, and remote access) is initiated whenever a user (or process acting on behalf of a user) accesses an organizational information system. Such user sessions can be terminated (and thus terminate user access) without terminating network sessions.

Session termination terminates all processes associated with a user's logical session except those processes that are specifically created by the user (i.e., session owner) to continue after the session is terminated.

This capability is typically reserved for specific system functionality where the system owner, data owner, or organization requires additional trigger events based on specific mission needs. Conditions or trigger events requiring automatic session termination can include, for example, targeted responses to certain types of incidents and time-of-day restrictions on information system use.

This policy only applies to gateways (e.g., identity management or authentication gateways) that provide user account services as part of the intermediary services.&lt;/VulnDiscussion&gt;&lt;FalsePositives&gt;&lt;/FalsePositives&gt;&lt;FalseNegatives&gt;&lt;/FalseNegatives&gt;&lt;Documentable&gt;false&lt;/Documentable&gt;&lt;Mitigations&gt;&lt;/Mitigations&gt;&lt;SeverityOverrideGuidance&gt;&lt;/SeverityOverrideGuidance&gt;&lt;PotentialImpacts&gt;&lt;/PotentialImpacts&gt;&lt;ThirdPartyTools&gt;&lt;/ThirdPartyTools&gt;&lt;MitigationControl&gt;&lt;/MitigationControl&gt;&lt;Responsibility&gt;&lt;/Responsibility&gt;&lt;IAControls&gt;&lt;/IAControls&gt;</description><reference><dc:title>DPMS Target F5 BIG-IP Access Policy Manager 11.x</dc:title><dc:publisher>DISA</dc:publisher><dc:type>DPMS Target</dc:type><dc:subject>F5 BIG-IP Access Policy Manager 11.x</dc:subject><dc:identifier>4018</dc:identifier></reference><ident system="http://cyber.mil/legacy">SV-74469</ident><ident system="http://cyber.mil/legacy">V-60039</ident><ident system="http://cyber.mil/cci">CCI-002361</ident><fixtext fixref="F-16915r290419_fix">If user access control intermediary services are provided, configure an access policy in the BIG-IP APM module to automatically terminate a user session when organization-defined conditions or trigger events occur that require a session disconnect.</fixtext><fix id="F-16915r290419_fix" /><check system="C-16917r290418_chk"><check-content-ref href="U_F5_BIG-IP_Access_Policy_Manager_11-x_STIG.xml" name="M" /><check-content>If the BIG-IP Am module does not provide user access control intermediary services, this is not applicable.

Verify the BIG-IP APM module is configured as follows:

Navigate to the BIG-IP System manager &gt;&gt; Access Policy &gt;&gt; Access Profiles.

Click "Edit..." in the "Access Policy" column for an Access Profile used for organizational access.

Verify the Access Profile is configured to automatically terminate user sessions when organization-defined conditions or trigger events occur that require a session disconnect.

If the BIG-IP APM module is not configured to automatically terminate a user session when organization-defined conditions or trigger events occur that require a session disconnect, this is a finding.</check-content></check></Rule></Group><Group id="V-230212"><title>SRG-NET-000519-ALG-000008</title><description>&lt;GroupDescription&gt;&lt;/GroupDescription&gt;</description><Rule id="SV-230212r856824_rule" weight="10.0" severity="medium"><version>F5BI-AP-000151</version><title>The BIG-IP APM module access policy profile must be configured to display an explicit logoff message to users, indicating the reliable termination of authenticated communications sessions when disconnecting from virtual servers.</title><description>&lt;VulnDiscussion&gt;If a user cannot explicitly end a session, the session may remain open and be exploited by an attacker; this is referred to as a zombie session. Users need to be aware of whether or not the session has been terminated.

Logoff messages for access, for example, can be displayed after authenticated sessions have been terminated. However, for some types of interactive sessions, including, for example, remote logon, information systems typically send logoff messages as final messages prior to terminating sessions.

This policy only applies to ALGs (e.g., identity management or authentication gateways) that provide user account services as part of the intermediary services.&lt;/VulnDiscussion&gt;&lt;FalsePositives&gt;&lt;/FalsePositives&gt;&lt;FalseNegatives&gt;&lt;/FalseNegatives&gt;&lt;Documentable&gt;false&lt;/Documentable&gt;&lt;Mitigations&gt;&lt;/Mitigations&gt;&lt;SeverityOverrideGuidance&gt;&lt;/SeverityOverrideGuidance&gt;&lt;PotentialImpacts&gt;&lt;/PotentialImpacts&gt;&lt;ThirdPartyTools&gt;&lt;/ThirdPartyTools&gt;&lt;MitigationControl&gt;&lt;/MitigationControl&gt;&lt;Responsibility&gt;&lt;/Responsibility&gt;&lt;IAControls&gt;&lt;/IAControls&gt;</description><reference><dc:title>DPMS Target F5 BIG-IP Access Policy Manager 11.x</dc:title><dc:publisher>DISA</dc:publisher><dc:type>DPMS Target</dc:type><dc:subject>F5 BIG-IP Access Policy Manager 11.x</dc:subject><dc:identifier>4018</dc:identifier></reference><ident system="http://cyber.mil/legacy">V-60041</ident><ident system="http://cyber.mil/legacy">SV-74471</ident><ident system="http://cyber.mil/cci">CCI-002364</ident><ident system="http://cyber.mil/cci">CCI-000366</ident><fixtext fixref="F-16916r290422_fix">If user access control intermediary services are provided, configure the BIG-IP APM module to display an explicit logoff message to users indicating the reliable termination of authenticated communications sessions.</fixtext><fix id="F-16916r290422_fix" /><check system="C-32546r831448_chk"><check-content-ref href="U_F5_BIG-IP_Access_Policy_Manager_11-x_STIG.xml" name="M" /><check-content>If the BIG-IP APM module does not provide user access control intermediary services, this is not applicable.

Verify the BIG-IP APM module is configured as follows:

Navigate to the BIG-IP System manager &gt;&gt; Access Policy &gt;&gt; Access Profiles.

Click "Edit..." in the "Access Policy" column for an Access Profile used for connecting to virtual servers.

Verify the Access Profile is configured to display an explicit logoff message to users, indicating the reliable termination of authenticated communications sessions.

If the BIG-IP APM module is not configured to display an explicit logoff message to users indicating the reliable termination of authenticated communications sessions, this is a finding.</check-content></check></Rule></Group><Group id="V-259330"><title>SRG-NET-000337-ALG-000096</title><description>&lt;GroupDescription&gt;&lt;/GroupDescription&gt;</description><Rule id="SV-259330r939148_rule" weight="10.0" severity="medium"><version>F5BI-AP-000230</version><title>F5 BIG-IP must be configured to set a "Maximum Session Timeout" value of 24 hours or less.</title><description>&lt;VulnDiscussion&gt;The Maximum Session Timeout setting configures a limit on the maximum amount of time a user's session is active without needing to reauthenticate. If the value is set to 0 (zero), the user's session is active until either the user terminates the session or the Inactivity Timeout value is reached (the default value is set to 604,800 seconds). When determining how long the maximum user session can last, it may be useful to review the access policy. For example, if the access policy requires that the user's antivirus signatures cannot be older than 24 hours, the Maximum Session Timeout should not exceed that time limit.&lt;/VulnDiscussion&gt;&lt;FalsePositives&gt;&lt;/FalsePositives&gt;&lt;FalseNegatives&gt;&lt;/FalseNegatives&gt;&lt;Documentable&gt;false&lt;/Documentable&gt;&lt;Mitigations&gt;&lt;/Mitigations&gt;&lt;SeverityOverrideGuidance&gt;&lt;/SeverityOverrideGuidance&gt;&lt;PotentialImpacts&gt;&lt;/PotentialImpacts&gt;&lt;ThirdPartyTools&gt;&lt;/ThirdPartyTools&gt;&lt;MitigationControl&gt;&lt;/MitigationControl&gt;&lt;Responsibility&gt;&lt;/Responsibility&gt;&lt;IAControls&gt;&lt;/IAControls&gt;</description><reference><dc:title>DPMS Target F5 BIG-IP Access Policy Manager 11.x</dc:title><dc:publisher>DISA</dc:publisher><dc:type>DPMS Target</dc:type><dc:subject>F5 BIG-IP Access Policy Manager 11.x</dc:subject><dc:identifier>4018</dc:identifier></reference><ident system="http://cyber.mil/cci">CCI-002038</ident><fixtext fixref="F-62978r939142_fix">BIG-IP LTM controls the timeout values of sessions in the definition of an access profile. 

Navigate to the BIG-IP System manager &gt;&gt; Access Policy &gt;&gt; Access Profiles.

Click "Edit..." in the "Access Policy" column for Access Profiles used for granting access.

In the "Settings" section, set the value for "Maximum Session Timeout" to 86,400 seconds or less (24 hours or less).</fixtext><fix id="F-62978r939142_fix" /><check system="C-63069r939141_chk"><check-content-ref href="U_F5_BIG-IP_Access_Policy_Manager_11-x_STIG.xml" name="M" /><check-content>If the BIG-IP APM module does not provide user authentication intermediary services, this is not applicable.

Navigate to the BIG-IP System manager &gt;&gt; Access Policy &gt;&gt; Access Profiles.

Click "Edit..." in the "Access Policy" column for Access Profiles used for granting access.

In the "Settings" section, view the value for "Maximum Session Timeout".

If the F5 BIG-IP APM module is not configured for a "Maximum Session Timeout" value of 86,400 seconds or less, this is a finding.</check-content></check></Rule></Group></Benchmark>