<?xml version="1.0" encoding="utf-8"?><?xml-stylesheet type='text/xsl' href='STIG_unclass.xsl'?><Benchmark xmlns:dsig="http://www.w3.org/2000/09/xmldsig#" xmlns:xsi="http://www.w3.org/2001/XMLSchema-instance" xmlns:cpe="http://cpe.mitre.org/language/2.0" xmlns:xhtml="http://www.w3.org/1999/xhtml" xmlns:dc="http://purl.org/dc/elements/1.1/" id="Citrix_XenDesktop_License_Server_STIG" xml:lang="en" xsi:schemaLocation="http://checklists.nist.gov/xccdf/1.1 http://nvd.nist.gov/schema/xccdf-1.1.4.xsd http://cpe.mitre.org/dictionary/2.0 http://cpe.mitre.org/files/cpe-dictionary_2.1.xsd" xmlns="http://checklists.nist.gov/xccdf/1.1"><status date="2019-12-12">accepted</status><title>Citrix XenDesktop 7.x License Server Security Technical Implementation Guide</title><description>This Security Technical Implementation Guide is published as a tool to improve the security of Department of Defense (DoD) information systems. The requirements are derived from the National Institute of Standards and Technology (NIST) 800-53 and related documents. Comments or proposed revisions to this document should be sent via email to the following address: disa.stig_spt@mail.mil.</description><notice id="terms-of-use" xml:lang="en"></notice><reference href="https://cyber.mil"><dc:publisher>DISA</dc:publisher><dc:source>STIG.DOD.MIL</dc:source></reference><plain-text id="release-info">Release: 3 Benchmark Date: 24 Jan 2020</plain-text><version>1</version><Profile id="MAC-1_Classified"><title>I - Mission Critical Classified</title><description>&lt;ProfileDescription&gt;&lt;/ProfileDescription&gt;</description><select idref="V-81413" selected="true" /><select idref="V-81415" selected="true" /><select idref="V-81417" selected="true" /><select idref="V-81419" selected="true" /><select idref="V-81421" selected="true" /><select idref="V-81423" selected="true" /><select idref="V-81425" selected="true" /></Profile><Profile id="MAC-1_Public"><title>I - Mission Critical Public</title><description>&lt;ProfileDescription&gt;&lt;/ProfileDescription&gt;</description><select idref="V-81413" selected="true" /><select idref="V-81415" selected="true" /><select idref="V-81417" selected="true" /><select idref="V-81419" selected="true" /><select idref="V-81421" selected="true" /><select idref="V-81423" selected="true" /><select idref="V-81425" selected="true" /></Profile><Profile id="MAC-1_Sensitive"><title>I - Mission Critical Sensitive</title><description>&lt;ProfileDescription&gt;&lt;/ProfileDescription&gt;</description><select idref="V-81413" selected="true" /><select idref="V-81415" selected="true" /><select idref="V-81417" selected="true" /><select idref="V-81419" selected="true" /><select idref="V-81421" selected="true" /><select idref="V-81423" selected="true" /><select idref="V-81425" selected="true" /></Profile><Profile id="MAC-2_Classified"><title>II - Mission Support Classified</title><description>&lt;ProfileDescription&gt;&lt;/ProfileDescription&gt;</description><select idref="V-81413" selected="true" /><select idref="V-81415" selected="true" /><select idref="V-81417" selected="true" /><select idref="V-81419" selected="true" /><select idref="V-81421" selected="true" /><select idref="V-81423" selected="true" /><select idref="V-81425" selected="true" /></Profile><Profile id="MAC-2_Public"><title>II - Mission Support Public</title><description>&lt;ProfileDescription&gt;&lt;/ProfileDescription&gt;</description><select idref="V-81413" selected="true" /><select idref="V-81415" selected="true" /><select idref="V-81417" selected="true" /><select idref="V-81419" selected="true" /><select idref="V-81421" selected="true" /><select idref="V-81423" selected="true" /><select idref="V-81425" selected="true" /></Profile><Profile id="MAC-2_Sensitive"><title>II - Mission Support Sensitive</title><description>&lt;ProfileDescription&gt;&lt;/ProfileDescription&gt;</description><select idref="V-81413" selected="true" /><select idref="V-81415" selected="true" /><select idref="V-81417" selected="true" /><select idref="V-81419" selected="true" /><select idref="V-81421" selected="true" /><select idref="V-81423" selected="true" /><select idref="V-81425" selected="true" /></Profile><Profile id="MAC-3_Classified"><title>III - Administrative Classified</title><description>&lt;ProfileDescription&gt;&lt;/ProfileDescription&gt;</description><select idref="V-81413" selected="true" /><select idref="V-81415" selected="true" /><select idref="V-81417" selected="true" /><select idref="V-81419" selected="true" /><select idref="V-81421" selected="true" /><select idref="V-81423" selected="true" /><select idref="V-81425" selected="true" /></Profile><Profile id="MAC-3_Public"><title>III - Administrative Public</title><description>&lt;ProfileDescription&gt;&lt;/ProfileDescription&gt;</description><select idref="V-81413" selected="true" /><select idref="V-81415" selected="true" /><select idref="V-81417" selected="true" /><select idref="V-81419" selected="true" /><select idref="V-81421" selected="true" /><select idref="V-81423" selected="true" /><select idref="V-81425" selected="true" /></Profile><Profile id="MAC-3_Sensitive"><title>III - Administrative Sensitive</title><description>&lt;ProfileDescription&gt;&lt;/ProfileDescription&gt;</description><select idref="V-81413" selected="true" /><select idref="V-81415" selected="true" /><select idref="V-81417" selected="true" /><select idref="V-81419" selected="true" /><select idref="V-81421" selected="true" /><select idref="V-81423" selected="true" /><select idref="V-81425" selected="true" /></Profile><Group id="V-81413"><title>SRG-APP-000014</title><description>&lt;GroupDescription&gt;&lt;/GroupDescription&gt;</description><Rule id="SV-96127r1_rule" severity="high" weight="10.0"><version>CXEN-LS-000030</version><title>XenDesktop License Server must implement DoD-approved encryption to protect the confidentiality of remote access sessions.</title><description>&lt;VulnDiscussion&gt;Without confidentiality protection mechanisms, unauthorized individuals may gain access to sensitive information via a remote access session. 

Remote access is access to DoD nonpublic information systems by an authorized user (or an information system) communicating through an external, non-organization-controlled network. Remote access methods include, for example, dial-up, broadband, and wireless. 

Encryption provides a means to secure the remote connection to prevent unauthorized access to the data traversing the remote access connection, thereby providing a degree of confidentiality. The encryption strength of the mechanism is selected based on the security categorization of the information.&lt;/VulnDiscussion&gt;&lt;FalsePositives&gt;&lt;/FalsePositives&gt;&lt;FalseNegatives&gt;&lt;/FalseNegatives&gt;&lt;Documentable&gt;false&lt;/Documentable&gt;&lt;Mitigations&gt;&lt;/Mitigations&gt;&lt;SeverityOverrideGuidance&gt;&lt;/SeverityOverrideGuidance&gt;&lt;PotentialImpacts&gt;&lt;/PotentialImpacts&gt;&lt;ThirdPartyTools&gt;&lt;/ThirdPartyTools&gt;&lt;MitigationControl&gt;&lt;/MitigationControl&gt;&lt;Responsibility&gt;&lt;/Responsibility&gt;&lt;IAControls&gt;&lt;/IAControls&gt;</description><reference><dc:title>DPMS Target XenDesktop 7.x License Service</dc:title><dc:publisher>DISA</dc:publisher><dc:type>DPMS Target</dc:type><dc:subject>XenDesktop 7.x License Service</dc:subject><dc:identifier>3293</dc:identifier></reference><ident system="http://iase.disa.mil/cci">CCI-000068</ident><fixtext fixref="F-88229r1_fix">1. Copy a valid server certificate file and server certificate key file to the \\Citrix\Licensing\LS\conf\ folder of the License Server installation directory.
2. Click “Administration” and select the "Server Configuration" tab.
3. Click the "Secure Web Server Configuration" bar.
4. Select "Enable HTTPS (Default 443)".
5. Enter a port for the HTTPS communication.
6. Enter the location of the server certificate file and the server certificate key file.
7. Stop and restart the Citrix Licensing service from the services control panel of the machine running the license server.
NOTE: You may be prompted to log in after "Administration".
Port should be 8082 (or desired port from PPSM group).</fixtext><fix id="F-88229r1_fix" /><check system="C-81153r1_chk"><check-content-ref name="M" href="DPMS_XCCDF_Benchmark_Citrix_XenDesktop_License_Server_STIG.xml" /><check-content>Open the License Management Console, click "Administration", and select the "Server Configuration" tab.

Click the "Secure Web Server Configuration" bar and verify "Select Enable HTTPS (Default 443)" is selected.

If "Select Enable HTTPS (Default 443)" is not selected, this is a finding.</check-content></check></Rule></Group><Group id="V-81415"><title>SRG-APP-000090</title><description>&lt;GroupDescription&gt;&lt;/GroupDescription&gt;</description><Rule id="SV-96129r3_rule" severity="medium" weight="10.0"><version>CXEN-LS-000135</version><title>XenDesktop License Server must allow only the ISSM (or individuals or roles appointed by the ISSM) to select which auditable events are to be audited.</title><description>&lt;VulnDiscussion&gt;Without the capability to restrict which roles and individuals can select which events are audited, unauthorized personnel may be able to prevent the auditing of critical events. Misconfigured audits may degrade the system's performance by overwhelming the audit log. Misconfigured audits may also make it more difficult to establish, correlate, and investigate the events relating to an incident, or identify those responsible for one. 

The list of audited events is the set of events for which audits are to be generated. This set of events is typically a subset of the list of all events for which the system is capable of generating audit records.&lt;/VulnDiscussion&gt;&lt;FalsePositives&gt;&lt;/FalsePositives&gt;&lt;FalseNegatives&gt;&lt;/FalseNegatives&gt;&lt;Documentable&gt;false&lt;/Documentable&gt;&lt;Mitigations&gt;&lt;/Mitigations&gt;&lt;SeverityOverrideGuidance&gt;&lt;/SeverityOverrideGuidance&gt;&lt;PotentialImpacts&gt;&lt;/PotentialImpacts&gt;&lt;ThirdPartyTools&gt;&lt;/ThirdPartyTools&gt;&lt;MitigationControl&gt;&lt;/MitigationControl&gt;&lt;Responsibility&gt;&lt;/Responsibility&gt;&lt;IAControls&gt;&lt;/IAControls&gt;</description><reference><dc:title>DPMS Target XenDesktop 7.x License Service</dc:title><dc:publisher>DISA</dc:publisher><dc:type>DPMS Target</dc:type><dc:subject>XenDesktop 7.x License Service</dc:subject><dc:identifier>3293</dc:identifier></reference><ident system="http://iase.disa.mil/cci">CCI-000171</ident><fixtext fixref="F-88231r3_fix">A default administrator account is created during the installation of the License Administration Console. Use the administrator account to first log on to the console and then configure more users. For Active Directory installations, domain\InstallUser** and BUILTIN\Administrators are added.

1. In the top right corner of the console, select Administration.

2. Select &gt;&gt; Settings &gt;&gt; Accounts.

3. Under User Administration, select Add to add appropriate domain users and groups.

4. Check the box to the left of the default accounts created during installation and any other necessary accounts, select Remove.

5. Click Vendor Daemon Configuration and select Administer in the Citrix vendor daemon line. Select Stop, wait 10 seconds. Select Start.

6. Log on to the License Management Console using the specified account. </fixtext><fix id="F-88231r3_fix" /><check system="C-81155r3_chk"><check-content-ref name="M" href="DPMS_XCCDF_Benchmark_Citrix_XenDesktop_License_Server_STIG.xml" /><check-content>1. Log on to the License Server with an administrator account.

2. To open the License Administration Console on the computer on which it is installed: Start menu, choose All Programs &gt;&gt; Citrix &gt;&gt; License Administration Console.

3. To open the console on a remote server or cluster, navigate your browser to one of the following URL options:

a. https://License server name:Web service port

b. https://Client access point name:Web service port

c. https://IP:Web service port

4. In the top right corner of the console, select Administration.

5. Select &gt;&gt; Settings &gt;&gt; Accounts.

6. Identify all License Server administrators as the appropriate Active Directory domain/user or domain/group account.

If the desired License Server administrator account is not returned, this is a finding.</check-content></check></Rule></Group><Group id="V-81417"><title>SRG-APP-000219</title><description>&lt;GroupDescription&gt;&lt;/GroupDescription&gt;</description><Rule id="SV-96131r1_rule" severity="medium" weight="10.0"><version>CXEN-LS-000480</version><title>XenDesktop License Server must protect the authenticity of communications sessions.</title><description>&lt;VulnDiscussion&gt;Authenticity protection provides protection against man-in-the-middle attacks/session hijacking and the insertion of false information into sessions.

Application communication sessions are protected using transport encryption protocols, such as SSL or TLS. SSL/TLS provide web applications with a way to authenticate user sessions and encrypt application traffic. Session authentication can be single (one-way) or mutual (two-way) in nature. Single authentication authenticates the server for the client, whereas mutual authentication provides a means for both the client and the server to authenticate each other. 

This requirement applies to applications that use communications sessions. This includes but is not limited to web-based applications and Service-Oriented Architectures (SOA). 

This requirement addresses communications protection at the application session, versus the network packet, and establishes grounds for confidence at both ends of communications sessions in ongoing identities of other parties and in the validity of information transmitted. Depending on the required degree of confidentiality and integrity, web services/SOA will require the use of SSL/TLS mutual authentication (two-way/bidirectional).&lt;/VulnDiscussion&gt;&lt;FalsePositives&gt;&lt;/FalsePositives&gt;&lt;FalseNegatives&gt;&lt;/FalseNegatives&gt;&lt;Documentable&gt;false&lt;/Documentable&gt;&lt;Mitigations&gt;&lt;/Mitigations&gt;&lt;SeverityOverrideGuidance&gt;&lt;/SeverityOverrideGuidance&gt;&lt;PotentialImpacts&gt;&lt;/PotentialImpacts&gt;&lt;ThirdPartyTools&gt;&lt;/ThirdPartyTools&gt;&lt;MitigationControl&gt;&lt;/MitigationControl&gt;&lt;Responsibility&gt;&lt;/Responsibility&gt;&lt;IAControls&gt;&lt;/IAControls&gt;</description><reference><dc:title>DPMS Target XenDesktop 7.x License Service</dc:title><dc:publisher>DISA</dc:publisher><dc:type>DPMS Target</dc:type><dc:subject>XenDesktop 7.x License Service</dc:subject><dc:identifier>3293</dc:identifier></reference><ident system="http://iase.disa.mil/cci">CCI-001184</ident><fixtext fixref="F-88233r1_fix">1. Copy a valid server certificate file and server certificate key file into the \\Citrix\Licensing\LS\conf\ folder of the License Server installation directory.
2. Click "Administration" and select the "Server Configuration" tab.
3. Click the "Secure Web Server Configuration" bar.
4. Select "Enable HTTPS (Default 443)".
5. Enter a port for the HTTPS communication.
6. Enter the location of the server certificate file and the server certificate key file.
7. Stop and restart the Citrix Licensing service from the services control panel of the machine running the license server.</fixtext><fix id="F-88233r1_fix" /><check system="C-81157r1_chk"><check-content-ref name="M" href="DPMS_XCCDF_Benchmark_Citrix_XenDesktop_License_Server_STIG.xml" /><check-content>Look in \\Citrix\Licensing\LS\conf\ folder of the License Server installation directory for cert file/cert key file.

Open the License Management Console, click "Administration", and select the "Server Configuration" tab.

Click the "Secure Web Server Configuration" bar and verify "Select Enable HTTPS (Default 443)" is selected.

If "Select Enable HTTPS (Default 443)" is not selected, this is a finding.

NOTE: You may be prompted to log in after "Administration".</check-content></check></Rule></Group><Group id="V-81419"><title>SRG-APP-000400</title><description>&lt;GroupDescription&gt;&lt;/GroupDescription&gt;</description><Rule id="SV-96133r1_rule" severity="medium" weight="10.0"><version>CXEN-LS-000880</version><title>XenDesktop License Server must prohibit the use of cached authenticators after an organization-defined time period.</title><description>&lt;VulnDiscussion&gt;If cached authentication information is out of date, the validity of the authentication information may be questionable.&lt;/VulnDiscussion&gt;&lt;FalsePositives&gt;&lt;/FalsePositives&gt;&lt;FalseNegatives&gt;&lt;/FalseNegatives&gt;&lt;Documentable&gt;false&lt;/Documentable&gt;&lt;Mitigations&gt;&lt;/Mitigations&gt;&lt;SeverityOverrideGuidance&gt;&lt;/SeverityOverrideGuidance&gt;&lt;PotentialImpacts&gt;&lt;/PotentialImpacts&gt;&lt;ThirdPartyTools&gt;&lt;/ThirdPartyTools&gt;&lt;MitigationControl&gt;&lt;/MitigationControl&gt;&lt;Responsibility&gt;&lt;/Responsibility&gt;&lt;IAControls&gt;&lt;/IAControls&gt;</description><reference><dc:title>DPMS Target XenDesktop 7.x License Service</dc:title><dc:publisher>DISA</dc:publisher><dc:type>DPMS Target</dc:type><dc:subject>XenDesktop 7.x License Service</dc:subject><dc:identifier>3293</dc:identifier></reference><ident system="http://iase.disa.mil/cci">CCI-002007</ident><fixtext fixref="F-88235r1_fix">1. Click "Administration" and select the "Server Configuration" tab.
2. Click the Web Server Configuration bar.
3. For Session Timeout, enter the value of “10” (minutes).</fixtext><fix id="F-88235r1_fix" /><check system="C-81159r1_chk"><check-content-ref name="M" href="DPMS_XCCDF_Benchmark_Citrix_XenDesktop_License_Server_STIG.xml" /><check-content>1. Click "Administration" and select the "Server Configuration" tab.
2. Click the "Web Server Configuration" bar and "Session Timeout".
3. Verify Session Timeout is set to “10”. 

If Session Timeout is not set to “10”, this is a finding.</check-content></check></Rule></Group><Group id="V-81421"><title>SRG-APP-000439</title><description>&lt;GroupDescription&gt;&lt;/GroupDescription&gt;</description><Rule id="SV-96135r1_rule" severity="medium" weight="10.0"><version>CXEN-LS-001000</version><title>XenDesktop License Server must protect the confidentiality and integrity of transmitted information.</title><description>&lt;VulnDiscussion&gt;Without protection of the transmitted information, confidentiality and integrity may be compromised since unprotected communications can be intercepted and read or altered. 

This requirement applies only to applications that are distributed or can allow access to data non-locally. Use of this requirement will be limited to situations where the data owner has a strict requirement for ensuring data integrity and confidentiality is maintained at every step of the data transfer and handling process. When transmitting data, applications need to leverage transmission protection mechanisms, such as TLS, SSL VPNs, or IPsec.

Communication paths outside the physical protection of a controlled boundary are exposed to the possibility of interception and modification. Protecting the confidentiality and integrity of organizational information can be accomplished by physical means (e.g., employing physical distribution systems) or by logical means (e.g., employing cryptographic techniques). If physical means of protection are employed, logical means (cryptography) do not have to be employed, and vice versa.&lt;/VulnDiscussion&gt;&lt;FalsePositives&gt;&lt;/FalsePositives&gt;&lt;FalseNegatives&gt;&lt;/FalseNegatives&gt;&lt;Documentable&gt;false&lt;/Documentable&gt;&lt;Mitigations&gt;&lt;/Mitigations&gt;&lt;SeverityOverrideGuidance&gt;&lt;/SeverityOverrideGuidance&gt;&lt;PotentialImpacts&gt;&lt;/PotentialImpacts&gt;&lt;ThirdPartyTools&gt;&lt;/ThirdPartyTools&gt;&lt;MitigationControl&gt;&lt;/MitigationControl&gt;&lt;Responsibility&gt;&lt;/Responsibility&gt;&lt;IAControls&gt;&lt;/IAControls&gt;</description><reference><dc:title>DPMS Target XenDesktop 7.x License Service</dc:title><dc:publisher>DISA</dc:publisher><dc:type>DPMS Target</dc:type><dc:subject>XenDesktop 7.x License Service</dc:subject><dc:identifier>3293</dc:identifier></reference><ident system="http://iase.disa.mil/cci">CCI-002418</ident><fixtext fixref="F-88237r1_fix">1. Copy a valid server certificate file and server certificate key file into the \\Citrix\Licensing\LS\conf\ folder of the License Server installation directory.
2. Click "Administration" and select the "Server Configuration" tab.
3. Click the "Secure Web Server Configuration" bar.
4. Select "Enable HTTPS (Default 443)".
5. Enter a port for the HTTPS communication.
6. Enter the location of the server certificate file and the server certificate key file.
7. Stop and restart the Citrix Licensing service from the services control panel of the machine running the license server.</fixtext><fix id="F-88237r1_fix" /><check system="C-81161r1_chk"><check-content-ref name="M" href="DPMS_XCCDF_Benchmark_Citrix_XenDesktop_License_Server_STIG.xml" /><check-content>Open the License Management Console, click "Administration", and select the "Server Configuration" tab.

Click the "Secure Web Server Configuration" bar and verify "Select Enable HTTPS (Default 443)" is selected.

If "Select Enable HTTPS (Default 443)" is not selected, this is a finding.</check-content></check></Rule></Group><Group id="V-81423"><title>SRG-APP-000440</title><description>&lt;GroupDescription&gt;&lt;/GroupDescription&gt;</description><Rule id="SV-96137r1_rule" severity="high" weight="10.0"><version>CXEN-LS-001005</version><title>XenDesktop License Server must implement cryptographic mechanisms to prevent unauthorized disclosure of information and/or detect changes to information during transmission unless otherwise protected by alternative physical safeguards, such as, at a minimum, a Protected Distribution Systems (PDS).</title><description>&lt;VulnDiscussion&gt;Encrypting information for transmission protects information from unauthorized disclosure and modification. Cryptographic mechanisms implemented to protect information integrity include, for example, cryptographic hash functions that have common application in digital signatures, checksums, and message authentication codes. 

This requirement applies only to applications that are distributed or can allow access to data non-locally. Use of this requirement will be limited to situations where the data owner has a strict requirement for ensuring data integrity and confidentiality is maintained at every step of the data transfer and handling process. When transmitting data, applications need to leverage transmission protection mechanisms, such as TLS, SSL VPNs, or IPsec.

Alternative physical protection measures include PDS. PDSs are used to transmit unencrypted classified National Security Information (NSI) through an area of lesser classification or control. Since the classified NSI is unencrypted, the PDS must provide adequate electrical, electromagnetic, and physical safeguards to deter exploitation.&lt;/VulnDiscussion&gt;&lt;FalsePositives&gt;&lt;/FalsePositives&gt;&lt;FalseNegatives&gt;&lt;/FalseNegatives&gt;&lt;Documentable&gt;false&lt;/Documentable&gt;&lt;Mitigations&gt;&lt;/Mitigations&gt;&lt;SeverityOverrideGuidance&gt;&lt;/SeverityOverrideGuidance&gt;&lt;PotentialImpacts&gt;&lt;/PotentialImpacts&gt;&lt;ThirdPartyTools&gt;&lt;/ThirdPartyTools&gt;&lt;MitigationControl&gt;&lt;/MitigationControl&gt;&lt;Responsibility&gt;&lt;/Responsibility&gt;&lt;IAControls&gt;&lt;/IAControls&gt;</description><reference><dc:title>DPMS Target XenDesktop 7.x License Service</dc:title><dc:publisher>DISA</dc:publisher><dc:type>DPMS Target</dc:type><dc:subject>XenDesktop 7.x License Service</dc:subject><dc:identifier>3293</dc:identifier></reference><ident system="http://iase.disa.mil/cci">CCI-002421</ident><fixtext fixref="F-88239r1_fix">1. Copy a valid server certificate file and server certificate key file into the \\Citrix\Licensing\LS\conf\ folder of the License Server installation directory.
2. Click "Administration" and select the "Server Configuration" tab.
3. Click the "Secure Web Server Configuration" bar.
4. Select "Enable HTTPS (Default 443)".
5. Enter a port for the HTTPS communication.
6. Enter the location of the server certificate file and the server certificate key file.
7. Stop and restart the Citrix Licensing service from the services control panel of the machine running the license server.</fixtext><fix id="F-88239r1_fix" /><check system="C-81163r1_chk"><check-content-ref name="M" href="DPMS_XCCDF_Benchmark_Citrix_XenDesktop_License_Server_STIG.xml" /><check-content>Open the License Management Console, click "Administration", and select the "Server Configuration" tab.

Click the "Secure Web Server Configuration" bar and verify "Select Enable HTTPS (Default 443)" is selected.

If "Select Enable HTTPS (Default 443)" is not selected, this is a finding.</check-content></check></Rule></Group><Group id="V-81425"><title>SRG-APP-000442</title><description>&lt;GroupDescription&gt;&lt;/GroupDescription&gt;</description><Rule id="SV-96139r1_rule" severity="medium" weight="10.0"><version>CXEN-LS-001015</version><title>XenDesktop License Server must maintain the confidentiality and integrity of information during reception.</title><description>&lt;VulnDiscussion&gt;Information can be unintentionally or maliciously disclosed or modified during reception including, for example, during aggregation, at protocol transformation points, and during packing/unpacking. These unauthorized disclosures or modifications compromise the confidentiality or integrity of the information.

This requirement applies only to applications that are distributed or can allow access to data non-locally. Use of this requirement will be limited to situations where the data owner has a strict requirement for ensuring data integrity and confidentiality is maintained at every step of the data transfer and handling process. When receiving data, applications need to leverage protection mechanisms, such as TLS, SSL VPNs, or IPsec.&lt;/VulnDiscussion&gt;&lt;FalsePositives&gt;&lt;/FalsePositives&gt;&lt;FalseNegatives&gt;&lt;/FalseNegatives&gt;&lt;Documentable&gt;false&lt;/Documentable&gt;&lt;Mitigations&gt;&lt;/Mitigations&gt;&lt;SeverityOverrideGuidance&gt;&lt;/SeverityOverrideGuidance&gt;&lt;PotentialImpacts&gt;&lt;/PotentialImpacts&gt;&lt;ThirdPartyTools&gt;&lt;/ThirdPartyTools&gt;&lt;MitigationControl&gt;&lt;/MitigationControl&gt;&lt;Responsibility&gt;&lt;/Responsibility&gt;&lt;IAControls&gt;&lt;/IAControls&gt;</description><reference><dc:title>DPMS Target XenDesktop 7.x License Service</dc:title><dc:publisher>DISA</dc:publisher><dc:type>DPMS Target</dc:type><dc:subject>XenDesktop 7.x License Service</dc:subject><dc:identifier>3293</dc:identifier></reference><ident system="http://iase.disa.mil/cci">CCI-002422</ident><fixtext fixref="F-88241r1_fix">1. Copy a valid server certificate file and server certificate key file into the \\Citrix\Licensing\LS\conf\ folder of the License Server installation directory.
2. Click "Administration" and select the "Server Configuration" tab.
3. Click the "Secure Web Server Configuration" bar.
4. Select "Enable HTTPS (Default 443)".
5. Enter a port for the HTTPS communication.
6. Enter the location of the server certificate file and the server certificate key file.
7. Stop and restart the Citrix Licensing service from the services control panel of the machine running the license server.</fixtext><fix id="F-88241r1_fix" /><check system="C-81165r1_chk"><check-content-ref name="M" href="DPMS_XCCDF_Benchmark_Citrix_XenDesktop_License_Server_STIG.xml" /><check-content>Open the License Management Console, click "Administration", and select the "Server Configuration" tab.

Click the "Secure Web Server Configuration" bar and verify "Select Enable HTTPS (Default 443)" is selected.

If "Select Enable HTTPS (Default 443)" is not selected, this is a finding.</check-content></check></Rule></Group></Benchmark>