<Backups xmlns="http://www.microsoft.com/GroupPolicy/GPOOperations/Manifest" xmlns:mfst="http://www.microsoft.com/GroupPolicy/GPOOperations/Manifest" mfst:version="1.0"><BackupInst><GPOGuid><![CDATA[{0D2312ED-AC49-4973-ABCE-CE5AA9CC6DA2}]]></GPOGuid><GPODomain><![CDATA[security.local]]></GPODomain><GPODomainGuid><![CDATA[{2b127034-e676-4f54-b03a-e700e3004cb0}]]></GPODomainGuid><GPODomainController><![CDATA[GPOSrv2016.security.local]]></GPODomainController><BackupTime><![CDATA[2023-09-11T15:22:12]]></BackupTime><ID><![CDATA[{5BFE3D32-1D69-4690-89AB-A47EB67CB5AB}]]></ID><Comment><![CDATA[]]></Comment><GPODisplayName><![CDATA[DoD WinSvr 2016 MS STIG User v2r7]]></GPODisplayName></BackupInst><BackupInst><GPOGuid><![CDATA[{AB5A172A-975B-47F6-B1BF-7510B0B5B526}]]></GPOGuid><GPODomain><![CDATA[security.local]]></GPODomain><GPODomainGuid><![CDATA[{2b127034-e676-4f54-b03a-e700e3004cb0}]]></GPODomainGuid><GPODomainController><![CDATA[GPOSrv2016.security.local]]></GPODomainController><BackupTime><![CDATA[2023-09-11T15:22:11]]></BackupTime><ID><![CDATA[{069B9D7C-9153-4D07-B855-7D790584BB52}]]></ID><Comment><![CDATA[]]></Comment><GPODisplayName><![CDATA[DoD WinSvr 2016 MS STIG Comp v2r7]]></GPODisplayName></BackupInst><BackupInst><GPOGuid><![CDATA[{63B42537-7DF8-4081-B222-962A6A71F0EB}]]></GPOGuid><GPODomain><![CDATA[security.local]]></GPODomain><GPODomainGuid><![CDATA[{2b127034-e676-4f54-b03a-e700e3004cb0}]]></GPODomainGuid><GPODomainController><![CDATA[GPOSrv2016.security.local]]></GPODomainController><BackupTime><![CDATA[2023-09-11T15:22:10]]></BackupTime><ID><![CDATA[{8678A4B4-B136-4D25-826E-901A048E0396}]]></ID><Comment><![CDATA[]]></Comment><GPODisplayName><![CDATA[DoD WinSvr 2016 DC STIG User v2r7]]></GPODisplayName></BackupInst><BackupInst><GPOGuid><![CDATA[{539CA28A-D706-48B3-B65A-C3F0A6535E97}]]></GPOGuid><GPODomain><![CDATA[security.local]]></GPODomain><GPODomainGuid><![CDATA[{2b127034-e676-4f54-b03a-e700e3004cb0}]]></GPODomainGuid><GPODomainController><![CDATA[GPOSrv2016.security.local]]></GPODomainController><BackupTime><![CDATA[2023-09-11T15:21:50]]></BackupTime><ID><![CDATA[{525FC03E-D4DA-4C20-974F-E53A87D3B2A7}]]></ID><Comment><![CDATA[]]></Comment><GPODisplayName><![CDATA[DoD WinSvr 2016 DC STIG Comp v2r7]]></GPODisplayName></BackupInst></Backups>