<?xml version="1.0" encoding="utf-8"?><?xml-stylesheet type='text/xsl' href='STIG_unclass.xsl'?><Benchmark xmlns:dsig="http://www.w3.org/2000/09/xmldsig#" xmlns:xsi="http://www.w3.org/2001/XMLSchema-instance" xmlns:cpe="http://cpe.mitre.org/language/2.0" xmlns:xhtml="http://www.w3.org/1999/xhtml" xmlns:dc="http://purl.org/dc/elements/1.1/" id="SAN" xml:lang="en" xsi:schemaLocation="http://checklists.nist.gov/xccdf/1.1 http://nvd.nist.gov/schema/xccdf-1.1.4.xsd http://cpe.mitre.org/dictionary/2.0 http://cpe.mitre.org/files/cpe-dictionary_2.1.xsd" xmlns="http://checklists.nist.gov/xccdf/1.1"><status date="2019-06-28">accepted</status><title>Storage Area Network STIG</title><description>This Security Technical Implementation Guide is published as a tool to improve the security of Department of Defense (DoD) information systems. The requirements are derived from the National Institute of Standards and Technology (NIST) 800-53 and related documents. Comments or proposed revisions to this document should be sent via email to the following address: disa.stig_spt@mail.mil.</description><notice id="terms-of-use" xml:lang="en"></notice><reference href="http://iase.disa.mil"><dc:publisher>DISA</dc:publisher><dc:source>STIG.DOD.MIL</dc:source></reference><plain-text id="release-info">Release: 4 Benchmark Date: 26 Jul 2019</plain-text><version>2</version><Profile id="MAC-1_Classified"><title>I - Mission Critical Classified</title><description>&lt;ProfileDescription&gt;&lt;/ProfileDescription&gt;</description><select idref="V-6605" selected="true" /><select idref="V-6608" selected="true" /><select idref="V-6610" selected="true" /><select idref="V-6613" selected="true" /><select idref="V-6619" selected="true" /><select idref="V-6622" selected="true" /><select idref="V-6623" selected="true" /><select idref="V-6628" selected="true" /><select idref="V-6631" selected="true" /><select idref="V-6632" selected="true" /><select idref="V-6633" selected="true" /><select idref="V-6634" selected="true" /><select idref="V-6635" selected="true" /><select idref="V-6636" selected="true" /><select idref="V-6637" selected="true" /><select idref="V-6638" selected="true" /><select idref="V-6639" selected="true" /><select idref="V-6645" selected="true" /><select idref="V-6646" selected="true" /><select idref="V-6647" selected="true" /><select idref="V-6648" selected="true" /><select idref="V-6652" selected="true" /><select idref="V-6656" selected="true" /><select idref="V-6657" selected="true" /><select idref="V-6660" selected="true" /><select idref="V-6661" selected="true" /><select idref="V-7081" selected="true" /></Profile><Profile id="MAC-1_Public"><title>I - Mission Critical Public</title><description>&lt;ProfileDescription&gt;&lt;/ProfileDescription&gt;</description><select idref="V-6605" selected="true" /><select idref="V-6608" selected="true" /><select idref="V-6610" selected="true" /><select idref="V-6613" selected="true" /><select idref="V-6619" selected="true" /><select idref="V-6622" selected="true" /><select idref="V-6623" selected="true" /><select idref="V-6628" selected="true" /><select idref="V-6633" selected="true" /><select idref="V-6635" selected="true" /><select idref="V-6636" selected="true" /><select idref="V-6637" selected="true" /><select idref="V-6647" selected="true" /><select idref="V-6648" selected="true" /><select idref="V-6652" selected="true" /><select idref="V-6656" selected="true" /><select idref="V-6660" selected="true" /><select idref="V-6661" selected="true" /><select idref="V-7081" selected="true" /></Profile><Profile id="MAC-1_Sensitive"><title>I - Mission Critical Sensitive</title><description>&lt;ProfileDescription&gt;&lt;/ProfileDescription&gt;</description><select idref="V-6605" selected="true" /><select idref="V-6608" selected="true" /><select idref="V-6610" selected="true" /><select idref="V-6613" selected="true" /><select idref="V-6619" selected="true" /><select idref="V-6622" selected="true" /><select idref="V-6623" selected="true" /><select idref="V-6628" selected="true" /><select idref="V-6631" selected="true" /><select idref="V-6632" selected="true" /><select idref="V-6633" selected="true" /><select idref="V-6634" selected="true" /><select idref="V-6635" selected="true" /><select idref="V-6636" selected="true" /><select idref="V-6637" selected="true" /><select idref="V-6638" selected="true" /><select idref="V-6639" selected="true" /><select idref="V-6645" selected="true" /><select idref="V-6646" selected="true" /><select idref="V-6647" selected="true" /><select idref="V-6648" selected="true" /><select idref="V-6652" selected="true" /><select idref="V-6656" selected="true" /><select idref="V-6657" selected="true" /><select idref="V-6660" selected="true" /><select idref="V-6661" selected="true" /><select idref="V-7081" selected="true" /></Profile><Profile id="MAC-2_Classified"><title>II - Mission Support Classified</title><description>&lt;ProfileDescription&gt;&lt;/ProfileDescription&gt;</description><select idref="V-6605" selected="true" /><select idref="V-6608" selected="true" /><select idref="V-6610" selected="true" /><select idref="V-6613" selected="true" /><select idref="V-6619" selected="true" /><select idref="V-6622" selected="true" /><select idref="V-6623" selected="true" /><select idref="V-6628" selected="true" /><select idref="V-6631" selected="true" /><select idref="V-6632" selected="true" /><select idref="V-6633" selected="true" /><select idref="V-6634" selected="true" /><select idref="V-6635" selected="true" /><select idref="V-6636" selected="true" /><select idref="V-6637" selected="true" /><select idref="V-6638" selected="true" /><select idref="V-6639" selected="true" /><select idref="V-6645" selected="true" /><select idref="V-6646" selected="true" /><select idref="V-6647" selected="true" /><select idref="V-6648" selected="true" /><select idref="V-6652" selected="true" /><select idref="V-6656" selected="true" /><select idref="V-6657" selected="true" /><select idref="V-6660" selected="true" /><select idref="V-6661" selected="true" /><select idref="V-7081" selected="true" /></Profile><Profile id="MAC-2_Public"><title>II - Mission Support Public</title><description>&lt;ProfileDescription&gt;&lt;/ProfileDescription&gt;</description><select idref="V-6605" selected="true" /><select idref="V-6608" selected="true" /><select idref="V-6610" selected="true" /><select idref="V-6613" selected="true" /><select idref="V-6619" selected="true" /><select idref="V-6622" selected="true" /><select idref="V-6623" selected="true" /><select idref="V-6628" selected="true" /><select idref="V-6633" selected="true" /><select idref="V-6635" selected="true" /><select idref="V-6636" selected="true" /><select idref="V-6637" selected="true" /><select idref="V-6647" selected="true" /><select idref="V-6648" selected="true" /><select idref="V-6652" selected="true" /><select idref="V-6656" selected="true" /><select idref="V-6660" selected="true" /><select idref="V-6661" selected="true" /><select idref="V-7081" selected="true" /></Profile><Profile id="MAC-2_Sensitive"><title>II - Mission Support Sensitive</title><description>&lt;ProfileDescription&gt;&lt;/ProfileDescription&gt;</description><select idref="V-6605" selected="true" /><select idref="V-6608" selected="true" /><select idref="V-6610" selected="true" /><select idref="V-6613" selected="true" /><select idref="V-6619" selected="true" /><select idref="V-6622" selected="true" /><select idref="V-6623" selected="true" /><select idref="V-6628" selected="true" /><select idref="V-6631" selected="true" /><select idref="V-6632" selected="true" /><select idref="V-6633" selected="true" /><select idref="V-6634" selected="true" /><select idref="V-6635" selected="true" /><select idref="V-6636" selected="true" /><select idref="V-6637" selected="true" /><select idref="V-6638" selected="true" /><select idref="V-6639" selected="true" /><select idref="V-6645" selected="true" /><select idref="V-6646" selected="true" /><select idref="V-6647" selected="true" /><select idref="V-6648" selected="true" /><select idref="V-6652" selected="true" /><select idref="V-6656" selected="true" /><select idref="V-6657" selected="true" /><select idref="V-6660" selected="true" /><select idref="V-6661" selected="true" /><select idref="V-7081" selected="true" /></Profile><Profile id="MAC-3_Classified"><title>III - Administrative Classified</title><description>&lt;ProfileDescription&gt;&lt;/ProfileDescription&gt;</description><select idref="V-6605" selected="true" /><select idref="V-6608" selected="true" /><select idref="V-6610" selected="true" /><select idref="V-6613" selected="true" /><select idref="V-6619" selected="true" /><select idref="V-6622" selected="true" /><select idref="V-6623" selected="true" /><select idref="V-6628" selected="true" /><select idref="V-6631" selected="true" /><select idref="V-6632" selected="true" /><select idref="V-6633" selected="true" /><select idref="V-6634" selected="true" /><select idref="V-6635" selected="true" /><select idref="V-6636" selected="true" /><select idref="V-6637" selected="true" /><select idref="V-6638" selected="true" /><select idref="V-6639" selected="true" /><select idref="V-6645" selected="true" /><select idref="V-6646" selected="true" /><select idref="V-6647" selected="true" /><select idref="V-6648" selected="true" /><select idref="V-6652" selected="true" /><select idref="V-6656" selected="true" /><select idref="V-6657" selected="true" /><select idref="V-6660" selected="true" /><select idref="V-6661" selected="true" /><select idref="V-7081" selected="true" /></Profile><Profile id="MAC-3_Public"><title>III - Administrative Public</title><description>&lt;ProfileDescription&gt;&lt;/ProfileDescription&gt;</description><select idref="V-6605" selected="true" /><select idref="V-6608" selected="true" /><select idref="V-6610" selected="true" /><select idref="V-6613" selected="true" /><select idref="V-6619" selected="true" /><select idref="V-6622" selected="true" /><select idref="V-6623" selected="true" /><select idref="V-6628" selected="true" /><select idref="V-6633" selected="true" /><select idref="V-6635" selected="true" /><select idref="V-6636" selected="true" /><select idref="V-6637" selected="true" /><select idref="V-6647" selected="true" /><select idref="V-6648" selected="true" /><select idref="V-6652" selected="true" /><select idref="V-6656" selected="true" /><select idref="V-6660" selected="true" /><select idref="V-6661" selected="true" /><select idref="V-7081" selected="true" /></Profile><Profile id="MAC-3_Sensitive"><title>III - Administrative Sensitive</title><description>&lt;ProfileDescription&gt;&lt;/ProfileDescription&gt;</description><select idref="V-6605" selected="true" /><select idref="V-6608" selected="true" /><select idref="V-6610" selected="true" /><select idref="V-6613" selected="true" /><select idref="V-6619" selected="true" /><select idref="V-6622" selected="true" /><select idref="V-6623" selected="true" /><select idref="V-6628" selected="true" /><select idref="V-6631" selected="true" /><select idref="V-6632" selected="true" /><select idref="V-6633" selected="true" /><select idref="V-6634" selected="true" /><select idref="V-6635" selected="true" /><select idref="V-6636" selected="true" /><select idref="V-6637" selected="true" /><select idref="V-6638" selected="true" /><select idref="V-6639" selected="true" /><select idref="V-6645" selected="true" /><select idref="V-6646" selected="true" /><select idref="V-6647" selected="true" /><select idref="V-6648" selected="true" /><select idref="V-6652" selected="true" /><select idref="V-6656" selected="true" /><select idref="V-6657" selected="true" /><select idref="V-6660" selected="true" /><select idref="V-6661" selected="true" /><select idref="V-7081" selected="true" /></Profile><Group id="V-6605"><title>The default zone visibility is not set to "none"</title><description>&lt;GroupDescription&gt;&lt;/GroupDescription&gt;</description><Rule id="SV-6724r1_rule" severity="medium" weight="10.0"><version>SAN03.003.00</version><title>The default zone visibility setting is not set to “none”.</title><description>&lt;VulnDiscussion&gt;If the default zone visibility setting is set to "none", new clients brought into the SAN will not be allowed access to any SAN zone they are not explicitly placed into.
The IAO/NSO will ensure that the default zone visibility setting, if available, is set to “none”.&lt;/VulnDiscussion&gt;&lt;FalsePositives&gt;&lt;/FalsePositives&gt;&lt;FalseNegatives&gt;&lt;/FalseNegatives&gt;&lt;Documentable&gt;false&lt;/Documentable&gt;&lt;Mitigations&gt;&lt;/Mitigations&gt;&lt;SeverityOverrideGuidance&gt;&lt;/SeverityOverrideGuidance&gt;&lt;PotentialImpacts&gt;If there are client systems that have not explicitly been placed in a zone they may be denied access to data they need.&lt;/PotentialImpacts&gt;&lt;ThirdPartyTools&gt;&lt;/ThirdPartyTools&gt;&lt;MitigationControl&gt;&lt;/MitigationControl&gt;&lt;Responsibility&gt;Information Assurance Officer&lt;/Responsibility&gt;&lt;Responsibility&gt;Network Security Officer&lt;/Responsibility&gt;&lt;IAControls&gt;&lt;/IAControls&gt;</description><reference><dc:title>DPMS Target SANS Storage Device</dc:title><dc:publisher>DISA</dc:publisher><dc:type>DPMS Target</dc:type><dc:subject>SANS Storage Device</dc:subject><dc:identifier>539</dc:identifier></reference><reference><dc:title>DPMS Target SANS Switch</dc:title><dc:publisher>DISA</dc:publisher><dc:type>DPMS Target</dc:type><dc:subject>SANS Switch</dc:subject><dc:identifier>540</dc:identifier></reference><fixtext fixref="F-6189r1_fix">Locate all clients that have not been explicitly placed into a zone.  Create a plan to explicitly place these clients into the correct zone(s) and after doing so the plan will include the modification of the default zone visibility setting to “none”. Obtain CM approval of the plan and then, following the plan, reconfigure the SAN to allow for the default zone visibility setting to be set to “none”.</fixtext><fix id="F-6189r1_fix" /><check system="C-2429r1_chk"><check-content-ref name="M" href="DPMS_XCCDF_Benchmark_SAN.xml" /><check-content>Reviewer with the assistance of the IAO/NSO, verify that the default zone visibility setting is set to “none”..  If this setting is not available mark this check as N/A.</check-content></check></Rule></Group><Group id="V-6608"><title>Hard zoning is not used to protect the SAN.</title><description>&lt;GroupDescription&gt;&lt;/GroupDescription&gt;</description><Rule id="SV-6727r1_rule" severity="high" weight="10.0"><version>SAN03.002.00</version><title>Hard zoning is not used to protect the SAN.</title><description>&lt;VulnDiscussion&gt;Risk:  In a SAN environment, we potentially have data with differing levels or need-to-know stored on the same "system".  A high level of assurance that a valid entity (user/system/process) of one set of data is not inadvertently given access to data that is unauthorized. Depending on the data and implementation, lack of hard zoning could provide access to classifed, administrative configuration, or other privileged information.

A zone is considered to be "hard" if it is hardware enforced.  In other words, it is considered “hard” in that they are always enforced by the destination ASIC. "Soft" zoning is more flexible but is also more vulnerable.    

In "soft" or WWN-enforced zoning, however, the HBA on the initiating devices store a copy of the name server entries, which were discovered in the last IO scan/discovery. It is possible for the HBA to include old addresses, which are no longer allowed in the newly established zoning rules. So your goal is to mitigate this risk in some way.

If hardware enforced zoning is used this is not an issue as the destination port will not allow any access regardless of what the OS/HBA “thinks” it has access to. 

Supplementary Note: Registry State Change Notifications ( RSCN ) storms in large SAN deployments are another factor of which the system administrator must be aware. RSCNs are a broadcast function that allows notification to registered devices when a state change occurs within a SAN topology. These changes could be as simple as a cable being unplugged or a new HBA being connected. When such changes take place, all members would have to be notified of the change and conflicts would have to be resolved, before the name servers are updated. In large configurations it could take a long time for the entire system to stabilize, impairing performance. Effective zoning on the switch would help in minimizing RSCN storms, as only devices within a zone would get notified of state changes. It would also be ideal to make note of business critical servers and make changes to zones and fabrics that affect these servers at non business critical times. Tape fabrics could also be separated from disk fabric (although this comes at a cost). Statistics of RSCN's are available from a few switch vendors. Monitoring these consistently and considering these before expansion of SAN's would help you with effective storage deployments. &lt;/VulnDiscussion&gt;&lt;FalsePositives&gt;&lt;/FalsePositives&gt;&lt;FalseNegatives&gt;&lt;/FalseNegatives&gt;&lt;Documentable&gt;false&lt;/Documentable&gt;&lt;Mitigations&gt;&lt;/Mitigations&gt;&lt;SeverityOverrideGuidance&gt;Although soft zoning is not recommended for DoD SAN implementations, this form of zoning does partially mitigate the risk and is preferred to no zoning. If soft zoning is used AND the system is does not process classified information, then this finding may be downgraded to a CAT 2 with a
POA&amp;M documenting a migration plan for implementation of hard zoning.&lt;/SeverityOverrideGuidance&gt;&lt;PotentialImpacts&gt;If the zoning ACLs are not properly migrated from the soft zoning format to the hard zoning format a denial of service can be created where a client is not allowed to access required data.  Also a compromise of sensitive data can occur if a client is allowed access to data not required.  This can also happen if you are moving from no zoning to hard zoning and incorrectly configure the ACLs.&lt;/PotentialImpacts&gt;&lt;ThirdPartyTools&gt;&lt;/ThirdPartyTools&gt;&lt;MitigationControl&gt;&lt;/MitigationControl&gt;&lt;Responsibility&gt;Information Assurance Officer&lt;/Responsibility&gt;&lt;Responsibility&gt;Network Security Officer&lt;/Responsibility&gt;&lt;IAControls&gt;&lt;/IAControls&gt;</description><reference><dc:title>DPMS Target SANS Storage Device</dc:title><dc:publisher>DISA</dc:publisher><dc:type>DPMS Target</dc:type><dc:subject>SANS Storage Device</dc:subject><dc:identifier>539</dc:identifier></reference><reference><dc:title>DPMS Target SANS Switch</dc:title><dc:publisher>DISA</dc:publisher><dc:type>DPMS Target</dc:type><dc:subject>SANS Switch</dc:subject><dc:identifier>540</dc:identifier></reference><fixtext fixref="F-6195r1_fix">If zoning has not been implemented, develop a zone topography.  From the topography, create a plan to implement hard zoning, obtain CM approval of the plan and then, following the plan, reconfigure the SAN to support hard zoning.

If zoning has been implemented, develop a plan to migrate to hard zoning, obtain CM approval of the plan and then, following the plan, reconfigure the SAN to support hard zoning.
</fixtext><fix id="F-6195r1_fix" /><check system="C-2436r1_chk"><check-content-ref name="M" href="DPMS_XCCDF_Benchmark_SAN.xml" /><check-content>The reviewer, with the assistance of the IAO/NSO, will verify that hard zoning is used to protect the SAN.

If soft zoning is used, this is a finding.  If soft zoning must be used (with DAA approval), this is still a CAT II finding and a migration plan must be in place.  However, note that the HBA’s memory is non-persistent, thus when zoning changes are made, a policy must be in place (show via the log that it is enforced) to force a state change update in the affected HBAs immediately after making zoning changes.
</check-content></check></Rule></Group><Group id="V-6610"><title>Compliance with Network Infrastructure and Enclave</title><description>&lt;GroupDescription&gt;&lt;/GroupDescription&gt;</description><Rule id="SV-6730r1_rule" severity="medium" weight="10.0"><version>SAN04.002.00</version><title>The SANs are not compliant with overall network security architecture, appropriate enclave, and data center security requirements in the Network Infrastructure STIG and the Enclave STIG</title><description>&lt;VulnDiscussion&gt;Inconsistencies with the Network Infrastructure STIG, the Enclave STIG, and the SAN implementation can lead to the creation of vulnerabilities in the network or the enclave.&lt;/VulnDiscussion&gt;&lt;FalsePositives&gt;&lt;/FalsePositives&gt;&lt;FalseNegatives&gt;&lt;/FalseNegatives&gt;&lt;Documentable&gt;false&lt;/Documentable&gt;&lt;Mitigations&gt;&lt;/Mitigations&gt;&lt;SeverityOverrideGuidance&gt;&lt;/SeverityOverrideGuidance&gt;&lt;PotentialImpacts&gt;&lt;/PotentialImpacts&gt;&lt;ThirdPartyTools&gt;&lt;/ThirdPartyTools&gt;&lt;MitigationControl&gt;&lt;/MitigationControl&gt;&lt;Responsibility&gt;System Administrator&lt;/Responsibility&gt;&lt;Responsibility&gt;Network Security Officer&lt;/Responsibility&gt;&lt;IAControls&gt;&lt;/IAControls&gt;</description><reference><dc:title>DPMS Target SANS Storage Device</dc:title><dc:publisher>DISA</dc:publisher><dc:type>DPMS Target</dc:type><dc:subject>SANS Storage Device</dc:subject><dc:identifier>539</dc:identifier></reference><reference><dc:title>DPMS Target SANS Switch</dc:title><dc:publisher>DISA</dc:publisher><dc:type>DPMS Target</dc:type><dc:subject>SANS Switch</dc:subject><dc:identifier>540</dc:identifier></reference><fixtext fixref="F-6199r1_fix">Perform a self assessment with the Network Infrastructure checklist and the Enclave checklist or schedule a formal review with FSO.</fixtext><fix id="F-6199r1_fix" /><check system="C-2444r1_chk"><check-content-ref name="I" href="DPMS_XCCDF_Benchmark_SAN.xml" /><check-content>The reviewer will interview the IAO/NSO to validate that SANs are compliant with overall network security architecture, appropriate enclave, and data center security requirements in the Network Infrastructure STIG and the Enclave STIG.  

NOTE: The intent of this check is to ensure that the other checklists were applied. If they are applied then, regardless of what the findings are, this is not a finding. The objective of this policy is met if the other checklists were applied and documented. 
</check-content></check></Rule></Group><Group id="V-6613"><title>All security related patches are not installed.</title><description>&lt;GroupDescription&gt;&lt;/GroupDescription&gt;</description><Rule id="SV-6733r1_rule" severity="medium" weight="10.0"><version>SAN04.003.00</version><title>All security related patches are not installed.</title><description>&lt;VulnDiscussion&gt;Failure to install security related patches leaves the SAN open to attack by exploiting known vulnerabilities.
The IAO/NSO will ensure that all security-related patches are installed.&lt;/VulnDiscussion&gt;&lt;FalsePositives&gt;&lt;/FalsePositives&gt;&lt;FalseNegatives&gt;&lt;/FalseNegatives&gt;&lt;Documentable&gt;false&lt;/Documentable&gt;&lt;Mitigations&gt;&lt;/Mitigations&gt;&lt;SeverityOverrideGuidance&gt;&lt;/SeverityOverrideGuidance&gt;&lt;PotentialImpacts&gt;Untested patches can lead to the SAN degradation or failure.&lt;/PotentialImpacts&gt;&lt;ThirdPartyTools&gt;&lt;/ThirdPartyTools&gt;&lt;MitigationControl&gt;&lt;/MitigationControl&gt;&lt;Responsibility&gt;Information Assurance Officer&lt;/Responsibility&gt;&lt;Responsibility&gt;Network Security Officer&lt;/Responsibility&gt;&lt;IAControls&gt;VIVM-1&lt;/IAControls&gt;</description><reference><dc:title>DPMS Target SANS Storage Device</dc:title><dc:publisher>DISA</dc:publisher><dc:type>DPMS Target</dc:type><dc:subject>SANS Storage Device</dc:subject><dc:identifier>539</dc:identifier></reference><reference><dc:title>DPMS Target SANS Switch</dc:title><dc:publisher>DISA</dc:publisher><dc:type>DPMS Target</dc:type><dc:subject>SANS Switch</dc:subject><dc:identifier>540</dc:identifier></reference><fixtext fixref="F-6202r1_fix">After verifying that the patches do not adversely impact the production SAN, create a plan for installing the patches on the SAN, obtain CM approval of the plan, and implement the plan installing the patches.</fixtext><fix id="F-6202r1_fix" /><check system="C-2454r1_chk"><check-content-ref name="M" href="DPMS_XCCDF_Benchmark_SAN.xml" /><check-content>The reviewer will, with the assistance of the IAO/NSO, verify that all security related patches are installed.</check-content></check></Rule></Group><Group id="V-6619"><title>Component Compliance with applicable STIG</title><description>&lt;GroupDescription&gt;&lt;/GroupDescription&gt;</description><Rule id="SV-6739r1_rule" severity="medium" weight="10.0"><version>SAN04.004.00</version><title>Prior to installing SAN components (servers, switches, and management stations) onto the DOD network infrastructure, components are not configured to meet the applicable STIG requirements.</title><description>&lt;VulnDiscussion&gt;Many SAN components (servers, switches, management stations) have security requirements from other STIGs.  It will be verified that all requirement are complied with.
The IAO/NSO will ensure that prior to installing SAN components (servers, switches, and management stations) onto the DOD network infrastructure, components are configured to meet the applicable STIG requirements.&lt;/VulnDiscussion&gt;&lt;FalsePositives&gt;&lt;/FalsePositives&gt;&lt;FalseNegatives&gt;&lt;/FalseNegatives&gt;&lt;Documentable&gt;false&lt;/Documentable&gt;&lt;Mitigations&gt;&lt;/Mitigations&gt;&lt;SeverityOverrideGuidance&gt;&lt;/SeverityOverrideGuidance&gt;&lt;PotentialImpacts&gt;&lt;/PotentialImpacts&gt;&lt;ThirdPartyTools&gt;&lt;/ThirdPartyTools&gt;&lt;MitigationControl&gt;&lt;/MitigationControl&gt;&lt;Responsibility&gt;Information Assurance Officer&lt;/Responsibility&gt;&lt;Responsibility&gt;Network Security Officer&lt;/Responsibility&gt;&lt;IAControls&gt;&lt;/IAControls&gt;</description><reference><dc:title>DPMS Target SANS Storage Device</dc:title><dc:publisher>DISA</dc:publisher><dc:type>DPMS Target</dc:type><dc:subject>SANS Storage Device</dc:subject><dc:identifier>539</dc:identifier></reference><reference><dc:title>DPMS Target SANS Switch</dc:title><dc:publisher>DISA</dc:publisher><dc:type>DPMS Target</dc:type><dc:subject>SANS Switch</dc:subject><dc:identifier>540</dc:identifier></reference><fixtext fixref="F-6207r1_fix">Perform a self assessment using the applicable checklists or scripts on any component device that has not been reviewed or request a formal review from FSO.</fixtext><fix id="F-6207r1_fix" /><check system="C-2463r1_chk"><check-content-ref name="I" href="DPMS_XCCDF_Benchmark_SAN.xml" /><check-content>The reviewer will interview the IAO/NSO and view VMS to verify that prior to installing SAN components (servers, switches, and management stations) onto the DOD network infrastructure, components are configured to meet the applicable STIG requirements.</check-content></check></Rule></Group><Group id="V-6622"><title>Servers and hosts OS STIG Requirements</title><description>&lt;GroupDescription&gt;&lt;/GroupDescription&gt;</description><Rule id="SV-6742r1_rule" severity="medium" weight="10.0"><version>SAN04.005.00</version><title>Servers and other hosts are not compliant with applicable Operating System (OS) STIG requirements.</title><description>&lt;VulnDiscussion&gt;SAN servers and other hosts are hardware software combinations that actually run under the control of a native OS found on the component.  This OS may be UNIX, LNIX, Windows, etc.  The underlying OS must be configured to be compliant with the applicable STIG to ensure that they do not insert known vulnerabilities into the DOD network infrastructure.
The IAO/NSO will ensure that servers and other hosts are compliant with applicable Operating System (OS) STIG requirements.&lt;/VulnDiscussion&gt;&lt;FalsePositives&gt;&lt;/FalsePositives&gt;&lt;FalseNegatives&gt;&lt;/FalseNegatives&gt;&lt;Documentable&gt;false&lt;/Documentable&gt;&lt;Mitigations&gt;&lt;/Mitigations&gt;&lt;SeverityOverrideGuidance&gt;&lt;/SeverityOverrideGuidance&gt;&lt;PotentialImpacts&gt;Some SAN software may not function correctly on a STIG compliant server or host.  &lt;/PotentialImpacts&gt;&lt;ThirdPartyTools&gt;&lt;/ThirdPartyTools&gt;&lt;MitigationControl&gt;&lt;/MitigationControl&gt;&lt;Responsibility&gt;Information Assurance Officer&lt;/Responsibility&gt;&lt;Responsibility&gt;Network Security Officer&lt;/Responsibility&gt;&lt;IAControls&gt;DCCS-1, DCCS-2&lt;/IAControls&gt;</description><reference><dc:title>DPMS Target SANS Storage Device</dc:title><dc:publisher>DISA</dc:publisher><dc:type>DPMS Target</dc:type><dc:subject>SANS Storage Device</dc:subject><dc:identifier>539</dc:identifier></reference><reference><dc:title>DPMS Target SANS Switch</dc:title><dc:publisher>DISA</dc:publisher><dc:type>DPMS Target</dc:type><dc:subject>SANS Switch</dc:subject><dc:identifier>540</dc:identifier></reference><fixtext fixref="F-6211r1_fix">Perform a self assessment using the applicable OS checklists or scripts on any server or host in the SAN that has not been reviewer or request a formal review from FSO.</fixtext><fix id="F-6211r1_fix" /><check system="C-2469r1_chk"><check-content-ref name="I" href="DPMS_XCCDF_Benchmark_SAN.xml" /><check-content>The reviewer will interview the IAO/NSO and view the VMS to verify that servers and other hosts are compliant with applicable Operating System (OS) STIG requirements.</check-content></check></Rule></Group><Group id="V-6623"><title>Anti-virus on servers and host.</title><description>&lt;GroupDescription&gt;&lt;/GroupDescription&gt;</description><Rule id="SV-6743r1_rule" severity="high" weight="10.0"><version>SAN04.006.00</version><title>Vendor supported, DOD approved, anti-virus software is not installed and configured on all SAN servers in accordance with the applicable operating system STIG on SAN servers and management devices and kept up-to-date with the most recent virus definition tables.</title><description>&lt;VulnDiscussion&gt;The SAN servers and other hosts are subject to virus and worm attacks as are any systems running an OS.  If the anti-virus software is not installed or the virus definitions are not maintained on these systems, this could expose the entire enclave network to exploits of known vulnerabilities.
The IAO/NSO will ensure that vendor supported, DOD approved, anti-virus software is installed and configured on all SAN servers in accordance with the applicable operating system STIG on SAN servers and management devices and kept up-to-date with the most recent virus definition tables.&lt;/VulnDiscussion&gt;&lt;FalsePositives&gt;&lt;/FalsePositives&gt;&lt;FalseNegatives&gt;&lt;/FalseNegatives&gt;&lt;Documentable&gt;false&lt;/Documentable&gt;&lt;Mitigations&gt;&lt;/Mitigations&gt;&lt;SeverityOverrideGuidance&gt;&lt;/SeverityOverrideGuidance&gt;&lt;PotentialImpacts&gt;&lt;/PotentialImpacts&gt;&lt;ThirdPartyTools&gt;&lt;/ThirdPartyTools&gt;&lt;MitigationControl&gt;&lt;/MitigationControl&gt;&lt;Responsibility&gt;Information Assurance Officer&lt;/Responsibility&gt;&lt;Responsibility&gt;Network Security Officer&lt;/Responsibility&gt;&lt;IAControls&gt;&lt;/IAControls&gt;</description><reference><dc:title>DPMS Target SANS Storage Device</dc:title><dc:publisher>DISA</dc:publisher><dc:type>DPMS Target</dc:type><dc:subject>SANS Storage Device</dc:subject><dc:identifier>539</dc:identifier></reference><reference><dc:title>DPMS Target SANS Switch</dc:title><dc:publisher>DISA</dc:publisher><dc:type>DPMS Target</dc:type><dc:subject>SANS Switch</dc:subject><dc:identifier>540</dc:identifier></reference><fixtext fixref="F-6212r1_fix">Install and correctly configure a DOD approved anti-virus.</fixtext><fix id="F-6212r1_fix" /><check system="C-2472r1_chk"><check-content-ref name="M" href="DPMS_XCCDF_Benchmark_SAN.xml" /><check-content>The reviewer will verify that vendor supported, DOD approved, anti-virus software is installed and configured on all SAN servers in accordance with the applicable operating system STIG on SAN servers and management devices and kept up-to-date with the most recent virus definition tables.  If an OS review has reciently been completed verify that the anti-virus check was not a finding.  Otherwise perform a manual check as described in the applicable OS checklist.</check-content></check></Rule></Group><Group id="V-6628"><title>SAN Topology Drawing</title><description>&lt;GroupDescription&gt;&lt;/GroupDescription&gt;</description><Rule id="SV-6748r1_rule" severity="medium" weight="10.0"><version>SAN04.007.00</version><title>A current drawing of the site’s SAN topology that includes all external and internal links, zones, and all interconnected equipment is not being maintained.</title><description>&lt;VulnDiscussion&gt;A drawing of the SAN topology gives the IAO and other interested individuals a pictorial representation of the SAN.  This can be helpful in diagnosing potential security problems.
The IAO/NSO will maintain a current drawing of the site’s SAN topology that includes all external and internal links, zones, and all interconnected equipment.&lt;/VulnDiscussion&gt;&lt;FalsePositives&gt;&lt;/FalsePositives&gt;&lt;FalseNegatives&gt;&lt;/FalseNegatives&gt;&lt;Documentable&gt;false&lt;/Documentable&gt;&lt;Mitigations&gt;&lt;/Mitigations&gt;&lt;SeverityOverrideGuidance&gt;&lt;/SeverityOverrideGuidance&gt;&lt;PotentialImpacts&gt;&lt;/PotentialImpacts&gt;&lt;ThirdPartyTools&gt;&lt;/ThirdPartyTools&gt;&lt;MitigationControl&gt;&lt;/MitigationControl&gt;&lt;Responsibility&gt;Information Assurance Officer&lt;/Responsibility&gt;&lt;Responsibility&gt;Network Security Officer&lt;/Responsibility&gt;&lt;IAControls&gt;DCHW-1&lt;/IAControls&gt;</description><reference><dc:title>DPMS Target SANS Storage Device</dc:title><dc:publisher>DISA</dc:publisher><dc:type>DPMS Target</dc:type><dc:subject>SANS Storage Device</dc:subject><dc:identifier>539</dc:identifier></reference><reference><dc:title>DPMS Target SANS Switch</dc:title><dc:publisher>DISA</dc:publisher><dc:type>DPMS Target</dc:type><dc:subject>SANS Switch</dc:subject><dc:identifier>540</dc:identifier></reference><fixtext fixref="F-6217r1_fix">Create drawing of the site’s SAN topology that includes all external and internal links, zones, and all interconnected equipment.</fixtext><fix id="F-6217r1_fix" /><check system="C-2481r1_chk"><check-content-ref name="I" href="DPMS_XCCDF_Benchmark_SAN.xml" /><check-content>The reviewer will interview the IAO/NSO and view the drawings supplied to verify that a current drawing of the site’s SAN topology that includes all external and internal links, zones, and all interconnected equipment.</check-content></check></Rule></Group><Group id="V-6631"><title>Physical Access to SAN Network Devices</title><description>&lt;GroupDescription&gt;&lt;/GroupDescription&gt;</description><Rule id="SV-6751r1_rule" severity="medium" weight="10.0"><version>SAN04.008.00</version><title>All the network level devices interconnected to the SAN are not located in a secure room with limited access.</title><description>&lt;VulnDiscussion&gt;If the network level devices are not located in a secure area they can be tampered with which could lead to a denial of service if the device is powered off or sensitive data can be compromised by a tap connected to the device.
The IAO/NSO will ensure that all the network level devices interconnected to the SAN are located in a secure room with limited access.&lt;/VulnDiscussion&gt;&lt;FalsePositives&gt;&lt;/FalsePositives&gt;&lt;FalseNegatives&gt;&lt;/FalseNegatives&gt;&lt;Documentable&gt;false&lt;/Documentable&gt;&lt;Mitigations&gt;&lt;/Mitigations&gt;&lt;SeverityOverrideGuidance&gt;&lt;/SeverityOverrideGuidance&gt;&lt;PotentialImpacts&gt;Moving devices can disrupt the SAN environment while the move is taking place.&lt;/PotentialImpacts&gt;&lt;ThirdPartyTools&gt;&lt;/ThirdPartyTools&gt;&lt;MitigationControl&gt;&lt;/MitigationControl&gt;&lt;Responsibility&gt;Information Assurance Officer&lt;/Responsibility&gt;&lt;Responsibility&gt;Network Security Officer&lt;/Responsibility&gt;&lt;IAControls&gt;PECF-1, PECF-2&lt;/IAControls&gt;</description><reference><dc:title>DPMS Target SANS Storage Device</dc:title><dc:publisher>DISA</dc:publisher><dc:type>DPMS Target</dc:type><dc:subject>SANS Storage Device</dc:subject><dc:identifier>539</dc:identifier></reference><reference><dc:title>DPMS Target SANS Switch</dc:title><dc:publisher>DISA</dc:publisher><dc:type>DPMS Target</dc:type><dc:subject>SANS Switch</dc:subject><dc:identifier>540</dc:identifier></reference><fixtext fixref="F-6219r1_fix">Develop a plan to move the network level devices to a location/room where the can be physically secured in a manner appropriate to the classification level of the data the handle.  Obtain CM approval of the plan and then implement the plan moving the devices.</fixtext><fix id="F-6219r1_fix" /><check system="C-2485r1_chk"><check-content-ref name="I" href="DPMS_XCCDF_Benchmark_SAN.xml" /><check-content>The reviewer will interview the IAO/NSO and view the network level devices to verify whether they are located in a secure room with limited access.</check-content></check></Rule></Group><Group id="V-6632"><title>SAN Fabric Switch User Accounts with Passwords</title><description>&lt;GroupDescription&gt;&lt;/GroupDescription&gt;</description><Rule id="SV-6752r1_rule" severity="medium" weight="10.0"><version>SAN04.009.00</version><title>Individual user accounts with passwords are not set up and maintained for the SAN fabric switch.</title><description>&lt;VulnDiscussion&gt;Without identification and authentication unauthorized users could reconfigure the SAN or disrupt its operation by logging in to the fabric switch and executing unauthorized commands.
The IAO/NSO will ensure individual user accounts with passwords are set up and maintained for the SAN fabric switch in accordance with the guidance contained in Appendix B, CJCSM and the Network Infrastructure STIG.&lt;/VulnDiscussion&gt;&lt;FalsePositives&gt;&lt;/FalsePositives&gt;&lt;FalseNegatives&gt;&lt;/FalseNegatives&gt;&lt;Documentable&gt;false&lt;/Documentable&gt;&lt;Mitigations&gt;&lt;/Mitigations&gt;&lt;SeverityOverrideGuidance&gt;&lt;/SeverityOverrideGuidance&gt;&lt;PotentialImpacts&gt;The IAO/NSO will ensure that individual user accounts with passwords are set up and maintained in accordance with the guidance contained in Appendix B, Chairman Of The Joint Chiefs of Staff Manual CJCSM 6510.1 and the DODI 8500.2.&lt;/PotentialImpacts&gt;&lt;ThirdPartyTools&gt;&lt;/ThirdPartyTools&gt;&lt;MitigationControl&gt;&lt;/MitigationControl&gt;&lt;Responsibility&gt;Information Assurance Officer&lt;/Responsibility&gt;&lt;Responsibility&gt;Network Security Officer&lt;/Responsibility&gt;&lt;IAControls&gt;IAIA-1, IAIA-2&lt;/IAControls&gt;</description><reference><dc:title>DPMS Target SANS Storage Device</dc:title><dc:publisher>DISA</dc:publisher><dc:type>DPMS Target</dc:type><dc:subject>SANS Storage Device</dc:subject><dc:identifier>539</dc:identifier></reference><reference><dc:title>DPMS Target SANS Switch</dc:title><dc:publisher>DISA</dc:publisher><dc:type>DPMS Target</dc:type><dc:subject>SANS Switch</dc:subject><dc:identifier>540</dc:identifier></reference><fixtext fixref="F-6220r1_fix">Develop a plan to reconfigure the SAN fabric switch to require user accounts and passwords.  This plan also needs to include the creation and distribution of user accounts and passwords for each administrator who requires access to the SAN fabric switch.  Obtain CM approval of the plan and then implement the plan.</fixtext><fix id="F-6220r1_fix" /><check system="C-2486r1_chk"><check-content-ref name="M" href="DPMS_XCCDF_Benchmark_SAN.xml" /><check-content>The reviewer, with the assistance of the IAO/NSO, will verify that individual user accounts with passwords are set up and maintained for the SAN fabric switch.</check-content></check></Rule></Group><Group id="V-6633"><title>Fabric Switches do not have bidirectional authentication</title><description>&lt;GroupDescription&gt;&lt;/GroupDescription&gt;</description><Rule id="SV-6753r2_rule" severity="medium" weight="10.0"><version>SAN04.010.00</version><title>The SAN must be configured to use bidirectional authentication.</title><description>&lt;VulnDiscussion&gt;Switch-to-switch management traffic does not have to be encrypted. Bidirectional authentication ensures that a rogue switch cannot be inserted and be auto configured to join the fabric.&lt;/VulnDiscussion&gt;&lt;FalsePositives&gt;&lt;/FalsePositives&gt;&lt;FalseNegatives&gt;&lt;/FalseNegatives&gt;&lt;Documentable&gt;false&lt;/Documentable&gt;&lt;Mitigations&gt;&lt;/Mitigations&gt;&lt;SeverityOverrideGuidance&gt;&lt;/SeverityOverrideGuidance&gt;&lt;PotentialImpacts&gt;Failure to configure all components to use encryption could cause the SAN to degrade or fail.&lt;/PotentialImpacts&gt;&lt;ThirdPartyTools&gt;&lt;/ThirdPartyTools&gt;&lt;MitigationControl&gt;&lt;/MitigationControl&gt;&lt;Responsibility&gt;Information Assurance Officer&lt;/Responsibility&gt;&lt;Responsibility&gt;Switch Administrator&lt;/Responsibility&gt;&lt;IAControls&gt;&lt;/IAControls&gt;</description><reference><dc:title>DPMS Target SANS Storage Device</dc:title><dc:publisher>DISA</dc:publisher><dc:type>DPMS Target</dc:type><dc:subject>SANS Storage Device</dc:subject><dc:identifier>539</dc:identifier></reference><reference><dc:title>DPMS Target SANS Switch</dc:title><dc:publisher>DISA</dc:publisher><dc:type>DPMS Target</dc:type><dc:subject>SANS Switch</dc:subject><dc:identifier>540</dc:identifier></reference><fixtext fixref="F-6221r2_fix">Configure the SAN fabric switches to use bidirectional authentication between switches.</fixtext><fix id="F-6221r2_fix" /><check system="C-2487r2_chk"><check-content-ref name="M" href="DPMS_XCCDF_Benchmark_SAN.xml" /><check-content>Verify that all fabric switches are configured to bidirectional authentication.</check-content></check></Rule></Group><Group id="V-6634"><title>SAN Switch encryption and DOD PKI</title><description>&lt;GroupDescription&gt;&lt;/GroupDescription&gt;</description><Rule id="SV-6768r2_rule" severity="low" weight="10.0"><version>SAN04.011.00</version><title>The fabric switches must use DoD-approved PKI rather than proprietary or self-signed device certificates.</title><description>&lt;VulnDiscussion&gt;DOD PKI supplies better protection from malicious attacks than userid/password authentication and should be used anytime it is feasible.&lt;/VulnDiscussion&gt;&lt;FalsePositives&gt;&lt;/FalsePositives&gt;&lt;FalseNegatives&gt;&lt;/FalseNegatives&gt;&lt;Documentable&gt;false&lt;/Documentable&gt;&lt;Mitigations&gt;&lt;/Mitigations&gt;&lt;SeverityOverrideGuidance&gt;&lt;/SeverityOverrideGuidance&gt;&lt;PotentialImpacts&gt;Failure to develop a plan for the coordinated correction of these vulnerabilities across the SAN could lead to a denial of service caused by a disruption or failure of the SAN.&lt;/PotentialImpacts&gt;&lt;ThirdPartyTools&gt;&lt;/ThirdPartyTools&gt;&lt;MitigationControl&gt;&lt;/MitigationControl&gt;&lt;Responsibility&gt;Information Assurance Officer&lt;/Responsibility&gt;&lt;Responsibility&gt;Network Security Officer&lt;/Responsibility&gt;&lt;IAControls&gt;&lt;/IAControls&gt;</description><reference><dc:title>DPMS Target SANS Storage Device</dc:title><dc:publisher>DISA</dc:publisher><dc:type>DPMS Target</dc:type><dc:subject>SANS Storage Device</dc:subject><dc:identifier>539</dc:identifier></reference><reference><dc:title>DPMS Target SANS Switch</dc:title><dc:publisher>DISA</dc:publisher><dc:type>DPMS Target</dc:type><dc:subject>SANS Switch</dc:subject><dc:identifier>540</dc:identifier></reference><fixtext fixref="F-6229r2_fix">Generate a new key-pair from a DoD-approved certificate issuer. Sites must consult the PKI/PKI pages on the http://iase.disa.mil/ website for procedures for NIPRNet and SIPRNet.</fixtext><fix id="F-6229r2_fix" /><check system="C-2526r2_chk"><check-content-ref name="M" href="DPMS_XCCDF_Benchmark_SAN.xml" /><check-content>The reviewer will, with the assistance of the IAO/NSO, verify fabric switches are protected by DOD PKI. 

View the installed device certificates.

Verify a DoD -approved certificate is loaded. 

If any of the certificates have the name or identifier of a non-DoD- approved source in the Issuer field, this is a finding.
</check-content></check></Rule></Group><Group id="V-6635"><title>SAN Network Management Ports Fabric Switch</title><description>&lt;GroupDescription&gt;&lt;/GroupDescription&gt;</description><Rule id="SV-6769r1_rule" severity="medium" weight="10.0"><version>SAN04.012.00</version><title>Network management ports on the SAN fabric switches except those needed to support the operational commitments of the sites are not disabled.</title><description>&lt;VulnDiscussion&gt;Enabled network management ports that are not required expose the SAN fabric switch and the entire network to unnecessary vulnerabilities.  By disabling these unneeded ports the exposure profile of the device and network is diminished.
The IAO/NSO will disable all network management ports on the SAN fabric switches except those needed to support the operational commitments of the sites.&lt;/VulnDiscussion&gt;&lt;FalsePositives&gt;&lt;/FalsePositives&gt;&lt;FalseNegatives&gt;&lt;/FalseNegatives&gt;&lt;Documentable&gt;false&lt;/Documentable&gt;&lt;Mitigations&gt;&lt;/Mitigations&gt;&lt;SeverityOverrideGuidance&gt;&lt;/SeverityOverrideGuidance&gt;&lt;PotentialImpacts&gt;&lt;/PotentialImpacts&gt;&lt;ThirdPartyTools&gt;&lt;/ThirdPartyTools&gt;&lt;MitigationControl&gt;&lt;/MitigationControl&gt;&lt;Responsibility&gt;Information Assurance Officer&lt;/Responsibility&gt;&lt;Responsibility&gt;Switch Administrator&lt;/Responsibility&gt;&lt;IAControls&gt;DCBP-1&lt;/IAControls&gt;</description><reference><dc:title>DPMS Target SANS Switch</dc:title><dc:publisher>DISA</dc:publisher><dc:type>DPMS Target</dc:type><dc:subject>SANS Switch</dc:subject><dc:identifier>540</dc:identifier></reference><fixtext fixref="F-6230r1_fix">Develop a plan to locate and disable all network management ports that are not required to support the operational commitments of the sites.  Obtain CM approval of the plan and then execute the plan.</fixtext><fix id="F-6230r1_fix" /><check system="C-2529r1_chk"><check-content-ref name="M" href="DPMS_XCCDF_Benchmark_SAN.xml" /><check-content>The reviewer will, with the assistance of the IAO/NSO, verify that all network management ports on the SAN fabric switches are disabled except those needed to support the operational commitments of the sites.</check-content></check></Rule></Group><Group id="V-6636"><title>SAN management out-of-band or direct connect</title><description>&lt;GroupDescription&gt;&lt;/GroupDescription&gt;</description><Rule id="SV-6773r1_rule" severity="medium" weight="10.0"><version>SAN04.013.00</version><title>SAN management is not accomplished using the out-of-band or direct connection method.</title><description>&lt;VulnDiscussion&gt;Removing the management traffic from the production network diminishes the security profile of the SAN servers by allowing all the management ports to be closed on the production network.
The IAO/NSO will ensure that SAN management is accomplished using the out-of-band or direct connection method.&lt;/VulnDiscussion&gt;&lt;FalsePositives&gt;&lt;/FalsePositives&gt;&lt;FalseNegatives&gt;&lt;/FalseNegatives&gt;&lt;Documentable&gt;false&lt;/Documentable&gt;&lt;Mitigations&gt;&lt;/Mitigations&gt;&lt;SeverityOverrideGuidance&gt;&lt;/SeverityOverrideGuidance&gt;&lt;PotentialImpacts&gt;&lt;/PotentialImpacts&gt;&lt;ThirdPartyTools&gt;&lt;/ThirdPartyTools&gt;&lt;MitigationControl&gt;&lt;/MitigationControl&gt;&lt;Responsibility&gt;Information Assurance Officer&lt;/Responsibility&gt;&lt;Responsibility&gt;Network Security Officer&lt;/Responsibility&gt;&lt;IAControls&gt;&lt;/IAControls&gt;</description><reference><dc:title>DPMS Target SANS Storage Device</dc:title><dc:publisher>DISA</dc:publisher><dc:type>DPMS Target</dc:type><dc:subject>SANS Storage Device</dc:subject><dc:identifier>539</dc:identifier></reference><reference><dc:title>DPMS Target SANS Switch</dc:title><dc:publisher>DISA</dc:publisher><dc:type>DPMS Target</dc:type><dc:subject>SANS Switch</dc:subject><dc:identifier>540</dc:identifier></reference><fixtext fixref="F-6233r1_fix">Develop a plan to migrate the SAN management to an out-of-band network or a direct connect method.  Obtain CM approval for the plan and implement the plan.</fixtext><fix id="F-6233r1_fix" /><check system="C-2537r1_chk"><check-content-ref name="I" href="DPMS_XCCDF_Benchmark_SAN.xml" /><check-content>The reviewer will interview the IAO and view the SAN network drawings provided.</check-content></check></Rule></Group><Group id="V-6637"><title>Management Console to SAN Fabric Authentication</title><description>&lt;GroupDescription&gt;&lt;/GroupDescription&gt;</description><Rule id="SV-6778r1_rule" severity="low" weight="10.0"><version>SAN04.014.00</version><title>Communications from the management console to the SAN fabric are not protected strong two-factor authentication.</title><description>&lt;VulnDiscussion&gt;Using two-factor authentication between the SAN management console and the fabric enhances the security of the communications carrying privileged functions.  It is harder for an unauthorized management console to take control of the SAN.

The preferred solution for two-factor authentication is DoD PKI implemented on the CAC or Alternative (Alt) token.&lt;/VulnDiscussion&gt;&lt;FalsePositives&gt;&lt;/FalsePositives&gt;&lt;FalseNegatives&gt;&lt;/FalseNegatives&gt;&lt;Documentable&gt;false&lt;/Documentable&gt;&lt;Mitigations&gt;&lt;/Mitigations&gt;&lt;SeverityOverrideGuidance&gt;&lt;/SeverityOverrideGuidance&gt;&lt;PotentialImpacts&gt;&lt;/PotentialImpacts&gt;&lt;ThirdPartyTools&gt;&lt;/ThirdPartyTools&gt;&lt;MitigationControl&gt;&lt;/MitigationControl&gt;&lt;Responsibility&gt;Information Assurance Officer&lt;/Responsibility&gt;&lt;Responsibility&gt;Network Security Officer&lt;/Responsibility&gt;&lt;IAControls&gt;&lt;/IAControls&gt;</description><reference><dc:title>DPMS Target SANS Storage Device</dc:title><dc:publisher>DISA</dc:publisher><dc:type>DPMS Target</dc:type><dc:subject>SANS Storage Device</dc:subject><dc:identifier>539</dc:identifier></reference><reference><dc:title>DPMS Target SANS Switch</dc:title><dc:publisher>DISA</dc:publisher><dc:type>DPMS Target</dc:type><dc:subject>SANS Switch</dc:subject><dc:identifier>540</dc:identifier></reference><fixtext fixref="F-6235r1_fix">Develop a plan to migrate to the use of DoD PKI authentication between the SAN management console and the SAN fabric.  Obtain CM approval of the plan and implement the plan.</fixtext><fix id="F-6235r1_fix" /><check system="C-2544r1_chk"><check-content-ref name="M" href="DPMS_XCCDF_Benchmark_SAN.xml" /><check-content>The reviewer will, with the assistance of the IAO/NSO, verify that communications from the management console to the SAN fabric are protected using DOD PKI.  If another method of two-factor authentication is used, then inspect approval documentation. 

If two-factor authentication is not used, this is a finding.

If two-factor authentication method is not DoD PKI and no approval documentation exists, this is a finding.</check-content></check></Rule></Group><Group id="V-6638"><title>Default PKI keys</title><description>&lt;GroupDescription&gt;&lt;/GroupDescription&gt;</description><Rule id="SV-6780r1_rule" severity="low" weight="10.0"><version>SAN04.015.00</version><title>The manufacturer’s default PKI keys have not been changed prior to attaching the switch to the SAN Fabric.</title><description>&lt;VulnDiscussion&gt;If the manufacturer's default PKI keys are allowed to remain active on the device, it can be accessed by a malicious individual with access to the default key.
The IAO/NSO will ensure that the manufacturer’s default PKI keys are changed prior to attaching the switch to the SAN Fabric.&lt;/VulnDiscussion&gt;&lt;FalsePositives&gt;&lt;/FalsePositives&gt;&lt;FalseNegatives&gt;&lt;/FalseNegatives&gt;&lt;Documentable&gt;false&lt;/Documentable&gt;&lt;Mitigations&gt;&lt;/Mitigations&gt;&lt;SeverityOverrideGuidance&gt;&lt;/SeverityOverrideGuidance&gt;&lt;PotentialImpacts&gt;The manufacturer may need to access the device for maintenance.  If the PKI keys cannot be reestablished this will fail.&lt;/PotentialImpacts&gt;&lt;ThirdPartyTools&gt;&lt;/ThirdPartyTools&gt;&lt;MitigationControl&gt;&lt;/MitigationControl&gt;&lt;Responsibility&gt;Information Assurance Officer&lt;/Responsibility&gt;&lt;Responsibility&gt;Network Security Officer&lt;/Responsibility&gt;&lt;IAControls&gt;IAIA-1, IAIA-2&lt;/IAControls&gt;</description><reference><dc:title>DPMS Target SANS Storage Device</dc:title><dc:publisher>DISA</dc:publisher><dc:type>DPMS Target</dc:type><dc:subject>SANS Storage Device</dc:subject><dc:identifier>539</dc:identifier></reference><reference><dc:title>DPMS Target SANS Switch</dc:title><dc:publisher>DISA</dc:publisher><dc:type>DPMS Target</dc:type><dc:subject>SANS Switch</dc:subject><dc:identifier>540</dc:identifier></reference><fixtext fixref="F-6237r1_fix">Depending on the functionality allowed by the device, develop a plan remove, disable or change the manufacturer’s default PKI certificate so that it cannot be used for identification and authorization.  Obtain CM approval for the plan and implement the plan.</fixtext><fix id="F-6237r1_fix" /><check system="C-2548r1_chk"><check-content-ref name="M" href="DPMS_XCCDF_Benchmark_SAN.xml" /><check-content>The reviewer will, with the assistance of the IAO/NSO, verify that the manufacturer’s default PKI keys have been changed prior to attaching the switch to the SAN Fabric.</check-content></check></Rule></Group><Group id="V-6639"><title>FIPS 140-1/2 for management to fabric.</title><description>&lt;GroupDescription&gt;&lt;/GroupDescription&gt;</description><Rule id="SV-6783r1_rule" severity="low" weight="10.0"><version>SAN04.016.00</version><title>The SAN is not configured to use FIPS 140-1/2 validated encryption algorithm to protect management-to-fabric communications.</title><description>&lt;VulnDiscussion&gt;The communication between the SAN management consol and the SAN fabric carries sensitive privileged configuration data.  This data's confidentiality will be protected with FIPS 140-1/2 validate algorithm for encryption.  Configuration data could be used to create a denial of service by disrupting the SAN fabric.
The storage administrator will configure the SAN to use FIPS 140-1/2 validated encryption algorithm to protect management-to-fabric communications.&lt;/VulnDiscussion&gt;&lt;FalsePositives&gt;&lt;/FalsePositives&gt;&lt;FalseNegatives&gt;&lt;/FalseNegatives&gt;&lt;Documentable&gt;false&lt;/Documentable&gt;&lt;Mitigations&gt;&lt;/Mitigations&gt;&lt;SeverityOverrideGuidance&gt;&lt;/SeverityOverrideGuidance&gt;&lt;PotentialImpacts&gt;&lt;/PotentialImpacts&gt;&lt;ThirdPartyTools&gt;&lt;/ThirdPartyTools&gt;&lt;MitigationControl&gt;&lt;/MitigationControl&gt;&lt;Responsibility&gt;Other&lt;/Responsibility&gt;&lt;IAControls&gt;&lt;/IAControls&gt;</description><reference><dc:title>DPMS Target SANS Storage Device</dc:title><dc:publisher>DISA</dc:publisher><dc:type>DPMS Target</dc:type><dc:subject>SANS Storage Device</dc:subject><dc:identifier>539</dc:identifier></reference><reference><dc:title>DPMS Target SANS Switch</dc:title><dc:publisher>DISA</dc:publisher><dc:type>DPMS Target</dc:type><dc:subject>SANS Switch</dc:subject><dc:identifier>540</dc:identifier></reference><fixtext fixref="F-6240r1_fix">Develop a plan to implement FIPS-140-1/2 validated encryption to protect management-to-fabric communications.  Obtain CM approval of the plan and execute the plan.</fixtext><fix id="F-6240r1_fix" /><check system="C-2555r1_chk"><check-content-ref name="M" href="DPMS_XCCDF_Benchmark_SAN.xml" /><check-content>The reviewer will, with the assistance of the storage administrator, verify that the SAN is configured to use FIPS 140-1/2 validated encryption algorithm to protect management-to-fabric communications.</check-content></check></Rule></Group><Group id="V-6645"><title>Password SAN Management Console and Ports</title><description>&lt;GroupDescription&gt;&lt;/GroupDescription&gt;</description><Rule id="SV-6791r1_rule" severity="high" weight="10.0"><version>SAN04.017.00</version><title>All SAN management consoles and ports are not password protected.</title><description>&lt;VulnDiscussion&gt;Without password protection malicious users can create a denial of service by disrupting the SAN or allow the compromise of sensitive date by reconfiguring the SAN topography.
The IAO/NSO will ensure that all SAN management consoles and ports are password protected.&lt;/VulnDiscussion&gt;&lt;FalsePositives&gt;&lt;/FalsePositives&gt;&lt;FalseNegatives&gt;&lt;/FalseNegatives&gt;&lt;Documentable&gt;false&lt;/Documentable&gt;&lt;Mitigations&gt;&lt;/Mitigations&gt;&lt;SeverityOverrideGuidance&gt;&lt;/SeverityOverrideGuidance&gt;&lt;PotentialImpacts&gt;&lt;/PotentialImpacts&gt;&lt;ThirdPartyTools&gt;&lt;/ThirdPartyTools&gt;&lt;MitigationControl&gt;&lt;/MitigationControl&gt;&lt;Responsibility&gt;Information Assurance Officer&lt;/Responsibility&gt;&lt;Responsibility&gt;Network Security Officer&lt;/Responsibility&gt;&lt;IAControls&gt;&lt;/IAControls&gt;</description><reference><dc:title>DPMS Target SANS Storage Device</dc:title><dc:publisher>DISA</dc:publisher><dc:type>DPMS Target</dc:type><dc:subject>SANS Storage Device</dc:subject><dc:identifier>539</dc:identifier></reference><reference><dc:title>DPMS Target SANS Switch</dc:title><dc:publisher>DISA</dc:publisher><dc:type>DPMS Target</dc:type><dc:subject>SANS Switch</dc:subject><dc:identifier>540</dc:identifier></reference><fixtext fixref="F-6248r1_fix">Develop a plan for implementing password protection on the SAN’s management consoles and ports.  Obtain CM approval of the plan and execute the plan.</fixtext><fix id="F-6248r1_fix" /><check system="C-2571r1_chk"><check-content-ref name="M" href="DPMS_XCCDF_Benchmark_SAN.xml" /><check-content>The reviewer will, with the assistance of the IAO/NSO, verify that all SAN management consoles and ports are password protected.</check-content></check></Rule></Group><Group id="V-6646"><title>Default SAN Management Software Password</title><description>&lt;GroupDescription&gt;&lt;/GroupDescription&gt;</description><Rule id="SV-6792r1_rule" severity="high" weight="10.0"><version>SAN04.018.00</version><title>The manufacturer’s default passwords have not been changed for all SAN management software.</title><description>&lt;VulnDiscussion&gt;The changing of passwords from the default value blocks malicious users with knowledge of the default passwords for the manufacturer's SAN Management software from creating a denial of service by disrupting the SAN or reconfigure the SAN topology leading to a compromise of sensitive data.
The IAO/NSO will ensure that the manufacturer’s default passwords are changed for all SAN management software.&lt;/VulnDiscussion&gt;&lt;FalsePositives&gt;&lt;/FalsePositives&gt;&lt;FalseNegatives&gt;&lt;/FalseNegatives&gt;&lt;Documentable&gt;false&lt;/Documentable&gt;&lt;Mitigations&gt;&lt;/Mitigations&gt;&lt;SeverityOverrideGuidance&gt;&lt;/SeverityOverrideGuidance&gt;&lt;PotentialImpacts&gt;&lt;/PotentialImpacts&gt;&lt;ThirdPartyTools&gt;&lt;/ThirdPartyTools&gt;&lt;MitigationControl&gt;&lt;/MitigationControl&gt;&lt;Responsibility&gt;Information Assurance Officer&lt;/Responsibility&gt;&lt;Responsibility&gt;Network Security Officer&lt;/Responsibility&gt;&lt;IAControls&gt;&lt;/IAControls&gt;</description><reference><dc:title>DPMS Target SANS Storage Device</dc:title><dc:publisher>DISA</dc:publisher><dc:type>DPMS Target</dc:type><dc:subject>SANS Storage Device</dc:subject><dc:identifier>539</dc:identifier></reference><reference><dc:title>DPMS Target SANS Switch</dc:title><dc:publisher>DISA</dc:publisher><dc:type>DPMS Target</dc:type><dc:subject>SANS Switch</dc:subject><dc:identifier>540</dc:identifier></reference><fixtext fixref="F-6249r1_fix">Develop a plan to change manufacturer’s default passwords for all SAN management software.  Obtain CM approval of the plan and implement the plan.</fixtext><fix id="F-6249r1_fix" /><check system="C-2572r1_chk"><check-content-ref name="M" href="DPMS_XCCDF_Benchmark_SAN.xml" /><check-content>The reviewer will, with the assistance of the IAO/NSO, verify that the manufacturer’s default passwords have been changed for all SAN management software.</check-content></check></Rule></Group><Group id="V-6647"><title>SAN Fabric Zoning List Deny-By-Default</title><description>&lt;GroupDescription&gt;&lt;/GroupDescription&gt;</description><Rule id="SV-6793r1_rule" severity="high" weight="10.0"><version>SAN04.019.00</version><title>The SAN fabric zoning lists are not based on a policy of Deny-by-Default with blocks on all services and protocols not required on the given port or by the site.</title><description>&lt;VulnDiscussion&gt;By using the Deny-by-Default based policy, any service or protocol not required by a port and overlooked in the zoning list will be denied access.  If Deny-by-Default based policy was not used any overlooked service or protocol not required by a port could have access to sensitive data compromising that data.
The IAO/NSO will ensure that SAN fabric zoning lists are based on a policy of Deny-by-Default with blocks on all services and protocols not required on the given port or by the site.&lt;/VulnDiscussion&gt;&lt;FalsePositives&gt;&lt;/FalsePositives&gt;&lt;FalseNegatives&gt;&lt;/FalseNegatives&gt;&lt;Documentable&gt;false&lt;/Documentable&gt;&lt;Mitigations&gt;&lt;/Mitigations&gt;&lt;SeverityOverrideGuidance&gt;&lt;/SeverityOverrideGuidance&gt;&lt;PotentialImpacts&gt;Changing to a policy based on Deny-by-Default can cause overlooked services or protocols required by a port to be denied access to data they need.&lt;/PotentialImpacts&gt;&lt;ThirdPartyTools&gt;&lt;/ThirdPartyTools&gt;&lt;MitigationControl&gt;&lt;/MitigationControl&gt;&lt;Responsibility&gt;Information Assurance Officer&lt;/Responsibility&gt;&lt;Responsibility&gt;Network Security Officer&lt;/Responsibility&gt;&lt;IAControls&gt;DCBP-1&lt;/IAControls&gt;</description><reference><dc:title>DPMS Target SANS Storage Device</dc:title><dc:publisher>DISA</dc:publisher><dc:type>DPMS Target</dc:type><dc:subject>SANS Storage Device</dc:subject><dc:identifier>539</dc:identifier></reference><reference><dc:title>DPMS Target SANS Switch</dc:title><dc:publisher>DISA</dc:publisher><dc:type>DPMS Target</dc:type><dc:subject>SANS Switch</dc:subject><dc:identifier>540</dc:identifier></reference><fixtext fixref="F-6250r1_fix">Develop a plan to identify all services and protocols needed by each port in the SAN, modify the routing lists to enforce a Deny-by-Default policy and allow only the identified services and protocols on each port that requires them.  Obtain CM approval for the plan and implement the plan.</fixtext><fix id="F-6250r1_fix" /><check system="C-2573r1_chk"><check-content-ref name="M" href="DPMS_XCCDF_Benchmark_SAN.xml" /><check-content>The reviewer will, with the assistance of the IAO/NSO, verify that SAN fabric zoning lists are based on a policy of Deny-by-Default with blocks on all services and protocols not required on the given port or by the site.</check-content></check></Rule></Group><Group id="V-6648"><title>Logging Failed Access to Port, Protocols, Services</title><description>&lt;GroupDescription&gt;&lt;/GroupDescription&gt;</description><Rule id="SV-6794r1_rule" severity="low" weight="10.0"><version>SAN04.020.00</version><title>Attempts to access ports, protocols, or services that are denied are not logged..</title><description>&lt;VulnDiscussion&gt;Logging or auditing of failed access attempts is a necessary component for the forensic investigation of security incidents.  Without logging there is no way to demonstrate that the access attempt was made or when it was made.  Additionally a pattern of access failures cannot be demonstrated to assert that an intended attack was being made as apposed to an accidental intrusion.
The IAO/NSO will ensure that all attempts to any port, protocol, or service that is denied are logged.&lt;/VulnDiscussion&gt;&lt;FalsePositives&gt;&lt;/FalsePositives&gt;&lt;FalseNegatives&gt;&lt;/FalseNegatives&gt;&lt;Documentable&gt;false&lt;/Documentable&gt;&lt;Mitigations&gt;&lt;/Mitigations&gt;&lt;SeverityOverrideGuidance&gt;&lt;/SeverityOverrideGuidance&gt;&lt;PotentialImpacts&gt;If sufficient space is not allowed for logging or auditing, a denial of service or loss of data could be caused by overflowing the space allocated.&lt;/PotentialImpacts&gt;&lt;ThirdPartyTools&gt;&lt;/ThirdPartyTools&gt;&lt;MitigationControl&gt;&lt;/MitigationControl&gt;&lt;Responsibility&gt;Information Assurance Officer&lt;/Responsibility&gt;&lt;Responsibility&gt;Network Security Officer&lt;/Responsibility&gt;&lt;IAControls&gt;&lt;/IAControls&gt;</description><reference><dc:title>DPMS Target SANS Storage Device</dc:title><dc:publisher>DISA</dc:publisher><dc:type>DPMS Target</dc:type><dc:subject>SANS Storage Device</dc:subject><dc:identifier>539</dc:identifier></reference><reference><dc:title>DPMS Target SANS Switch</dc:title><dc:publisher>DISA</dc:publisher><dc:type>DPMS Target</dc:type><dc:subject>SANS Switch</dc:subject><dc:identifier>540</dc:identifier></reference><fixtext fixref="F-6251r1_fix">Develop a plan to implement the logging of failed or rejected ports, protocols or services requests.  The plan should include a projection of the storage requirements of the logged events.  Obtain CM approval of the plan and execute it.</fixtext><fix id="F-6251r1_fix" /><check system="C-2574r1_chk"><check-content-ref name="M" href="DPMS_XCCDF_Benchmark_SAN.xml" /><check-content>The reviewer will, with the assistance of the IAO/NSO, verify that all attempts to any port, protocol, or service that is denied are logged.</check-content></check></Rule></Group><Group id="V-6652"><title>SNMP usage and configuration.</title><description>&lt;GroupDescription&gt;&lt;/GroupDescription&gt;</description><Rule id="SV-6798r1_rule" severity="medium" weight="10.0"><version>SAN04.021.00</version><title>Simple Network Management Protocol (SNMP) is used and it is not configured in accordance with the guidance contained in the Network Infrastructure STIG.</title><description>&lt;VulnDiscussion&gt;There are vulnerabilities in some implementations and some configurations of SNMP.  Therefore if SNMP is used the guidelines found in the Network Infrastructure STIG in selecting a version of SNMP to use and how to configure it will be followed.

If Simple Network Management Protocol (SNMP) is used, the IAO/NSO will ensure it is configured in accordance with the guidance contained in the Network Infrastructure STIG.&lt;/VulnDiscussion&gt;&lt;FalsePositives&gt;&lt;/FalsePositives&gt;&lt;FalseNegatives&gt;&lt;/FalseNegatives&gt;&lt;Documentable&gt;false&lt;/Documentable&gt;&lt;Mitigations&gt;&lt;/Mitigations&gt;&lt;SeverityOverrideGuidance&gt;&lt;/SeverityOverrideGuidance&gt;&lt;PotentialImpacts&gt;Network monitoring tools that are not modified to match the configuration used for SNMP in the SAN will fail.&lt;/PotentialImpacts&gt;&lt;ThirdPartyTools&gt;&lt;/ThirdPartyTools&gt;&lt;MitigationControl&gt;&lt;/MitigationControl&gt;&lt;Responsibility&gt;Information Assurance Officer&lt;/Responsibility&gt;&lt;Responsibility&gt;Network Security Officer&lt;/Responsibility&gt;&lt;IAControls&gt;&lt;/IAControls&gt;</description><reference><dc:title>DPMS Target SANS Storage Device</dc:title><dc:publisher>DISA</dc:publisher><dc:type>DPMS Target</dc:type><dc:subject>SANS Storage Device</dc:subject><dc:identifier>539</dc:identifier></reference><reference><dc:title>DPMS Target SANS Switch</dc:title><dc:publisher>DISA</dc:publisher><dc:type>DPMS Target</dc:type><dc:subject>SANS Switch</dc:subject><dc:identifier>540</dc:identifier></reference><fixtext fixref="F-6252r1_fix">Develop a plan to implement SNMP that is compliant with the Network Infrastructure STIG.  Obtain CM approval and execute the plan.

NOTE: The intent of this check is to ensure that the other applicable checklists were applied. If they are applied then, regardless of what the findings are, this is not a finding. The objective of this policy is met if the other checklists were applied and documented. 
</fixtext><fix id="F-6252r1_fix" /><check system="C-2576r1_chk"><check-content-ref name="M" href="DPMS_XCCDF_Benchmark_SAN.xml" /><check-content>With the assistance of the IAO/NSO, verify that if Simple Network Management Protocol (SNMP) is used, it is configured in accordance with the guidance contained in the Network Infrastructure STIG.

NOTE: The intent of this check is to ensure that the other checklists were applied. If they are applied then, regardless of what the findings are, this is not a finding. The objective of this policy is met if the other checklist was applied and documented. </check-content></check></Rule></Group><Group id="V-6656"><title>Authorized IP Addresses allowed for SNMP</title><description>&lt;GroupDescription&gt;&lt;/GroupDescription&gt;</description><Rule id="SV-6802r1_rule" severity="high" weight="10.0"><version>SAN04.022.00</version><title>Unauthorized IP addresses are allowed Simple Network Management Protocol (SNMP) access to the SAN devices.</title><description>&lt;VulnDiscussion&gt;SNMP, by virtue of what it is designed to do, can be a large security risk. Because SNMP can obtain device information and set device parameters, unauthorized users can cause damage.  Restricting IP address that can access SNMP on the SAN devices will further limit the possibility of malicious access being made.
The IAO/NSO will ensure that only authorized IP addresses are allowed Simple Network Management Protocol (SNMP) access to the SAN devices.&lt;/VulnDiscussion&gt;&lt;FalsePositives&gt;&lt;/FalsePositives&gt;&lt;FalseNegatives&gt;&lt;/FalseNegatives&gt;&lt;Documentable&gt;false&lt;/Documentable&gt;&lt;Mitigations&gt;&lt;/Mitigations&gt;&lt;SeverityOverrideGuidance&gt;&lt;/SeverityOverrideGuidance&gt;&lt;PotentialImpacts&gt;&lt;/PotentialImpacts&gt;&lt;ThirdPartyTools&gt;&lt;/ThirdPartyTools&gt;&lt;MitigationControl&gt;&lt;/MitigationControl&gt;&lt;Responsibility&gt;Information Assurance Officer&lt;/Responsibility&gt;&lt;Responsibility&gt;Network Security Officer&lt;/Responsibility&gt;&lt;IAControls&gt;DCBP-1&lt;/IAControls&gt;</description><reference><dc:title>DPMS Target SANS Storage Device</dc:title><dc:publisher>DISA</dc:publisher><dc:type>DPMS Target</dc:type><dc:subject>SANS Storage Device</dc:subject><dc:identifier>539</dc:identifier></reference><reference><dc:title>DPMS Target SANS Switch</dc:title><dc:publisher>DISA</dc:publisher><dc:type>DPMS Target</dc:type><dc:subject>SANS Switch</dc:subject><dc:identifier>540</dc:identifier></reference><fixtext fixref="F-6253r1_fix">Develop a plan to restrict SNMP access to SAN devices to authorized IP addresses.  Obtain CM approval for the plan and implement the plan.</fixtext><fix id="F-6253r1_fix" /><check system="C-2581r1_chk"><check-content-ref name="M" href="DPMS_XCCDF_Benchmark_SAN.xml" /><check-content>The reviewer will, with the assistance of the IAO/NSO, verify that only authorized IP addresses are allowed Simple Network Management Protocol (SNMP) access to the SAN devices.  This can be done with by checking the ACLs for the SAN device ports.</check-content></check></Rule></Group><Group id="V-6657"><title>Only Internal Network SNMP Access to SAN</title><description>&lt;GroupDescription&gt;&lt;/GroupDescription&gt;</description><Rule id="SV-6803r1_rule" severity="medium" weight="10.0"><version>SAN04.023.00</version><title>The IP addresses of the hosts permitted SNMP access to the SAN management devices do not belong to the internal network.</title><description>&lt;VulnDiscussion&gt;SNMP, by virtue of what it is designed to do, can be a large security risk. Because SNMP can obtain device information and set device parameters, unauthorized users can cause damage.  Therefore access to a SAN device from an IP address outside of the internal network will not be allowed.
The IAO/NSO will ensure IP addresses of the hosts that are permitted SNMP access to the SAN management devices belong to the internal network.&lt;/VulnDiscussion&gt;&lt;FalsePositives&gt;&lt;/FalsePositives&gt;&lt;FalseNegatives&gt;&lt;/FalseNegatives&gt;&lt;Documentable&gt;false&lt;/Documentable&gt;&lt;Mitigations&gt;&lt;/Mitigations&gt;&lt;SeverityOverrideGuidance&gt;&lt;/SeverityOverrideGuidance&gt;&lt;PotentialImpacts&gt;&lt;/PotentialImpacts&gt;&lt;ThirdPartyTools&gt;&lt;/ThirdPartyTools&gt;&lt;MitigationControl&gt;&lt;/MitigationControl&gt;&lt;Responsibility&gt;Information Assurance Officer&lt;/Responsibility&gt;&lt;Responsibility&gt;Network Security Officer&lt;/Responsibility&gt;&lt;IAControls&gt;&lt;/IAControls&gt;</description><reference><dc:title>DPMS Target SANS Storage Device</dc:title><dc:publisher>DISA</dc:publisher><dc:type>DPMS Target</dc:type><dc:subject>SANS Storage Device</dc:subject><dc:identifier>539</dc:identifier></reference><reference><dc:title>DPMS Target SANS Switch</dc:title><dc:publisher>DISA</dc:publisher><dc:type>DPMS Target</dc:type><dc:subject>SANS Switch</dc:subject><dc:identifier>540</dc:identifier></reference><fixtext fixref="F-6254r1_fix">Develop a plan to restrict SNMP access to SAN devices to only internal network IP addresses.  Obtain CM approval of the plan and implement the plan.</fixtext><fix id="F-6254r1_fix" /><check system="C-2583r1_chk"><check-content-ref name="M" href="DPMS_XCCDF_Benchmark_SAN.xml" /><check-content>The reviewer will, with the assistance of the IAO/NSO, verify that the IP addresses of the hosts permitted SNMP access to the SAN management devices belong to the internal network.  The ACLs for the SAN ports should be checked.</check-content></check></Rule></Group><Group id="V-6660"><title>Fibre Channel network End-User Platform Restricted</title><description>&lt;GroupDescription&gt;&lt;/GroupDescription&gt;</description><Rule id="SV-6807r1_rule" severity="low" weight="10.0"><version>SAN04.024.00</version><title>End-user platforms are directly attached to the Fibre Channel network or access storage devices directly.</title><description>&lt;VulnDiscussion&gt;End-user platforms should only be connected to servers that run applications that access the data found on the SAN devices.  SANs do not supply a robust user identification and authentication platform.  They depend on the servers and applications to authenticate the users and restrict access to users as required.
The IAO/NSO will ensure that end-user platforms are not directly attached to the Fibre Channel network and may not access storage devices directly.&lt;/VulnDiscussion&gt;&lt;FalsePositives&gt;&lt;/FalsePositives&gt;&lt;FalseNegatives&gt;&lt;/FalseNegatives&gt;&lt;Documentable&gt;false&lt;/Documentable&gt;&lt;Mitigations&gt;&lt;/Mitigations&gt;&lt;SeverityOverrideGuidance&gt;&lt;/SeverityOverrideGuidance&gt;&lt;PotentialImpacts&gt;End-user platforms attached to the SAN may be dependent upon the SAN for storage.  An alternate type of storage will need to be found for these platforms.&lt;/PotentialImpacts&gt;&lt;ThirdPartyTools&gt;&lt;/ThirdPartyTools&gt;&lt;MitigationControl&gt;&lt;/MitigationControl&gt;&lt;Responsibility&gt;Information Assurance Officer&lt;/Responsibility&gt;&lt;Responsibility&gt;Network Security Officer&lt;/Responsibility&gt;&lt;IAControls&gt;DCBP-1&lt;/IAControls&gt;</description><reference><dc:title>DPMS Target SANS Storage Device</dc:title><dc:publisher>DISA</dc:publisher><dc:type>DPMS Target</dc:type><dc:subject>SANS Storage Device</dc:subject><dc:identifier>539</dc:identifier></reference><reference><dc:title>DPMS Target SANS Switch</dc:title><dc:publisher>DISA</dc:publisher><dc:type>DPMS Target</dc:type><dc:subject>SANS Switch</dc:subject><dc:identifier>540</dc:identifier></reference><fixtext fixref="F-6255r1_fix">Develop a plan to remove end-user platforms from the SAN.  Obtain CM approval for the plan and implement the plan.</fixtext><fix id="F-6255r1_fix" /><check system="C-2586r1_chk"><check-content-ref name="M" href="DPMS_XCCDF_Benchmark_SAN.xml" /><check-content>The reviewer will, with the assistance of the IAO/NSO, verify that end-user platforms are not directly attached to the Fibre Channel network and may not access storage devices directly.  If the SAN is small with all of its components collocated, this can be done by a visual inspection but in most cases the reviewer will have to check the SAN network drawing.</check-content></check></Rule></Group><Group id="V-6661"><title>Backup of critical SAN Software and configurations</title><description>&lt;GroupDescription&gt;&lt;/GroupDescription&gt;</description><Rule id="SV-6809r1_rule" severity="medium" weight="10.0"><version>SAN05.001.00</version><title>Fabric switch configurations and management station configuration are not archived and/or copies of the operating system and other critical software for all SAN components are not stored in a fire rated container or are not collocated with the operational software.</title><description>&lt;VulnDiscussion&gt;.Backup and recovery procedures are critical to the security and availability of the SAN system.  If a system is compromised, shut down, or otherwise not available for service, this could hinder the availability of resources to the warfighter.
The IAO/NSO will ensure that all fabric switch configurations and management station configuration are archived and copies of the operating system and other critical software for all SAN components are stored in a fire rated container or otherwise not collocated with the operational software.&lt;/VulnDiscussion&gt;&lt;FalsePositives&gt;&lt;/FalsePositives&gt;&lt;FalseNegatives&gt;&lt;/FalseNegatives&gt;&lt;Documentable&gt;false&lt;/Documentable&gt;&lt;Mitigations&gt;&lt;/Mitigations&gt;&lt;SeverityOverrideGuidance&gt;&lt;/SeverityOverrideGuidance&gt;&lt;PotentialImpacts&gt;&lt;/PotentialImpacts&gt;&lt;ThirdPartyTools&gt;&lt;/ThirdPartyTools&gt;&lt;MitigationControl&gt;&lt;/MitigationControl&gt;&lt;Responsibility&gt;Information Assurance Officer&lt;/Responsibility&gt;&lt;Responsibility&gt;Network Security Officer&lt;/Responsibility&gt;&lt;IAControls&gt;COSW-1&lt;/IAControls&gt;</description><reference><dc:title>DPMS Target SANS Storage Device</dc:title><dc:publisher>DISA</dc:publisher><dc:type>DPMS Target</dc:type><dc:subject>SANS Storage Device</dc:subject><dc:identifier>539</dc:identifier></reference><reference><dc:title>DPMS Target SANS Switch</dc:title><dc:publisher>DISA</dc:publisher><dc:type>DPMS Target</dc:type><dc:subject>SANS Switch</dc:subject><dc:identifier>540</dc:identifier></reference><fixtext fixref="F-6256r1_fix">Develop a plan that will ensure that all fabric switch configurations and management station configuration are archived and copies of the operating system and other critical software for all SAN components are stored in a fire rated container or otherwise not collocated with the operational software.  Obtain CM approval for the plan and implement the plan.</fixtext><fix id="F-6256r1_fix" /><check system="C-2589r1_chk"><check-content-ref name="I" href="DPMS_XCCDF_Benchmark_SAN.xml" /><check-content>The reviewer will interview the IAO/NSO and view the stored information to verify that all fabric switch configurations and management station configuration are archived and copies of the operating system and other critical software for all SAN components are stored in a fire rated container or otherwise not collocated with the operational software.</check-content></check></Rule></Group><Group id="V-7081"><title>SAN Fixed IP Required.</title><description>&lt;GroupDescription&gt;&lt;/GroupDescription&gt;</description><Rule id="SV-7465r1_rule" severity="medium" weight="10.0"><version>SAN04.025.00</version><title>SAN components are not configured with fixed IP addresses.</title><description>&lt;VulnDiscussion&gt;Without fixed IP address filtering or restricting of access based on IP addressing will not function correctly allowing unauthorized access to SAN components or creating a denial of service by blocking legitimate traffic from authorized components.  The storage administrator will ensure that all SAN components are configured to use static IP addresses.&lt;/VulnDiscussion&gt;&lt;FalsePositives&gt;&lt;/FalsePositives&gt;&lt;FalseNegatives&gt;&lt;/FalseNegatives&gt;&lt;Documentable&gt;false&lt;/Documentable&gt;&lt;Mitigations&gt;&lt;/Mitigations&gt;&lt;SeverityOverrideGuidance&gt;&lt;/SeverityOverrideGuidance&gt;&lt;PotentialImpacts&gt;If this is not done in a coordinated manner with all access lists a denial of service could be created.&lt;/PotentialImpacts&gt;&lt;ThirdPartyTools&gt;&lt;/ThirdPartyTools&gt;&lt;MitigationControl&gt;&lt;/MitigationControl&gt;&lt;Responsibility&gt;System Administrator&lt;/Responsibility&gt;&lt;IAControls&gt;DCBP-1&lt;/IAControls&gt;</description><reference><dc:title>DPMS Target SANS Storage Device</dc:title><dc:publisher>DISA</dc:publisher><dc:type>DPMS Target</dc:type><dc:subject>SANS Storage Device</dc:subject><dc:identifier>539</dc:identifier></reference><reference><dc:title>DPMS Target SANS Switch</dc:title><dc:publisher>DISA</dc:publisher><dc:type>DPMS Target</dc:type><dc:subject>SANS Switch</dc:subject><dc:identifier>540</dc:identifier></reference><fixtext fixref="F-6781r1_fix">Configure all SAN components to have fixed IP addresses.</fixtext><fix id="F-6781r1_fix" /><check system="C-4374r1_chk"><check-content-ref name="M" href="DPMS_XCCDF_Benchmark_SAN.xml" /><check-content>The reviewer with the assistance of the SA will verify that all SAN components are configured with fixed IP addresses.</check-content></check></Rule></Group></Benchmark>