<?xml version="1.0" encoding="utf-8"?><?xml-stylesheet type='text/xsl' href='STIG_unclass.xsl'?><Benchmark xmlns:dc="http://purl.org/dc/elements/1.1/" xmlns:xsi="http://www.w3.org/2001/XMLSchema-instance" xmlns:cpe="http://cpe.mitre.org/language/2.0" xmlns:xhtml="http://www.w3.org/1999/xhtml" xmlns:dsig="http://www.w3.org/2000/09/xmldsig#" xsi:schemaLocation="http://checklists.nist.gov/xccdf/1.1 http://nvd.nist.gov/schema/xccdf-1.1.4.xsd http://cpe.mitre.org/dictionary/2.0 http://cpe.mitre.org/files/cpe-dictionary_2.1.xsd" id="IBM_Hardware_Management_Console_Policies" xml:lang="en" xmlns="http://checklists.nist.gov/xccdf/1.1"><status date="2023-03-20">accepted</status><title>IBM Hardware Management Console (HMC) Policies Security Technical Implementation Guide</title><description>This Security Technical Implementation Guide is published as a tool to improve the security of Department of Defense (DOD) information systems. The requirements are derived from the National Institute of Standards and Technology (NIST) 800-53 and related documents. Comments or proposed revisions to this document should be sent via email to the following address: disa.stig_spt@mail.mil.</description><notice id="terms-of-use" xml:lang="en"></notice><front-matter xml:lang="en"></front-matter><rear-matter xml:lang="en"></rear-matter><reference href="https://cyber.mil"><dc:publisher>DISA</dc:publisher><dc:source>STIG.DOD.MIL</dc:source></reference><plain-text id="release-info">Release: 1 Benchmark Date: 27 Apr 2023</plain-text><plain-text id="generator">3.4.0.34222</plain-text><plain-text id="conventionsVersion">1.10.0</plain-text><version>2</version><Profile id="MAC-1_Classified"><title>I - Mission Critical Classified</title><description>&lt;ProfileDescription&gt;&lt;/ProfileDescription&gt;</description><select idref="V-256853" selected="true" /><select idref="V-256854" selected="true" /><select idref="V-256855" selected="true" /><select idref="V-256856" selected="true" /></Profile><Profile id="MAC-1_Public"><title>I - Mission Critical Public</title><description>&lt;ProfileDescription&gt;&lt;/ProfileDescription&gt;</description><select idref="V-256853" selected="true" /><select idref="V-256854" selected="true" /><select idref="V-256855" selected="true" /><select idref="V-256856" selected="true" /></Profile><Profile id="MAC-1_Sensitive"><title>I - Mission Critical Sensitive</title><description>&lt;ProfileDescription&gt;&lt;/ProfileDescription&gt;</description><select idref="V-256853" selected="true" /><select idref="V-256854" selected="true" /><select idref="V-256855" selected="true" /><select idref="V-256856" selected="true" /></Profile><Profile id="MAC-2_Classified"><title>II - Mission Support Classified</title><description>&lt;ProfileDescription&gt;&lt;/ProfileDescription&gt;</description><select idref="V-256853" selected="true" /><select idref="V-256854" selected="true" /><select idref="V-256855" selected="true" /><select idref="V-256856" selected="true" /></Profile><Profile id="MAC-2_Public"><title>II - Mission Support Public</title><description>&lt;ProfileDescription&gt;&lt;/ProfileDescription&gt;</description><select idref="V-256853" selected="true" /><select idref="V-256854" selected="true" /><select idref="V-256855" selected="true" /><select idref="V-256856" selected="true" /></Profile><Profile id="MAC-2_Sensitive"><title>II - Mission Support Sensitive</title><description>&lt;ProfileDescription&gt;&lt;/ProfileDescription&gt;</description><select idref="V-256853" selected="true" /><select idref="V-256854" selected="true" /><select idref="V-256855" selected="true" /><select idref="V-256856" selected="true" /></Profile><Profile id="MAC-3_Classified"><title>III - Administrative Classified</title><description>&lt;ProfileDescription&gt;&lt;/ProfileDescription&gt;</description><select idref="V-256853" selected="true" /><select idref="V-256854" selected="true" /><select idref="V-256855" selected="true" /><select idref="V-256856" selected="true" /></Profile><Profile id="MAC-3_Public"><title>III - Administrative Public</title><description>&lt;ProfileDescription&gt;&lt;/ProfileDescription&gt;</description><select idref="V-256853" selected="true" /><select idref="V-256854" selected="true" /><select idref="V-256855" selected="true" /><select idref="V-256856" selected="true" /></Profile><Profile id="MAC-3_Sensitive"><title>III - Administrative Sensitive</title><description>&lt;ProfileDescription&gt;&lt;/ProfileDescription&gt;</description><select idref="V-256853" selected="true" /><select idref="V-256854" selected="true" /><select idref="V-256855" selected="true" /><select idref="V-256856" selected="true" /></Profile><Group id="V-256853"><title>SRG-OS-000360-GPOS-00147</title><description>&lt;GroupDescription&gt;&lt;/GroupDescription&gt;</description><Rule id="SV-256853r890905_rule" weight="10.0" severity="low"><version>HMCP0010</version><title>Initial Program Load (IPL) Procedures must exists for each partition defined to the system.</title><description>&lt;VulnDiscussion&gt;If procedures for performing IPLs are not in place, it is extremely difficult to ensure overall operating system integrity.&lt;/VulnDiscussion&gt;&lt;FalsePositives&gt;&lt;/FalsePositives&gt;&lt;FalseNegatives&gt;&lt;/FalseNegatives&gt;&lt;Documentable&gt;false&lt;/Documentable&gt;&lt;Mitigations&gt;&lt;/Mitigations&gt;&lt;SeverityOverrideGuidance&gt;&lt;/SeverityOverrideGuidance&gt;&lt;PotentialImpacts&gt;&lt;/PotentialImpacts&gt;&lt;ThirdPartyTools&gt;&lt;/ThirdPartyTools&gt;&lt;MitigationControl&gt;&lt;/MitigationControl&gt;&lt;Responsibility&gt;&lt;/Responsibility&gt;&lt;IAControls&gt;&lt;/IAControls&gt;</description><reference><dc:title>DPMS Target IBM Hardware Management Console (HMC) Policies</dc:title><dc:publisher>DISA</dc:publisher><dc:type>DPMS Target</dc:type><dc:subject>IBM Hardware Management Console (HMC) Policies</dc:subject><dc:identifier>5532</dc:identifier></reference><ident system="http://cyber.mil/legacy">V-24841</ident><ident system="http://cyber.mil/legacy">SV-30530</ident><ident system="http://cyber.mil/cci">CCI-000366</ident><fixtext fixref="F-60471r890904_fix">Create or refine procedures for performing IPLs for the LPARs/partitions defined on the system.
</fixtext><fix id="F-60471r890904_fix" /><check system="C-60528r890903_chk"><check-content-ref href="U_IBM_HMC_Policy_STIG_V1R2_Manual-xccdf.xml" name="M" /><check-content>Have the Systems Administrator validate that IPL Procedures Documentation exists for all partitions that are defined on the system. 

Using the Hardware Management Console, do the following:

1)	Access CPC Images Group displays.  (This will list the LPARs.)

2)	Compare the partition names listed on the Partition Page to validate that IPL procedures exist for each entered on the Central Processor Complex Domain/LPAR Names.  

	If IPL Procedures do not exist for each partition, this is a FINDING.
</check-content></check></Rule></Group><Group id="V-256854"><title>SRG-OS-000360-GPOS-00147</title><description>&lt;GroupDescription&gt;&lt;/GroupDescription&gt;</description><Rule id="SV-256854r890908_rule" weight="10.0" severity="low"><version>HMCP0110</version><title>Power On Reset (POR) Procedures must be documented for each system.</title><description>&lt;VulnDiscussion&gt;If procedures for performing PORs are not in place, it is extremely difficult to ensure overall operating system integrity&lt;/VulnDiscussion&gt;&lt;FalsePositives&gt;&lt;/FalsePositives&gt;&lt;FalseNegatives&gt;&lt;/FalseNegatives&gt;&lt;Documentable&gt;false&lt;/Documentable&gt;&lt;Mitigations&gt;&lt;/Mitigations&gt;&lt;SeverityOverrideGuidance&gt;&lt;/SeverityOverrideGuidance&gt;&lt;PotentialImpacts&gt;&lt;/PotentialImpacts&gt;&lt;ThirdPartyTools&gt;&lt;/ThirdPartyTools&gt;&lt;MitigationControl&gt;&lt;/MitigationControl&gt;&lt;Responsibility&gt;&lt;/Responsibility&gt;&lt;IAControls&gt;&lt;/IAControls&gt;</description><reference><dc:title>DPMS Target IBM Hardware Management Console (HMC) Policies</dc:title><dc:publisher>DISA</dc:publisher><dc:type>DPMS Target</dc:type><dc:subject>IBM Hardware Management Console (HMC) Policies</dc:subject><dc:identifier>5532</dc:identifier></reference><ident system="http://cyber.mil/legacy">V-24842</ident><ident system="http://cyber.mil/legacy">SV-30531</ident><ident system="http://cyber.mil/cci">CCI-000366</ident><fixtext fixref="F-60472r890907_fix">Create or refine procedures for performing PORs.

</fixtext><fix id="F-60472r890907_fix" /><check system="C-60529r890906_chk"><check-content-ref href="U_IBM_HMC_Policy_STIG_V1R2_Manual-xccdf.xml" name="M" /><check-content>Review the POR procedures with the System Administrator.
 Review documentation for completeness and accuracy.

	If no documentation exists, this is a FINDING

  

</check-content></check></Rule></Group><Group id="V-256855"><title>SRG-OS-000360-GPOS-00147</title><description>&lt;GroupDescription&gt;&lt;/GroupDescription&gt;</description><Rule id="SV-256855r890911_rule" weight="10.0" severity="low"><version>HMCP0120</version><title>System shutdown procedures documentation must exist for each partition defined to the system.</title><description>&lt;VulnDiscussion&gt;If procedures for performing system shutdowns are not in place, it is extremely difficult to ensure overall data and operating system integrity.&lt;/VulnDiscussion&gt;&lt;FalsePositives&gt;&lt;/FalsePositives&gt;&lt;FalseNegatives&gt;&lt;/FalseNegatives&gt;&lt;Documentable&gt;false&lt;/Documentable&gt;&lt;Mitigations&gt;&lt;/Mitigations&gt;&lt;SeverityOverrideGuidance&gt;&lt;/SeverityOverrideGuidance&gt;&lt;PotentialImpacts&gt;&lt;/PotentialImpacts&gt;&lt;ThirdPartyTools&gt;&lt;/ThirdPartyTools&gt;&lt;MitigationControl&gt;&lt;/MitigationControl&gt;&lt;Responsibility&gt;&lt;/Responsibility&gt;&lt;IAControls&gt;&lt;/IAControls&gt;</description><reference><dc:title>DPMS Target IBM Hardware Management Console (HMC) Policies</dc:title><dc:publisher>DISA</dc:publisher><dc:type>DPMS Target</dc:type><dc:subject>IBM Hardware Management Console (HMC) Policies</dc:subject><dc:identifier>5532</dc:identifier></reference><ident system="http://cyber.mil/legacy">V-24843</ident><ident system="http://cyber.mil/legacy">SV-30532</ident><ident system="http://cyber.mil/cci">CCI-000366</ident><fixtext fixref="F-60473r890910_fix">Create or refine procedures for performing system shutdowns for each partition.
</fixtext><fix id="F-60473r890910_fix" /><check system="C-60530r890909_chk"><check-content-ref href="U_IBM_HMC_Policy_STIG_V1R2_Manual-xccdf.xml" name="M" /><check-content>Have the System Administrator validate that System Shutdown Documentation exists for all partitions that are defined on the system. 

a)	Using the Hardware Management Console, do the following:

1)	Access CPC Images Group displays.  (This will list the LPARs.)

2)	Compare the partition names listed on the Partition Page to validate that System Shutdown procedures exist for each entered on the Central Processor Complex Domain/LPAR Names.  

	If System Shutdown Procedures do not exist for each partition, this is a FINDING. 


</check-content></check></Rule></Group><Group id="V-256856"><title>SRG-OS-000360-GPOS-00147</title><description>&lt;GroupDescription&gt;&lt;/GroupDescription&gt;</description><Rule id="SV-256856r890914_rule" weight="10.0" severity="medium"><version>HMCP0130</version><title>Backup of critical data for the HMC and its components  must be documented and tracked</title><description>&lt;VulnDiscussion&gt;If procedures for performing backup and recovery of critical data for the HMC  is not in place, system recoverability may be jeopardized and overall security compromised.&lt;/VulnDiscussion&gt;&lt;FalsePositives&gt;&lt;/FalsePositives&gt;&lt;FalseNegatives&gt;&lt;/FalseNegatives&gt;&lt;Documentable&gt;false&lt;/Documentable&gt;&lt;Mitigations&gt;&lt;/Mitigations&gt;&lt;SeverityOverrideGuidance&gt;&lt;/SeverityOverrideGuidance&gt;&lt;PotentialImpacts&gt;&lt;/PotentialImpacts&gt;&lt;ThirdPartyTools&gt;&lt;/ThirdPartyTools&gt;&lt;MitigationControl&gt;&lt;/MitigationControl&gt;&lt;Responsibility&gt;&lt;/Responsibility&gt;&lt;IAControls&gt;&lt;/IAControls&gt;</description><reference><dc:title>DPMS Target IBM Hardware Management Console (HMC) Policies</dc:title><dc:publisher>DISA</dc:publisher><dc:type>DPMS Target</dc:type><dc:subject>IBM Hardware Management Console (HMC) Policies</dc:subject><dc:identifier>5532</dc:identifier></reference><ident system="http://cyber.mil/legacy">V-24844</ident><ident system="http://cyber.mil/legacy">SV-30533</ident><ident system="http://cyber.mil/cci">CCI-000366</ident><fixtext fixref="F-60474r890913_fix">Verify that procedures for backup of the critical data for the HMCs are properly documented. If not, create Backup Procedures documentation.

CPC data should be backed-up when configuration or CPC- licensed internal code changes have been made or as a routine preventive maintenance procedure.</fixtext><fix id="F-60474r890913_fix" /><check system="C-60531r890912_chk"><check-content-ref href="U_IBM_HMC_Policy_STIG_V1R2_Manual-xccdf.xml" name="M" /><check-content>Review the documentation for backup of critical data for a HMC with the System Administrator.
Review documentation for completeness and accuracy.

If no documentation exists, this is a FINDING.

</check-content></check></Rule></Group></Benchmark>