<Backups xmlns="http://www.microsoft.com/GroupPolicy/GPOOperations/Manifest" xmlns:mfst="http://www.microsoft.com/GroupPolicy/GPOOperations/Manifest" mfst:version="1.0"><BackupInst><GPOGuid><![CDATA[{F78FB021-D81C-4D0A-A9F0-7F421E2197C2}]]></GPOGuid><GPODomain><![CDATA[security.local]]></GPODomain><GPODomainGuid><![CDATA[{2b127034-e676-4f54-b03a-e700e3004cb0}]]></GPODomainGuid><GPODomainController><![CDATA[GPOSrv2016.security.local]]></GPODomainController><BackupTime><![CDATA[2023-09-11T15:00:52]]></BackupTime><ID><![CDATA[{D44AA262-F641-4083-87B1-1BC05572792D}]]></ID><Comment><![CDATA[]]></Comment><GPODisplayName><![CDATA[DoD Windows 10 STIG User v2r8]]></GPODisplayName></BackupInst><BackupInst><GPOGuid><![CDATA[{4319570C-D133-4A7B-B7EA-DAC1A0481B9A}]]></GPOGuid><GPODomain><![CDATA[security.local]]></GPODomain><GPODomainGuid><![CDATA[{2b127034-e676-4f54-b03a-e700e3004cb0}]]></GPODomainGuid><GPODomainController><![CDATA[GPOSrv2016.security.local]]></GPODomainController><BackupTime><![CDATA[2023-09-11T15:00:32]]></BackupTime><ID><![CDATA[{876C5A1E-7050-4D3F-9FA5-99E9B31BF80E}]]></ID><Comment><![CDATA[]]></Comment><GPODisplayName><![CDATA[DoD Windows 10 STIG Computer v2r8]]></GPODisplayName></BackupInst></Backups>