<?xml version="1.0" encoding="utf-8"?><?xml-stylesheet type='text/xsl' href='STIG_unclass.xsl'?><Benchmark xmlns:dsig="http://www.w3.org/2000/09/xmldsig#" xmlns:xsi="http://www.w3.org/2001/XMLSchema-instance" xmlns:cpe="http://cpe.mitre.org/language/2.0" xmlns:xhtml="http://www.w3.org/1999/xhtml" xmlns:dc="http://purl.org/dc/elements/1.1/" id="Akamai_KSD_Service_IL2_NDM_STIG" xml:lang="en" xsi:schemaLocation="http://checklists.nist.gov/xccdf/1.1 http://nvd.nist.gov/schema/xccdf-1.1.4.xsd http://cpe.mitre.org/dictionary/2.0 http://cpe.mitre.org/files/cpe-dictionary_2.1.xsd" xmlns="http://checklists.nist.gov/xccdf/1.1"><status date="2017-09-15">accepted</status><title>Akamai KSD Service Impact Level 2 NDM Security Technical Implementation Guide</title><description>This Security Technical Implementation Guide is published as a tool to improve the security of Department of Defense (DoD) information systems. The requirements are derived from the National Institute of Standards and Technology (NIST) 800-53 and related documents. Comments or proposed revisions to this document should be sent via email to the following address: disa.stig_spt@mail.mil.</description><notice id="terms-of-use" xml:lang="en"></notice><reference href="http://iase.disa.mil"><dc:publisher>DISA</dc:publisher><dc:source>STIG.DOD.MIL</dc:source></reference><plain-text id="release-info">Release: 1 Benchmark Date: 12 Sep 2017</plain-text><version>1</version><Profile id="MAC-1_Classified"><title>I - Mission Critical Classified</title><description>&lt;ProfileDescription&gt;&lt;/ProfileDescription&gt;</description><select idref="V-76457" selected="true" /><select idref="V-76459" selected="true" /><select idref="V-76461" selected="true" /><select idref="V-76463" selected="true" /><select idref="V-76465" selected="true" /><select idref="V-76467" selected="true" /><select idref="V-76469" selected="true" /><select idref="V-76471" selected="true" /><select idref="V-76473" selected="true" /><select idref="V-76475" selected="true" /><select idref="V-76477" selected="true" /><select idref="V-76479" selected="true" /><select idref="V-76481" selected="true" /><select idref="V-76483" selected="true" /><select idref="V-76485" selected="true" /><select idref="V-76487" selected="true" /><select idref="V-76489" selected="true" /><select idref="V-76491" selected="true" /><select idref="V-76493" selected="true" /><select idref="V-76495" selected="true" /><select idref="V-76497" selected="true" /><select idref="V-76499" selected="true" /><select idref="V-76501" selected="true" /><select idref="V-76503" selected="true" /></Profile><Profile id="MAC-1_Public"><title>I - Mission Critical Public</title><description>&lt;ProfileDescription&gt;&lt;/ProfileDescription&gt;</description><select idref="V-76457" selected="true" /><select idref="V-76459" selected="true" /><select idref="V-76461" selected="true" /><select idref="V-76463" selected="true" /><select idref="V-76465" selected="true" /><select idref="V-76467" selected="true" /><select idref="V-76469" selected="true" /><select idref="V-76471" selected="true" /><select idref="V-76473" selected="true" /><select idref="V-76475" selected="true" /><select idref="V-76477" selected="true" /><select idref="V-76479" selected="true" /><select idref="V-76481" selected="true" /><select idref="V-76483" selected="true" /><select idref="V-76485" selected="true" /><select idref="V-76487" selected="true" /><select idref="V-76489" selected="true" /><select idref="V-76491" selected="true" /><select idref="V-76493" selected="true" /><select idref="V-76495" selected="true" /><select idref="V-76497" selected="true" /><select idref="V-76499" selected="true" /><select idref="V-76501" selected="true" /><select idref="V-76503" selected="true" /></Profile><Profile id="MAC-1_Sensitive"><title>I - Mission Critical Sensitive</title><description>&lt;ProfileDescription&gt;&lt;/ProfileDescription&gt;</description><select idref="V-76457" selected="true" /><select idref="V-76459" selected="true" /><select idref="V-76461" selected="true" /><select idref="V-76463" selected="true" /><select idref="V-76465" selected="true" /><select idref="V-76467" selected="true" /><select idref="V-76469" selected="true" /><select idref="V-76471" selected="true" /><select idref="V-76473" selected="true" /><select idref="V-76475" selected="true" /><select idref="V-76477" selected="true" /><select idref="V-76479" selected="true" /><select idref="V-76481" selected="true" /><select idref="V-76483" selected="true" /><select idref="V-76485" selected="true" /><select idref="V-76487" selected="true" /><select idref="V-76489" selected="true" /><select idref="V-76491" selected="true" /><select idref="V-76493" selected="true" /><select idref="V-76495" selected="true" /><select idref="V-76497" selected="true" /><select idref="V-76499" selected="true" /><select idref="V-76501" selected="true" /><select idref="V-76503" selected="true" /></Profile><Profile id="MAC-2_Classified"><title>II - Mission Support Classified</title><description>&lt;ProfileDescription&gt;&lt;/ProfileDescription&gt;</description><select idref="V-76457" selected="true" /><select idref="V-76459" selected="true" /><select idref="V-76461" selected="true" /><select idref="V-76463" selected="true" /><select idref="V-76465" selected="true" /><select idref="V-76467" selected="true" /><select idref="V-76469" selected="true" /><select idref="V-76471" selected="true" /><select idref="V-76473" selected="true" /><select idref="V-76475" selected="true" /><select idref="V-76477" selected="true" /><select idref="V-76479" selected="true" /><select idref="V-76481" selected="true" /><select idref="V-76483" selected="true" /><select idref="V-76485" selected="true" /><select idref="V-76487" selected="true" /><select idref="V-76489" selected="true" /><select idref="V-76491" selected="true" /><select idref="V-76493" selected="true" /><select idref="V-76495" selected="true" /><select idref="V-76497" selected="true" /><select idref="V-76499" selected="true" /><select idref="V-76501" selected="true" /><select idref="V-76503" selected="true" /></Profile><Profile id="MAC-2_Public"><title>II - Mission Support Public</title><description>&lt;ProfileDescription&gt;&lt;/ProfileDescription&gt;</description><select idref="V-76457" selected="true" /><select idref="V-76459" selected="true" /><select idref="V-76461" selected="true" /><select idref="V-76463" selected="true" /><select idref="V-76465" selected="true" /><select idref="V-76467" selected="true" /><select idref="V-76469" selected="true" /><select idref="V-76471" selected="true" /><select idref="V-76473" selected="true" /><select idref="V-76475" selected="true" /><select idref="V-76477" selected="true" /><select idref="V-76479" selected="true" /><select idref="V-76481" selected="true" /><select idref="V-76483" selected="true" /><select idref="V-76485" selected="true" /><select idref="V-76487" selected="true" /><select idref="V-76489" selected="true" /><select idref="V-76491" selected="true" /><select idref="V-76493" selected="true" /><select idref="V-76495" selected="true" /><select idref="V-76497" selected="true" /><select idref="V-76499" selected="true" /><select idref="V-76501" selected="true" /><select idref="V-76503" selected="true" /></Profile><Profile id="MAC-2_Sensitive"><title>II - Mission Support Sensitive</title><description>&lt;ProfileDescription&gt;&lt;/ProfileDescription&gt;</description><select idref="V-76457" selected="true" /><select idref="V-76459" selected="true" /><select idref="V-76461" selected="true" /><select idref="V-76463" selected="true" /><select idref="V-76465" selected="true" /><select idref="V-76467" selected="true" /><select idref="V-76469" selected="true" /><select idref="V-76471" selected="true" /><select idref="V-76473" selected="true" /><select idref="V-76475" selected="true" /><select idref="V-76477" selected="true" /><select idref="V-76479" selected="true" /><select idref="V-76481" selected="true" /><select idref="V-76483" selected="true" /><select idref="V-76485" selected="true" /><select idref="V-76487" selected="true" /><select idref="V-76489" selected="true" /><select idref="V-76491" selected="true" /><select idref="V-76493" selected="true" /><select idref="V-76495" selected="true" /><select idref="V-76497" selected="true" /><select idref="V-76499" selected="true" /><select idref="V-76501" selected="true" /><select idref="V-76503" selected="true" /></Profile><Profile id="MAC-3_Classified"><title>III - Administrative Classified</title><description>&lt;ProfileDescription&gt;&lt;/ProfileDescription&gt;</description><select idref="V-76457" selected="true" /><select idref="V-76459" selected="true" /><select idref="V-76461" selected="true" /><select idref="V-76463" selected="true" /><select idref="V-76465" selected="true" /><select idref="V-76467" selected="true" /><select idref="V-76469" selected="true" /><select idref="V-76471" selected="true" /><select idref="V-76473" selected="true" /><select idref="V-76475" selected="true" /><select idref="V-76477" selected="true" /><select idref="V-76479" selected="true" /><select idref="V-76481" selected="true" /><select idref="V-76483" selected="true" /><select idref="V-76485" selected="true" /><select idref="V-76487" selected="true" /><select idref="V-76489" selected="true" /><select idref="V-76491" selected="true" /><select idref="V-76493" selected="true" /><select idref="V-76495" selected="true" /><select idref="V-76497" selected="true" /><select idref="V-76499" selected="true" /><select idref="V-76501" selected="true" /><select idref="V-76503" selected="true" /></Profile><Profile id="MAC-3_Public"><title>III - Administrative Public</title><description>&lt;ProfileDescription&gt;&lt;/ProfileDescription&gt;</description><select idref="V-76457" selected="true" /><select idref="V-76459" selected="true" /><select idref="V-76461" selected="true" /><select idref="V-76463" selected="true" /><select idref="V-76465" selected="true" /><select idref="V-76467" selected="true" /><select idref="V-76469" selected="true" /><select idref="V-76471" selected="true" /><select idref="V-76473" selected="true" /><select idref="V-76475" selected="true" /><select idref="V-76477" selected="true" /><select idref="V-76479" selected="true" /><select idref="V-76481" selected="true" /><select idref="V-76483" selected="true" /><select idref="V-76485" selected="true" /><select idref="V-76487" selected="true" /><select idref="V-76489" selected="true" /><select idref="V-76491" selected="true" /><select idref="V-76493" selected="true" /><select idref="V-76495" selected="true" /><select idref="V-76497" selected="true" /><select idref="V-76499" selected="true" /><select idref="V-76501" selected="true" /><select idref="V-76503" selected="true" /></Profile><Profile id="MAC-3_Sensitive"><title>III - Administrative Sensitive</title><description>&lt;ProfileDescription&gt;&lt;/ProfileDescription&gt;</description><select idref="V-76457" selected="true" /><select idref="V-76459" selected="true" /><select idref="V-76461" selected="true" /><select idref="V-76463" selected="true" /><select idref="V-76465" selected="true" /><select idref="V-76467" selected="true" /><select idref="V-76469" selected="true" /><select idref="V-76471" selected="true" /><select idref="V-76473" selected="true" /><select idref="V-76475" selected="true" /><select idref="V-76477" selected="true" /><select idref="V-76479" selected="true" /><select idref="V-76481" selected="true" /><select idref="V-76483" selected="true" /><select idref="V-76485" selected="true" /><select idref="V-76487" selected="true" /><select idref="V-76489" selected="true" /><select idref="V-76491" selected="true" /><select idref="V-76493" selected="true" /><select idref="V-76495" selected="true" /><select idref="V-76497" selected="true" /><select idref="V-76499" selected="true" /><select idref="V-76501" selected="true" /><select idref="V-76503" selected="true" /></Profile><Group id="V-76457"><title>SRG-APP-000075-NDM-000217</title><description>&lt;GroupDescription&gt;&lt;/GroupDescription&gt;</description><Rule id="SV-91153r1_rule" severity="medium" weight="10.0"><version>AKSD-DM-000005</version><title>Upon successful login, the Akamai Luna Portal must notify the administrator of the date and time of the last login.</title><description>&lt;VulnDiscussion&gt;Administrators need to be aware of activity that occurs regarding their network device management account. Providing administrators with information regarding the date and time of their last successful login allows them to determine if any unauthorized activity has occurred. This incorporates all methods of login, including but not limited to SSH, HTTP, HTTPS, and physical connectivity.&lt;/VulnDiscussion&gt;&lt;FalsePositives&gt;&lt;/FalsePositives&gt;&lt;FalseNegatives&gt;&lt;/FalseNegatives&gt;&lt;Documentable&gt;false&lt;/Documentable&gt;&lt;Mitigations&gt;&lt;/Mitigations&gt;&lt;SeverityOverrideGuidance&gt;&lt;/SeverityOverrideGuidance&gt;&lt;PotentialImpacts&gt;&lt;/PotentialImpacts&gt;&lt;ThirdPartyTools&gt;&lt;/ThirdPartyTools&gt;&lt;MitigationControl&gt;&lt;/MitigationControl&gt;&lt;Responsibility&gt;&lt;/Responsibility&gt;&lt;IAControls&gt;&lt;/IAControls&gt;</description><reference><dc:title>DPMS Target Akamai Edge Security NDM</dc:title><dc:publisher>DISA</dc:publisher><dc:type>DPMS Target</dc:type><dc:subject>Akamai Edge Security NDM</dc:subject><dc:identifier>3167</dc:identifier></reference><ident system="http://iase.disa.mil/cci">CCI-000052</ident><ident system="http://iase.disa.mil/cci">CCI-000366</ident><fixtext fixref="F-83135r1_fix">Configure the activity log to appear in the "My Akamai" section.

1. Select the gear icon on one of the four widgets.
2. Select the activity log in the left column.
3. Check the box for "All Logins".</fixtext><fix id="F-83135r1_fix" /><check system="C-76117r1_chk"><check-content-ref name="M" href="DPMS_XCCDF_Benchmark_Akamai_KSD_Service_IL2_NDM_STIG.xml" /><check-content>Verify that the activity log is showing user login data:

1. Log in to the Luna Portal.
2. Verify that one of the four widgets includes the activity log.

If the activity log is not showing, this is a finding.</check-content></check></Rule></Group><Group id="V-76459"><title>SRG-APP-000516-NDM-000332</title><description>&lt;GroupDescription&gt;&lt;/GroupDescription&gt;</description><Rule id="SV-91155r1_rule" severity="medium" weight="10.0"><version>AKSD-DM-000006</version><title>The Akamai Luna Portal must notify the administrator of the number of successful login attempts.</title><description>&lt;VulnDiscussion&gt;Administrators need to be aware of activity that occurs regarding their network device management account. Providing administrators with information regarding the date and time of their last successful login allows the administrator to determine if any unauthorized activity has occurred. This incorporates all methods of login, including but not limited to SSH, HTTP, HTTPS, and physical connectivity. The organization-defined time period is dependent on the frequency with which administrators typically log in to the network device.&lt;/VulnDiscussion&gt;&lt;FalsePositives&gt;&lt;/FalsePositives&gt;&lt;FalseNegatives&gt;&lt;/FalseNegatives&gt;&lt;Documentable&gt;false&lt;/Documentable&gt;&lt;Mitigations&gt;&lt;/Mitigations&gt;&lt;SeverityOverrideGuidance&gt;&lt;/SeverityOverrideGuidance&gt;&lt;PotentialImpacts&gt;&lt;/PotentialImpacts&gt;&lt;ThirdPartyTools&gt;&lt;/ThirdPartyTools&gt;&lt;MitigationControl&gt;&lt;/MitigationControl&gt;&lt;Responsibility&gt;&lt;/Responsibility&gt;&lt;IAControls&gt;&lt;/IAControls&gt;</description><reference><dc:title>DPMS Target Akamai Edge Security NDM</dc:title><dc:publisher>DISA</dc:publisher><dc:type>DPMS Target</dc:type><dc:subject>Akamai Edge Security NDM</dc:subject><dc:identifier>3167</dc:identifier></reference><ident system="http://iase.disa.mil/cci">CCI-000366</ident><ident system="http://iase.disa.mil/cci">CCI-001391</ident><fixtext fixref="F-83137r1_fix">Configure the activity log to appear in the "My Akamai" section.

1. Select the gear icon on one of the four widgets.
2. Select the activity log in the left column.
3. Check the box for "All Logins".</fixtext><fix id="F-83137r1_fix" /><check system="C-76119r1_chk"><check-content-ref name="M" href="DPMS_XCCDF_Benchmark_Akamai_KSD_Service_IL2_NDM_STIG.xml" /><check-content>Verify the activity log is showing user login data:

1. Log in to the Luna Portal.
2. Verify that one of the four widgets includes the activity log.

If the activity log is not showing, this is a finding.</check-content></check></Rule></Group><Group id="V-76461"><title>SRG-APP-000003-NDM-000202</title><description>&lt;GroupDescription&gt;&lt;/GroupDescription&gt;</description><Rule id="SV-91157r1_rule" severity="medium" weight="10.0"><version>AKSD-DM-000007</version><title>The Akamai Luna Portal must initiate a session logoff after a 15-minute period of inactivity.</title><description>&lt;VulnDiscussion&gt;A session lock is a temporary network device or administrator-initiated action taken when the administrator stops work but does not log out of the network device. Rather than relying on the user to manually lock their management session prior to vacating the vicinity, network devices need to be able to identify when a management session has idled and take action to initiate the session lock. Once invoked, the session lock must remain in place until the administrator reauthenticates. No other system activity aside from reauthentication must unlock the management session.

When the network device is remotely administered, a session logoff may be the only practical option in lieu of a session lock. For a web portal, a session logoff must be invoked when idle time is exceeded for an administrator.

Note that CCI-001133 requires that administrative network sessions be disconnected after 10 minutes of idle time.&lt;/VulnDiscussion&gt;&lt;FalsePositives&gt;&lt;/FalsePositives&gt;&lt;FalseNegatives&gt;&lt;/FalseNegatives&gt;&lt;Documentable&gt;false&lt;/Documentable&gt;&lt;Mitigations&gt;&lt;/Mitigations&gt;&lt;SeverityOverrideGuidance&gt;&lt;/SeverityOverrideGuidance&gt;&lt;PotentialImpacts&gt;&lt;/PotentialImpacts&gt;&lt;ThirdPartyTools&gt;&lt;/ThirdPartyTools&gt;&lt;MitigationControl&gt;&lt;/MitigationControl&gt;&lt;Responsibility&gt;&lt;/Responsibility&gt;&lt;IAControls&gt;&lt;/IAControls&gt;</description><reference><dc:title>DPMS Target Akamai Edge Security NDM</dc:title><dc:publisher>DISA</dc:publisher><dc:type>DPMS Target</dc:type><dc:subject>Akamai Edge Security NDM</dc:subject><dc:identifier>3167</dc:identifier></reference><ident system="http://iase.disa.mil/cci">CCI-000057</ident><fixtext fixref="F-83139r1_fix">Configure the session timeout duration to 15 minutes:

1. Log in to the Luna Portal as an administrator.
2. Select Configure &gt;&gt; Manage Users &amp; Groups.
3. Select each user and set the "Timeout" value to "After 15 Minutes".</fixtext><fix id="F-83139r1_fix" /><check system="C-76121r1_chk"><check-content-ref name="M" href="DPMS_XCCDF_Benchmark_Akamai_KSD_Service_IL2_NDM_STIG.xml" /><check-content>Verify that all portal users have the session timeout duration set to 15 minutes:

1. Log in to the Luna Portal as an administrator.
2. Select Configure &gt;&gt; Manage Users &amp; Groups.
3. Select each administrator and inspect the "Timeout" setting to verify it reads "After 15 Minutes".
4. Click "Save" button.

If any user has a "Timeout" value other than "After 15 Minutes", this is a finding.</check-content></check></Rule></Group><Group id="V-76463"><title>SRG-APP-000026-NDM-000208</title><description>&lt;GroupDescription&gt;&lt;/GroupDescription&gt;</description><Rule id="SV-91159r1_rule" severity="medium" weight="10.0"><version>AKSD-DM-000008</version><title>The Akamai Luna Portal must automatically audit account creation.</title><description>&lt;VulnDiscussion&gt;Upon gaining access to a network device, an attacker will often first attempt to create a persistent method of reestablishing access. One way to accomplish this is to create a new account. Notification of account creation helps to mitigate this risk. Auditing account creation provides the necessary reconciliation that account management procedures are being followed. Without this audit trail, personnel without the proper authorization may gain access to critical network nodes.&lt;/VulnDiscussion&gt;&lt;FalsePositives&gt;&lt;/FalsePositives&gt;&lt;FalseNegatives&gt;&lt;/FalseNegatives&gt;&lt;Documentable&gt;false&lt;/Documentable&gt;&lt;Mitigations&gt;&lt;/Mitigations&gt;&lt;SeverityOverrideGuidance&gt;&lt;/SeverityOverrideGuidance&gt;&lt;PotentialImpacts&gt;&lt;/PotentialImpacts&gt;&lt;ThirdPartyTools&gt;&lt;/ThirdPartyTools&gt;&lt;MitigationControl&gt;&lt;/MitigationControl&gt;&lt;Responsibility&gt;&lt;/Responsibility&gt;&lt;IAControls&gt;&lt;/IAControls&gt;</description><reference><dc:title>DPMS Target Akamai Edge Security NDM</dc:title><dc:publisher>DISA</dc:publisher><dc:type>DPMS Target</dc:type><dc:subject>Akamai Edge Security NDM</dc:subject><dc:identifier>3167</dc:identifier></reference><ident system="http://iase.disa.mil/cci">CCI-000018</ident><fixtext fixref="F-83141r1_fix">Enable account creation alerting:

1. Log in to the Luna Portal as an administrator.
2. Select Configure &gt;&gt; Alerts.
3. Search/filter for "Luna Control Center Event".
4. Click the "Settings" button and click on "Properties" tab.
5. Select "Manage - Manage Users".</fixtext><fix id="F-83141r1_fix" /><check system="C-76123r1_chk"><check-content-ref name="M" href="DPMS_XCCDF_Benchmark_Akamai_KSD_Service_IL2_NDM_STIG.xml" /><check-content>Verify that the portal is sending Luna Event notifications:

1. Log in to the Luna Portal as an administrator.
2. Select Configure &gt;&gt; Alerts.
3. Search/filter for "Luna Control Center Event".
4. Click the "Settings" button and click on "Properties" tab.
5. Verify that the following setting is selected:  "Manage - Manage Users".

If the Luna Control Center event notifications are not enabled, this is a finding.</check-content></check></Rule></Group><Group id="V-76465"><title>SRG-APP-000027-NDM-000209</title><description>&lt;GroupDescription&gt;&lt;/GroupDescription&gt;</description><Rule id="SV-91161r1_rule" severity="medium" weight="10.0"><version>AKSD-DM-000009</version><title>The Akamai Luna Portal must automatically audit account modification.</title><description>&lt;VulnDiscussion&gt;Since the accounts in the network device are privileged or system-level accounts, account management is vital to the security of the network device. Account management by a designated authority ensures access to the network device is being controlled in a secure manner by granting access to only authorized personnel with the appropriate and necessary privileges. Auditing account modification along with an automatic notification to appropriate individuals will provide the necessary reconciliation that account management procedures are being followed. If modifications to management accounts are not audited, reconciliation of account management procedures cannot be tracked.&lt;/VulnDiscussion&gt;&lt;FalsePositives&gt;&lt;/FalsePositives&gt;&lt;FalseNegatives&gt;&lt;/FalseNegatives&gt;&lt;Documentable&gt;false&lt;/Documentable&gt;&lt;Mitigations&gt;&lt;/Mitigations&gt;&lt;SeverityOverrideGuidance&gt;&lt;/SeverityOverrideGuidance&gt;&lt;PotentialImpacts&gt;&lt;/PotentialImpacts&gt;&lt;ThirdPartyTools&gt;&lt;/ThirdPartyTools&gt;&lt;MitigationControl&gt;&lt;/MitigationControl&gt;&lt;Responsibility&gt;&lt;/Responsibility&gt;&lt;IAControls&gt;&lt;/IAControls&gt;</description><reference><dc:title>DPMS Target Akamai Edge Security NDM</dc:title><dc:publisher>DISA</dc:publisher><dc:type>DPMS Target</dc:type><dc:subject>Akamai Edge Security NDM</dc:subject><dc:identifier>3167</dc:identifier></reference><ident system="http://iase.disa.mil/cci">CCI-001403</ident><fixtext fixref="F-83143r1_fix">Enable account modification alerting:

1. Log in to the Luna Portal as an administrator.
2. Select Configure &gt;&gt; Alerts.
3. Search/filter for "Luna Control Center Event".
4. Click the "Settings" button and click on "Properties" tab.
5. Select "Manage - Manage Users".</fixtext><fix id="F-83143r1_fix" /><check system="C-76125r1_chk"><check-content-ref name="M" href="DPMS_XCCDF_Benchmark_Akamai_KSD_Service_IL2_NDM_STIG.xml" /><check-content>Verify that the portal is sending Luna Event notifications:

1. Log in to the Luna Portal as an administrator.
2. Select Configure &gt;&gt; Alerts.
3. Search/filter for "Luna Control Center Event".
4. Click the "Settings" button and click on "Properties" tab.
5. Verify that the following setting is selected: "Manage - Manage Users".

If the Luna Control Center event notifications are not enabled, this is a finding.</check-content></check></Rule></Group><Group id="V-76467"><title>SRG-APP-000029-NDM-000211</title><description>&lt;GroupDescription&gt;&lt;/GroupDescription&gt;</description><Rule id="SV-91163r1_rule" severity="medium" weight="10.0"><version>AKSD-DM-000011</version><title>The Akamai Luna Portal must automatically audit account removal actions.</title><description>&lt;VulnDiscussion&gt;Account management, as a whole, ensures access to the network device is being controlled in a secure manner by granting access to only authorized personnel. Auditing account removal actions will support account management procedures. When device management accounts are terminated, user or service accessibility may be affected. Auditing also ensures authorized active accounts remain enabled and available for use when required.&lt;/VulnDiscussion&gt;&lt;FalsePositives&gt;&lt;/FalsePositives&gt;&lt;FalseNegatives&gt;&lt;/FalseNegatives&gt;&lt;Documentable&gt;false&lt;/Documentable&gt;&lt;Mitigations&gt;&lt;/Mitigations&gt;&lt;SeverityOverrideGuidance&gt;&lt;/SeverityOverrideGuidance&gt;&lt;PotentialImpacts&gt;&lt;/PotentialImpacts&gt;&lt;ThirdPartyTools&gt;&lt;/ThirdPartyTools&gt;&lt;MitigationControl&gt;&lt;/MitigationControl&gt;&lt;Responsibility&gt;&lt;/Responsibility&gt;&lt;IAControls&gt;&lt;/IAControls&gt;</description><reference><dc:title>DPMS Target Akamai Edge Security NDM</dc:title><dc:publisher>DISA</dc:publisher><dc:type>DPMS Target</dc:type><dc:subject>Akamai Edge Security NDM</dc:subject><dc:identifier>3167</dc:identifier></reference><ident system="http://iase.disa.mil/cci">CCI-001405</ident><fixtext fixref="F-83145r1_fix">Enable account removal alerting:

1. Log in to the Luna Portal as an administrator.
2. Select Configure &gt;&gt; Alerts.
3. Search/filter for "Luna Control Center Event".
4. Click the "Settings" button and click on "Properties" tab.
5. Select "Manage - Manage Users".</fixtext><fix id="F-83145r1_fix" /><check system="C-76127r1_chk"><check-content-ref name="M" href="DPMS_XCCDF_Benchmark_Akamai_KSD_Service_IL2_NDM_STIG.xml" /><check-content>Verify that the portal is sending Luna Event notifications:

1. Log in to the Luna Portal as an administrator.
2. Select Configure &gt;&gt; Alerts.
3. Search/filter for "Luna Control Center Event".
4. Click the "Settings" button and click on "Properties" tab.
5. Verify that the following setting is selected: "Manage - Manage Users".

If the Luna Control Center event notifications are not enabled, this is a finding.</check-content></check></Rule></Group><Group id="V-76469"><title>SRG-APP-000291-NDM-000275</title><description>&lt;GroupDescription&gt;&lt;/GroupDescription&gt;</description><Rule id="SV-91165r1_rule" severity="medium" weight="10.0"><version>AKSD-DM-000012</version><title>The Akamai Luna Portal must generate alerts that can be forwarded to the SAs and ISSO when accounts are created.</title><description>&lt;VulnDiscussion&gt;Once an attacker establishes initial access to a system, the attacker often attempts to create a persistent method of reestablishing access. One way to accomplish this is for the attacker to simply create a new account. Notification of account creation is one method for mitigating this risk. A comprehensive account management process will ensure an audit trail that documents the creation of accounts and notifies the SAs and ISSO. Such a process greatly reduces the risk that accounts will be surreptitiously created and provides logging that can be used for forensic purposes.&lt;/VulnDiscussion&gt;&lt;FalsePositives&gt;&lt;/FalsePositives&gt;&lt;FalseNegatives&gt;&lt;/FalseNegatives&gt;&lt;Documentable&gt;false&lt;/Documentable&gt;&lt;Mitigations&gt;&lt;/Mitigations&gt;&lt;SeverityOverrideGuidance&gt;&lt;/SeverityOverrideGuidance&gt;&lt;PotentialImpacts&gt;&lt;/PotentialImpacts&gt;&lt;ThirdPartyTools&gt;&lt;/ThirdPartyTools&gt;&lt;MitigationControl&gt;&lt;/MitigationControl&gt;&lt;Responsibility&gt;&lt;/Responsibility&gt;&lt;IAControls&gt;&lt;/IAControls&gt;</description><reference><dc:title>DPMS Target Akamai Edge Security NDM</dc:title><dc:publisher>DISA</dc:publisher><dc:type>DPMS Target</dc:type><dc:subject>Akamai Edge Security NDM</dc:subject><dc:identifier>3167</dc:identifier></reference><ident system="http://iase.disa.mil/cci">CCI-001683</ident><fixtext fixref="F-83147r1_fix">Enable Luna Event notifications:

1. Log in to the Luna Portal as an administrator.
2. Select Configure &gt;&gt; Alerts.
3. Click the "Create New Alert" button.
4. Select "Luna Control Center Event" and press the "Next" button.
5. Check the box that reads "Manage - Manage Users".
6. Proceed through the alert creation wizard, filling out the appropriate fields, and then click "Submit".

Alternatively, custom notifications can be created by using the event manager API at https://developer.akamai.com/api/luna/events/overview.html.</fixtext><fix id="F-83147r1_fix" /><check system="C-76129r1_chk"><check-content-ref name="M" href="DPMS_XCCDF_Benchmark_Akamai_KSD_Service_IL2_NDM_STIG.xml" /><check-content>Verify that the portal is sending Luna Event notifications:

1. Log in to the Luna Portal as an administrator.
2. Select Configure &gt;&gt; Alerts.
3. Search/filter for "Luna Control Center Event".
4. Click on "account creation".
5. Verify that the following settings are selected by clicking the "Settings" button:
"Manage - Manage Users".

If the Luna Control Center event notifications are not enabled, this is a finding.</check-content></check></Rule></Group><Group id="V-76471"><title>SRG-APP-000292-NDM-000276</title><description>&lt;GroupDescription&gt;&lt;/GroupDescription&gt;</description><Rule id="SV-91167r1_rule" severity="medium" weight="10.0"><version>AKSD-DM-000013</version><title>The Akamai Luna Portal must generate alerts that can be forwarded to the SAs and ISSO when accounts are modified.</title><description>&lt;VulnDiscussion&gt;Once an attacker establishes initial access to a system, the attacker often attempts to create a persistent method of reestablishing access. One way to accomplish this is for the attacker to simply modify an existing account. Notification of account modification is one method for mitigating this risk. A comprehensive account management process will ensure an audit trail that documents the modification of device administrator accounts and notifies the SAs and ISSO. Such a process greatly reduces the risk that accounts will be surreptitiously modified and provides logging that can be used for forensic purposes.

The network device must generate the alert. Notification may be done by a management server.&lt;/VulnDiscussion&gt;&lt;FalsePositives&gt;&lt;/FalsePositives&gt;&lt;FalseNegatives&gt;&lt;/FalseNegatives&gt;&lt;Documentable&gt;false&lt;/Documentable&gt;&lt;Mitigations&gt;&lt;/Mitigations&gt;&lt;SeverityOverrideGuidance&gt;&lt;/SeverityOverrideGuidance&gt;&lt;PotentialImpacts&gt;&lt;/PotentialImpacts&gt;&lt;ThirdPartyTools&gt;&lt;/ThirdPartyTools&gt;&lt;MitigationControl&gt;&lt;/MitigationControl&gt;&lt;Responsibility&gt;&lt;/Responsibility&gt;&lt;IAControls&gt;&lt;/IAControls&gt;</description><reference><dc:title>DPMS Target Akamai Edge Security NDM</dc:title><dc:publisher>DISA</dc:publisher><dc:type>DPMS Target</dc:type><dc:subject>Akamai Edge Security NDM</dc:subject><dc:identifier>3167</dc:identifier></reference><ident system="http://iase.disa.mil/cci">CCI-001684</ident><fixtext fixref="F-83149r1_fix">Enable Luna Event notifications:

1. Log in to the Luna Portal as an administrator.
2. Select Configure &gt;&gt; Alerts.
3. Click the "Create New Alert" button.
4. Select "Luna Control Center Event" and press the "Next" button.
5. Check the box that reads "Manage - Manage Users".
6. Proceed through the alert creation wizard, filling out the appropriate fields, and then click "Submit".

Alternatively, custom notifications can be created by using the event manager API at https://developer.akamai.com/api/luna/events/overview.html.</fixtext><fix id="F-83149r1_fix" /><check system="C-76131r1_chk"><check-content-ref name="M" href="DPMS_XCCDF_Benchmark_Akamai_KSD_Service_IL2_NDM_STIG.xml" /><check-content>Verify that the portal is sending Luna Event notifications:

1. Log in to the Luna Portal as an administrator.
2. Select Configure &gt;&gt; Alerts.
3. Search/filter for "Luna Control Center Event".
4. Click on "account modification".
5. Verify that the following settings are selected by clicking the "Settings" button:
"Manage - Manage Users".

If the Luna Control Center event notifications are not enabled, this is a finding.</check-content></check></Rule></Group><Group id="V-76473"><title>SRG-APP-000294-NDM-000278</title><description>&lt;GroupDescription&gt;&lt;/GroupDescription&gt;</description><Rule id="SV-91169r1_rule" severity="medium" weight="10.0"><version>AKSD-DM-000015</version><title>The Akamai Luna Portal must generate alerts that can be forwarded to the SAs and ISSO when accounts are removed.</title><description>&lt;VulnDiscussion&gt;When application accounts are removed, administrator accessibility is affected. Accounts are used for identifying individual device administrators or for identifying the device processes themselves. 

In order to detect and respond to events that affect administrator accessibility and device processing, devices must audit account removal actions and, as required, notify the appropriate individuals so they can investigate the event. Such a capability greatly reduces the risk that device accessibility will be negatively affected for extended periods of time and also provides logging that can be used for forensic purposes.&lt;/VulnDiscussion&gt;&lt;FalsePositives&gt;&lt;/FalsePositives&gt;&lt;FalseNegatives&gt;&lt;/FalseNegatives&gt;&lt;Documentable&gt;false&lt;/Documentable&gt;&lt;Mitigations&gt;&lt;/Mitigations&gt;&lt;SeverityOverrideGuidance&gt;&lt;/SeverityOverrideGuidance&gt;&lt;PotentialImpacts&gt;&lt;/PotentialImpacts&gt;&lt;ThirdPartyTools&gt;&lt;/ThirdPartyTools&gt;&lt;MitigationControl&gt;&lt;/MitigationControl&gt;&lt;Responsibility&gt;&lt;/Responsibility&gt;&lt;IAControls&gt;&lt;/IAControls&gt;</description><reference><dc:title>DPMS Target Akamai Edge Security NDM</dc:title><dc:publisher>DISA</dc:publisher><dc:type>DPMS Target</dc:type><dc:subject>Akamai Edge Security NDM</dc:subject><dc:identifier>3167</dc:identifier></reference><ident system="http://iase.disa.mil/cci">CCI-001686</ident><fixtext fixref="F-83151r1_fix">Enable Luna Event notifications:

1. Log in to the Luna Portal as an administrator.
2. Select Configure &gt;&gt; Alerts.
3. Click the "Create New Alert" button.
4. Select "Luna Control Center Event" and press the "Next" button.
5. Check the box that reads "Manage - Manage Users".
6. Proceed through the alert creation wizard, filling out the appropriate fields, and then click "Submit".

Alternatively, custom notifications can be created by using the event manager API at https://developer.akamai.com/api/luna/events/overview.html.</fixtext><fix id="F-83151r1_fix" /><check system="C-76133r1_chk"><check-content-ref name="M" href="DPMS_XCCDF_Benchmark_Akamai_KSD_Service_IL2_NDM_STIG.xml" /><check-content>Verify that the portal is sending Luna Event notifications:

1. Log in to the Luna Portal as an administrator.
2. Select Configure &gt;&gt; Alerts.
3. Search/filter for "Luna Control Center Event".
4. Click on "account removal".
5. Verify that the following settings are selected by clicking the "Settings" button:
"Manage - Manage Users".

If the Luna Control Center event notifications are not enabled, this is a finding.</check-content></check></Rule></Group><Group id="V-76475"><title>SRG-APP-000319-NDM-000283</title><description>&lt;GroupDescription&gt;&lt;/GroupDescription&gt;</description><Rule id="SV-91171r1_rule" severity="medium" weight="10.0"><version>AKSD-DM-000016</version><title>The Akamai Luna Portal must automatically audit account enabling actions.</title><description>&lt;VulnDiscussion&gt;Once an attacker establishes initial access to a system, the attacker often attempts to create a persistent method of reestablishing access. One way to accomplish this is for the attacker to enable a new or disabled account.

Notification of account enabling is one method for mitigating this risk. A comprehensive account management process will ensure an audit trail that documents the creation of application user accounts and notifies administrators and ISSOs. Such a process greatly reduces the risk that accounts will be surreptitiously created and provides logging that can be used for forensic purposes.&lt;/VulnDiscussion&gt;&lt;FalsePositives&gt;&lt;/FalsePositives&gt;&lt;FalseNegatives&gt;&lt;/FalseNegatives&gt;&lt;Documentable&gt;false&lt;/Documentable&gt;&lt;Mitigations&gt;&lt;/Mitigations&gt;&lt;SeverityOverrideGuidance&gt;&lt;/SeverityOverrideGuidance&gt;&lt;PotentialImpacts&gt;&lt;/PotentialImpacts&gt;&lt;ThirdPartyTools&gt;&lt;/ThirdPartyTools&gt;&lt;MitigationControl&gt;&lt;/MitigationControl&gt;&lt;Responsibility&gt;&lt;/Responsibility&gt;&lt;IAControls&gt;&lt;/IAControls&gt;</description><reference><dc:title>DPMS Target Akamai Edge Security NDM</dc:title><dc:publisher>DISA</dc:publisher><dc:type>DPMS Target</dc:type><dc:subject>Akamai Edge Security NDM</dc:subject><dc:identifier>3167</dc:identifier></reference><ident system="http://iase.disa.mil/cci">CCI-002130</ident><fixtext fixref="F-83153r1_fix">Enable Luna Event notifications.

1. Log in to the Luna Portal as an administrator.
2. Select Configure &gt;&gt; Alerts.
3. Click the "Create New Alert" button.
4. Select "Luna Control Center Event" and press the "Next" button.
5. Check the box that reads "Manage - Manage Users".
6. Proceed through the alert creation wizard, filling out the appropriate fields, and then click "Submit".</fixtext><fix id="F-83153r1_fix" /><check system="C-76135r1_chk"><check-content-ref name="M" href="DPMS_XCCDF_Benchmark_Akamai_KSD_Service_IL2_NDM_STIG.xml" /><check-content>Verify that the portal is sending Luna Event notifications:

1. Log in to the Luna Portal as an administrator.
2. Select Configure &gt;&gt; Alerts.
3. Search/filter for "Luna Control Center Event".
4. Click on "account enabling".
5. Verify that the following settings are selected by clicking the "Settings" button:
"Manage - Manage Users".

If the Luna Control Center event notifications are not enabled, this is a finding.</check-content></check></Rule></Group><Group id="V-76477"><title>SRG-APP-000320-NDM-000284</title><description>&lt;GroupDescription&gt;&lt;/GroupDescription&gt;</description><Rule id="SV-91173r1_rule" severity="medium" weight="10.0"><version>AKSD-DM-000017</version><title>The Akamai Luna Portal must notify the SAs and ISSO when accounts are created, or enabled when previously disabled.</title><description>&lt;VulnDiscussion&gt;Once an attacker establishes initial access to a system, the attacker often attempts to create a persistent method of reestablishing access. One way to accomplish this is for the attacker to simply enable a new or disabled account. Notification of account enabling is one method for mitigating this risk. A comprehensive account management process will ensure an audit trail which documents the creation of application user accounts and notifies the SAs and ISSO. Such a process greatly reduces the risk that accounts will be surreptitiously enabled and provides logging that can be used for forensic purposes.

In order to detect and respond to events that affect network administrator accessibility and device processing, network devices must audit account enabling actions and, as required, notify the appropriate individuals so they can investigate the event.&lt;/VulnDiscussion&gt;&lt;FalsePositives&gt;&lt;/FalsePositives&gt;&lt;FalseNegatives&gt;&lt;/FalseNegatives&gt;&lt;Documentable&gt;false&lt;/Documentable&gt;&lt;Mitigations&gt;&lt;/Mitigations&gt;&lt;SeverityOverrideGuidance&gt;&lt;/SeverityOverrideGuidance&gt;&lt;PotentialImpacts&gt;&lt;/PotentialImpacts&gt;&lt;ThirdPartyTools&gt;&lt;/ThirdPartyTools&gt;&lt;MitigationControl&gt;&lt;/MitigationControl&gt;&lt;Responsibility&gt;&lt;/Responsibility&gt;&lt;IAControls&gt;&lt;/IAControls&gt;</description><reference><dc:title>DPMS Target Akamai Edge Security NDM</dc:title><dc:publisher>DISA</dc:publisher><dc:type>DPMS Target</dc:type><dc:subject>Akamai Edge Security NDM</dc:subject><dc:identifier>3167</dc:identifier></reference><ident system="http://iase.disa.mil/cci">CCI-002132</ident><fixtext fixref="F-83155r1_fix">Enable Luna Event notifications:

1. Log in to the Luna Portal as an administrator.
2. Select Configure &gt;&gt; Alerts.
3. Click the "Create New Alert" button.
4. Select "Luna Control Center Event" and press the "Next" button.
5. Check the boxes for applicable alerts.
6. Proceed through the alert creation wizard, filling out the appropriate fields, and then click "Submit".</fixtext><fix id="F-83155r1_fix" /><check system="C-76137r1_chk"><check-content-ref name="M" href="DPMS_XCCDF_Benchmark_Akamai_KSD_Service_IL2_NDM_STIG.xml" /><check-content>Verify that the portal is sending the expected Luna Event notifications:

1. Log in to the Luna Portal as an administrator.
2. Select Configure &gt;&gt; Alerts.
3. Search/filter for "Luna Control Center Event".
4. Click on "account creation".
5. Verify that the following settings are selected by clicking the "Settings" button:
"Manage - Manage Users".

If the Luna Control Center event notifications are not enabled, this is a finding.</check-content></check></Rule></Group><Group id="V-76479"><title>SRG-APP-000343-NDM-000289</title><description>&lt;GroupDescription&gt;&lt;/GroupDescription&gt;</description><Rule id="SV-91175r1_rule" severity="medium" weight="10.0"><version>AKSD-DM-000018</version><title>The Akamai Luna Portal must audit the execution of privileged functions.</title><description>&lt;VulnDiscussion&gt;Misuse of privileged functions, either intentionally or unintentionally by authorized users or by unauthorized external entities that have compromised information system accounts, is a serious and ongoing concern and can have significant adverse impacts on organizations. Auditing the use of privileged functions is one way to detect such misuse and identify the risk from insider threats and the advanced persistent threat.&lt;/VulnDiscussion&gt;&lt;FalsePositives&gt;&lt;/FalsePositives&gt;&lt;FalseNegatives&gt;&lt;/FalseNegatives&gt;&lt;Documentable&gt;false&lt;/Documentable&gt;&lt;Mitigations&gt;&lt;/Mitigations&gt;&lt;SeverityOverrideGuidance&gt;&lt;/SeverityOverrideGuidance&gt;&lt;PotentialImpacts&gt;&lt;/PotentialImpacts&gt;&lt;ThirdPartyTools&gt;&lt;/ThirdPartyTools&gt;&lt;MitigationControl&gt;&lt;/MitigationControl&gt;&lt;Responsibility&gt;&lt;/Responsibility&gt;&lt;IAControls&gt;&lt;/IAControls&gt;</description><reference><dc:title>DPMS Target Akamai Edge Security NDM</dc:title><dc:publisher>DISA</dc:publisher><dc:type>DPMS Target</dc:type><dc:subject>Akamai Edge Security NDM</dc:subject><dc:identifier>3167</dc:identifier></reference><ident system="http://iase.disa.mil/cci">CCI-002234</ident><fixtext fixref="F-83157r1_fix">Enable Luna Event notifications:

1. Log in to the Luna Portal as an administrator.
2. Select Configure &gt;&gt; Alerts.
3. Click the "Create New Alert" button.
4. Select "Luna Control Center Event" and press the "Next" button.
5. Check the boxes for applicable alerts.
6. Proceed through the alert creation wizard, filling out the appropriate fields, and then click "Submit".</fixtext><fix id="F-83157r1_fix" /><check system="C-76139r1_chk"><check-content-ref name="M" href="DPMS_XCCDF_Benchmark_Akamai_KSD_Service_IL2_NDM_STIG.xml" /><check-content>Verify that the portal is sending the expected Luna Event notifications:

1. Log in to the Luna Portal as an administrator.
2. Select Configure &gt;&gt; Alerts.
3. Search/filter for "Luna Control Center Event".
4. Click on "execution of privileged functions".
5. Verify that the following settings are selected by clicking the "Settings" button:
"Manage - Manage Users".

If the Luna Control Center event notifications are not enabled, this is a finding.</check-content></check></Rule></Group><Group id="V-76481"><title>SRG-APP-000089-NDM-000221</title><description>&lt;GroupDescription&gt;&lt;/GroupDescription&gt;</description><Rule id="SV-91177r1_rule" severity="low" weight="10.0"><version>AKSD-DM-000020</version><title>The Akamai Luna Portal must provide audit record generation capability for DoD-defined auditable events within the network device.</title><description>&lt;VulnDiscussion&gt;Without the capability to generate audit records, it would be difficult to establish, correlate, and investigate the events relating to an incident or identify those responsible for one.

Audit records can be generated from various components within the network device (e.g., process, module). Certain specific device functionalities may be audited as well. The list of audited events is the set of events for which audits are to be generated. This set of events is typically a subset of the list of all events for which the system is capable of generating audit records.

DoD has defined the list of events for which the device will provide an audit record generation capability as the following:

(i) Successful and unsuccessful attempts to access, modify, or delete privileges, security objects, security levels, or categories of information (e.g., classification levels);
(ii) Access actions, such as successful and unsuccessful login attempts, privileged activities or other system-level access, starting and ending time for user access to the system, concurrent logins from different workstations, successful and unsuccessful accesses to objects, all program initiations, and all direct access to the information system; and
(iii) All account creation, modification, disabling, and termination actions.&lt;/VulnDiscussion&gt;&lt;FalsePositives&gt;&lt;/FalsePositives&gt;&lt;FalseNegatives&gt;&lt;/FalseNegatives&gt;&lt;Documentable&gt;false&lt;/Documentable&gt;&lt;Mitigations&gt;&lt;/Mitigations&gt;&lt;SeverityOverrideGuidance&gt;&lt;/SeverityOverrideGuidance&gt;&lt;PotentialImpacts&gt;&lt;/PotentialImpacts&gt;&lt;ThirdPartyTools&gt;&lt;/ThirdPartyTools&gt;&lt;MitigationControl&gt;&lt;/MitigationControl&gt;&lt;Responsibility&gt;&lt;/Responsibility&gt;&lt;IAControls&gt;&lt;/IAControls&gt;</description><reference><dc:title>DPMS Target Akamai Edge Security NDM</dc:title><dc:publisher>DISA</dc:publisher><dc:type>DPMS Target</dc:type><dc:subject>Akamai Edge Security NDM</dc:subject><dc:identifier>3167</dc:identifier></reference><ident system="http://iase.disa.mil/cci">CCI-000169</ident><fixtext fixref="F-83159r1_fix">Enable Luna Event notifications.

1. Log in to the Luna Portal as an administrator.
2. Select Configure &gt;&gt; Alerts.
3. Click the "Create New Alert" button.
4. Select "Luna Control Center Event" and press the "Next" button.
5. Check each of the applicable boxes for the DoD-defined auditable events.
6. Proceed through the alert creation wizard, filling out the appropriate fields, and then click "Submit".</fixtext><fix id="F-83159r1_fix" /><check system="C-76141r1_chk"><check-content-ref name="M" href="DPMS_XCCDF_Benchmark_Akamai_KSD_Service_IL2_NDM_STIG.xml" /><check-content>Verify that the portal is sending Luna Event notifications:

1. Log in to the Luna Portal as an administrator.
2. Select Configure &gt;&gt; Alerts.
3. Search/filter for "Luna Control Center Event".
4. Click on the DoD-defined auditable events individually.
5. Verify that the applicable events are selected by clicking the "Settings" button.

If the Luna Control Center event notifications are not enabled, this is a finding.</check-content></check></Rule></Group><Group id="V-76483"><title>SRG-APP-000091-NDM-000223</title><description>&lt;GroupDescription&gt;&lt;/GroupDescription&gt;</description><Rule id="SV-91179r1_rule" severity="low" weight="10.0"><version>AKSD-DM-000022</version><title>The Akamai Luna Portal must generate audit records when successful/unsuccessful attempts to access privileges occur.</title><description>&lt;VulnDiscussion&gt;Without generating audit records that are specific to the security and mission needs of the organization, it would be difficult to establish, correlate, and investigate the events relating to an incident or identify those responsible for one.

Audit records can be generated from various components within the information system (e.g., module or policy filter).&lt;/VulnDiscussion&gt;&lt;FalsePositives&gt;&lt;/FalsePositives&gt;&lt;FalseNegatives&gt;&lt;/FalseNegatives&gt;&lt;Documentable&gt;false&lt;/Documentable&gt;&lt;Mitigations&gt;&lt;/Mitigations&gt;&lt;SeverityOverrideGuidance&gt;&lt;/SeverityOverrideGuidance&gt;&lt;PotentialImpacts&gt;&lt;/PotentialImpacts&gt;&lt;ThirdPartyTools&gt;&lt;/ThirdPartyTools&gt;&lt;MitigationControl&gt;&lt;/MitigationControl&gt;&lt;Responsibility&gt;&lt;/Responsibility&gt;&lt;IAControls&gt;&lt;/IAControls&gt;</description><reference><dc:title>DPMS Target Akamai Edge Security NDM</dc:title><dc:publisher>DISA</dc:publisher><dc:type>DPMS Target</dc:type><dc:subject>Akamai Edge Security NDM</dc:subject><dc:identifier>3167</dc:identifier></reference><ident system="http://iase.disa.mil/cci">CCI-000172</ident><fixtext fixref="F-83161r1_fix">Enable Luna Event notifications:

1. Log in to the Luna Portal as an administrator.
2. Select Configure &gt;&gt; Alerts.
3. Click the "Create New Alert" button.
4. Select "Luna Control Center Event" and press the "Next" button.
5. Check the applicable boxes.
6. Proceed through the alert creation wizard, filling out the appropriate fields, and then click "Submit".</fixtext><fix id="F-83161r1_fix" /><check system="C-76143r1_chk"><check-content-ref name="M" href="DPMS_XCCDF_Benchmark_Akamai_KSD_Service_IL2_NDM_STIG.xml" /><check-content>Verify that the portal is sending Luna Event notifications:

1. Log in to the Luna Portal as an administrator.
2. Select Configure &gt;&gt; Alerts.
3. Search/filter for "Luna Control Center Event".
4. Click on the event name that meets the criteria above.
5. Verify that the applicable events are selected by clicking the "Settings" button.

If the Luna Control Center event notifications are not enabled, this is a finding.</check-content></check></Rule></Group><Group id="V-76485"><title>SRG-APP-000164-NDM-000252</title><description>&lt;GroupDescription&gt;&lt;/GroupDescription&gt;</description><Rule id="SV-91181r1_rule" severity="medium" weight="10.0"><version>AKSD-DM-000028</version><title>The Akamai Luna Portal must enforce a minimum 15-character password length.</title><description>&lt;VulnDiscussion&gt;Password complexity, or strength, is a measure of the effectiveness of a password in resisting attempts at guessing and brute-force attacks. Password length is one factor of several that helps to determine strength and how long it takes to crack a password.

The shorter the password, the lower the number of possible combinations that need to be tested before the password is compromised. Use of more characters in a password helps to exponentially increase the time and/or resources required to compromise the password.&lt;/VulnDiscussion&gt;&lt;FalsePositives&gt;&lt;/FalsePositives&gt;&lt;FalseNegatives&gt;&lt;/FalseNegatives&gt;&lt;Documentable&gt;false&lt;/Documentable&gt;&lt;Mitigations&gt;&lt;/Mitigations&gt;&lt;SeverityOverrideGuidance&gt;&lt;/SeverityOverrideGuidance&gt;&lt;PotentialImpacts&gt;&lt;/PotentialImpacts&gt;&lt;ThirdPartyTools&gt;&lt;/ThirdPartyTools&gt;&lt;MitigationControl&gt;&lt;/MitigationControl&gt;&lt;Responsibility&gt;&lt;/Responsibility&gt;&lt;IAControls&gt;&lt;/IAControls&gt;</description><reference><dc:title>DPMS Target Akamai Edge Security NDM</dc:title><dc:publisher>DISA</dc:publisher><dc:type>DPMS Target</dc:type><dc:subject>Akamai Edge Security NDM</dc:subject><dc:identifier>3167</dc:identifier></reference><ident system="http://iase.disa.mil/cci">CCI-000205</ident><fixtext fixref="F-83163r1_fix">Open a ticket through the Akamai Customer Portal (Luna), https://control.akamai.com
 
Select the “Support” link, under the “OPEN A CASE” section, select "Business Support Issue or Question".
The "Area" field should be "General Account Management".
Service should be "Product Support".
Once selected a form will load where the subject should be "Password Security Policy Exception Request"
The description should contain the following information with all fields completed.  (Please note that if the character limit is exceeded then the following may be submitted as an attachment.)
 
-------------
Requester's name:
 
Requester's title:
 
Requester's organization/command:
 
We request the following exception(s) to the standard Akamai Luna password management policy to be applied to all accounts.
 
    - Force password rotations to occur at least every 60 days.
    - Disable any inactive accounts if they have not been used for 90 consecutive days.
    - Limit the number of consecutive invalid login attempts to 3.
    - Enforce a minimum length of 15 characters.
    - Require that at least one upper-case character be used.
    - Require that at least one lower-case character be used.
    - Require that at least one numeric character be used.
    - Require that at least one special character be used.
    - Prevent password reuse for at least 5 generations.
 
We understand this is a divergence from the standard, recommended Luna security policy.
 
Please submit this password policy exception request to the Akamai InfoSec team for review.  It has been approved by the security officer or administrator for the organization.  The following is the approver's information:
 
Approver's Name: 
 
Approver's Title:
(must security personnel for the organization)
 
Approver's Contact Information (necessary to validate this request):
 
      Phone: 
 
      E-mail:
-------------
 
Complete the contact information fields if they haven't been prepopulated, and then click "Create Case"</fixtext><fix id="F-83163r1_fix" /><check system="C-76145r1_chk"><check-content-ref name="M" href="DPMS_XCCDF_Benchmark_Akamai_KSD_Service_IL2_NDM_STIG.xml" /><check-content>Verify the minimum 15-character length for passwords.

Contact the Akamai Professional Services team to verify the changes at 1-877-4-AKATEC (1-877-425-2832).

If the minimum password length is not 15-character, this is a finding.</check-content></check></Rule></Group><Group id="V-76487"><title>SRG-APP-000166-NDM-000254</title><description>&lt;GroupDescription&gt;&lt;/GroupDescription&gt;</description><Rule id="SV-91183r1_rule" severity="medium" weight="10.0"><version>AKSD-DM-000029</version><title>If multifactor authentication is not supported and passwords must be used, the Akamai Luna Portal must enforce password complexity by requiring that at least one upper-case character be used.</title><description>&lt;VulnDiscussion&gt;Use of a complex password helps to increase the time and resources required to compromise the password. Password complexity, or strength, is a measure of the effectiveness of a password in resisting attempts at guessing and brute-force attacks.

Password complexity is one factor of several that determine how long it takes to crack a password. The more complex the password is, the greater the number of possible combinations that need to be tested before the password is compromised.&lt;/VulnDiscussion&gt;&lt;FalsePositives&gt;&lt;/FalsePositives&gt;&lt;FalseNegatives&gt;&lt;/FalseNegatives&gt;&lt;Documentable&gt;false&lt;/Documentable&gt;&lt;Mitigations&gt;&lt;/Mitigations&gt;&lt;SeverityOverrideGuidance&gt;&lt;/SeverityOverrideGuidance&gt;&lt;PotentialImpacts&gt;&lt;/PotentialImpacts&gt;&lt;ThirdPartyTools&gt;&lt;/ThirdPartyTools&gt;&lt;MitigationControl&gt;&lt;/MitigationControl&gt;&lt;Responsibility&gt;&lt;/Responsibility&gt;&lt;IAControls&gt;&lt;/IAControls&gt;</description><reference><dc:title>DPMS Target Akamai Edge Security NDM</dc:title><dc:publisher>DISA</dc:publisher><dc:type>DPMS Target</dc:type><dc:subject>Akamai Edge Security NDM</dc:subject><dc:identifier>3167</dc:identifier></reference><ident system="http://iase.disa.mil/cci">CCI-000192</ident><fixtext fixref="F-83165r1_fix">Open a ticket through the Akamai Customer Portal (Luna), https://control.akamai.com
 
Select the “Support” link, under the “OPEN A CASE” section, select "Business Support Issue or Question".
The "Area" field should be "General Account Management".
Service should be "Product Support".
Once selected a form will load where the subject should be "Password Security Policy Exception Request"
The description should contain the following information with all fields completed.  (Please note that if the character limit is exceeded then the following may be submitted as an attachment.)
 
-------------
Requester's name:
 
Requester's title:
 
Requester's organization/command:
 
We request the following exception(s) to the standard Akamai Luna password management policy to be applied to all accounts.
 
    - Force password rotations to occur at least every 60 days.
    - Disable any inactive accounts if they have not been used for 90 consecutive days.
    - Limit the number of consecutive invalid login attempts to 3.
    - Enforce a minimum length of 15 characters.
    - Require that at least one upper-case character be used.
    - Require that at least one lower-case character be used.
    - Require that at least one numeric character be used.
    - Require that at least one special character be used.
    - Prevent password reuse for at least 5 generations.
  
We understand this is a divergence from the standard, recommended Luna security policy.
 
Please submit this password policy exception request to the Akamai InfoSec team for review.  It has been approved by the security officer or administrator for the organization.  The following is the approver's information:
 
Approver's Name: 
 
Approver's Title:
(must security personnel for the organization)
 
Approver's Contact Information (necessary to validate this request):
 
      Phone: 
 
      E-mail:
-------------
 
Complete the contact information fields if they haven't been prepopulated, and then click "Create Case"</fixtext><fix id="F-83165r1_fix" /><check system="C-76147r1_chk"><check-content-ref name="M" href="DPMS_XCCDF_Benchmark_Akamai_KSD_Service_IL2_NDM_STIG.xml" /><check-content>Verify the password must contain at least one upper-case character.

Contact the Akamai Professional Services team to verify the changes at 1-877-4-AKATEC (1-877-425-2832).

If the password does not require at least one upper-case character, this is a finding.</check-content></check></Rule></Group><Group id="V-76489"><title>SRG-APP-000167-NDM-000255</title><description>&lt;GroupDescription&gt;&lt;/GroupDescription&gt;</description><Rule id="SV-91185r1_rule" severity="medium" weight="10.0"><version>AKSD-DM-000030</version><title>If multifactor authentication is not supported and passwords must be used, the Akamai Luna Portal must enforce password complexity by requiring that at least one lower-case character be used.</title><description>&lt;VulnDiscussion&gt;Use of a complex password helps to increase the time and resources required to compromise the password. Password complexity, or strength, is a measure of the effectiveness of a password in resisting attempts at guessing and brute-force attacks.

Password complexity is one factor of several that determine how long it takes to crack a password. The more complex the password, the greater the number of possible combinations that need to be tested before the password is compromised.&lt;/VulnDiscussion&gt;&lt;FalsePositives&gt;&lt;/FalsePositives&gt;&lt;FalseNegatives&gt;&lt;/FalseNegatives&gt;&lt;Documentable&gt;false&lt;/Documentable&gt;&lt;Mitigations&gt;&lt;/Mitigations&gt;&lt;SeverityOverrideGuidance&gt;&lt;/SeverityOverrideGuidance&gt;&lt;PotentialImpacts&gt;&lt;/PotentialImpacts&gt;&lt;ThirdPartyTools&gt;&lt;/ThirdPartyTools&gt;&lt;MitigationControl&gt;&lt;/MitigationControl&gt;&lt;Responsibility&gt;&lt;/Responsibility&gt;&lt;IAControls&gt;&lt;/IAControls&gt;</description><reference><dc:title>DPMS Target Akamai Edge Security NDM</dc:title><dc:publisher>DISA</dc:publisher><dc:type>DPMS Target</dc:type><dc:subject>Akamai Edge Security NDM</dc:subject><dc:identifier>3167</dc:identifier></reference><ident system="http://iase.disa.mil/cci">CCI-000193</ident><fixtext fixref="F-83167r1_fix">Open a ticket through the Akamai Customer Portal (Luna), https://control.akamai.com
 
Select the “Support” link, under the “OPEN A CASE” section, select "Business Support Issue or Question".
The "Area" field should be "General Account Management".
Service should be "Product Support".
Once selected a form will load where the subject should be "Password Security Policy Exception Request"
The description should contain the following information with all fields completed.  (Please note that if the character limit is exceeded then the following may be submitted as an attachment.)
 
-------------
Requester's name:
 
Requester's title:
 
Requester's organization/command:
 
We request the following exception(s) to the standard Akamai Luna password management policy to be applied to all accounts.
 
    - Force password rotations to occur at least every 60 days.
    - Disable any inactive accounts if they have not been used for 90 consecutive days.
    - Limit the number of consecutive invalid login attempts to 3.
    - Enforce a minimum length of 15 characters.
    - Require that at least one upper-case character be used.
    - Require that at least one lower-case character be used.
    - Require that at least one numeric character be used.
    - Require that at least one special character be used.
    - Prevent password reuse for at least 5 generations.
 
 
We understand this is a divergence from the standard, recommended Luna security policy.
 
Please submit this password policy exception request to the Akamai InfoSec team for review.  It has been approved by the security officer or administrator for the organization.  The following is the approver's information:
 
Approver's Name: 
 
Approver's Title:
(must security personnel for the organization)
 
Approver's Contact Information (necessary to validate this request):
 
      Phone: 
 
      E-mail:
-------------
 
Complete the contact information fields if they haven't been prepopulated, and then click "Create Case"</fixtext><fix id="F-83167r1_fix" /><check system="C-76149r1_chk"><check-content-ref name="M" href="DPMS_XCCDF_Benchmark_Akamai_KSD_Service_IL2_NDM_STIG.xml" /><check-content>Verify the password must contain at least one lower-case character.

Contact the Akamai Professional Services team to verify the changes at 1-877-4-AKATEC (1-877-425-2832).

If the password does not require at least one lower-case character, this is a finding.</check-content></check></Rule></Group><Group id="V-76491"><title>SRG-APP-000168-NDM-000256</title><description>&lt;GroupDescription&gt;&lt;/GroupDescription&gt;</description><Rule id="SV-91187r1_rule" severity="medium" weight="10.0"><version>AKSD-DM-000031</version><title>If multifactor authentication is not supported and passwords must be used, the Akamai Luna Portal must enforce password complexity by requiring that at least one numeric character be used.</title><description>&lt;VulnDiscussion&gt;Use of a complex password helps to increase the time and resources required to compromise the password. Password complexity, or strength, is a measure of the effectiveness of a password in resisting attempts at guessing and brute-force attacks. 

Password complexity is one factor of several that determine how long it takes to crack a password. The more complex the password, the greater the number of possible combinations that need to be tested before the password is compromised.&lt;/VulnDiscussion&gt;&lt;FalsePositives&gt;&lt;/FalsePositives&gt;&lt;FalseNegatives&gt;&lt;/FalseNegatives&gt;&lt;Documentable&gt;false&lt;/Documentable&gt;&lt;Mitigations&gt;&lt;/Mitigations&gt;&lt;SeverityOverrideGuidance&gt;&lt;/SeverityOverrideGuidance&gt;&lt;PotentialImpacts&gt;&lt;/PotentialImpacts&gt;&lt;ThirdPartyTools&gt;&lt;/ThirdPartyTools&gt;&lt;MitigationControl&gt;&lt;/MitigationControl&gt;&lt;Responsibility&gt;&lt;/Responsibility&gt;&lt;IAControls&gt;&lt;/IAControls&gt;</description><reference><dc:title>DPMS Target Akamai Edge Security NDM</dc:title><dc:publisher>DISA</dc:publisher><dc:type>DPMS Target</dc:type><dc:subject>Akamai Edge Security NDM</dc:subject><dc:identifier>3167</dc:identifier></reference><ident system="http://iase.disa.mil/cci">CCI-000194</ident><fixtext fixref="F-83169r1_fix">Open a ticket through the Akamai Customer Portal (Luna), https://control.akamai.com
 
Select the “Support” link, under the “OPEN A CASE” section, select "Business Support Issue or Question".
The "Area" field should be "General Account Management".
Service should be "Product Support".
Once selected a form will load where the subject should be "Password Security Policy Exception Request"
The description should contain the following information with all fields completed.  (Please note that if the character limit is exceeded then the following may be submitted as an attachment.)
 
-------------
Requester's name:
 
Requester's title:
 
Requester's organization/command:
 
We request the following exception(s) to the standard Akamai Luna password management policy to be applied to all accounts.
 
    - Force password rotations to occur at least every 60 days.
    - Disable any inactive accounts if they have not been used for 90 consecutive days.
    - Limit the number of consecutive invalid login attempts to 3.
    - Enforce a minimum length of 15 characters.
    - Require that at least one upper-case character be used.
    - Require that at least one lower-case character be used.
    - Require that at least one numeric character be used.
    - Require that at least one special character be used.
    - Prevent password reuse for at least 5 generations.
 
 
We understand this is a divergence from the standard, recommended Luna security policy.
 
Please submit this password policy exception request to the Akamai InfoSec team for review.  It has been approved by the security officer or administrator for the organization.  The following is the approver's information:
 
Approver's Name: 
 
Approver's Title:
(must security personnel for the organization)
 
Approver's Contact Information (necessary to validate this request):
 
      Phone: 
 
      E-mail:
-------------
 
Complete the contact information fields if they haven't been prepopulated, and then click "Create Case"</fixtext><fix id="F-83169r1_fix" /><check system="C-76151r1_chk"><check-content-ref name="M" href="DPMS_XCCDF_Benchmark_Akamai_KSD_Service_IL2_NDM_STIG.xml" /><check-content>Verify the password must contain at least one numeric character.

Contact the Akamai Professional Services team to verify the changes at 1-877-4-AKATEC (1-877-425-2832).

If the password does not require at least one numeric character, this is a finding.</check-content></check></Rule></Group><Group id="V-76493"><title>SRG-APP-000169-NDM-000257</title><description>&lt;GroupDescription&gt;&lt;/GroupDescription&gt;</description><Rule id="SV-91189r1_rule" severity="medium" weight="10.0"><version>AKSD-DM-000032</version><title>If multifactor authentication is not supported and passwords must be used, the Akamai Luna Portal must enforce password complexity by requiring that at least one special character be used.</title><description>&lt;VulnDiscussion&gt;Use of a complex password helps to increase the time and resources required to compromise the password. Password complexity, or strength, is a measure of the effectiveness of a password in resisting attempts at guessing and brute-force attacks.

Password complexity is one factor of several that determine how long it takes to crack a password. The more complex the password, the greater the number of possible combinations that need to be tested before the password is compromised.&lt;/VulnDiscussion&gt;&lt;FalsePositives&gt;&lt;/FalsePositives&gt;&lt;FalseNegatives&gt;&lt;/FalseNegatives&gt;&lt;Documentable&gt;false&lt;/Documentable&gt;&lt;Mitigations&gt;&lt;/Mitigations&gt;&lt;SeverityOverrideGuidance&gt;&lt;/SeverityOverrideGuidance&gt;&lt;PotentialImpacts&gt;&lt;/PotentialImpacts&gt;&lt;ThirdPartyTools&gt;&lt;/ThirdPartyTools&gt;&lt;MitigationControl&gt;&lt;/MitigationControl&gt;&lt;Responsibility&gt;&lt;/Responsibility&gt;&lt;IAControls&gt;&lt;/IAControls&gt;</description><reference><dc:title>DPMS Target Akamai Edge Security NDM</dc:title><dc:publisher>DISA</dc:publisher><dc:type>DPMS Target</dc:type><dc:subject>Akamai Edge Security NDM</dc:subject><dc:identifier>3167</dc:identifier></reference><ident system="http://iase.disa.mil/cci">CCI-001619</ident><fixtext fixref="F-83171r1_fix">Open a ticket through the Akamai Customer Portal (Luna), https://control.akamai.com
 
Select the “Support” link, under the “OPEN A CASE” section, select "Business Support Issue or Question".
The "Area" field should be "General Account Management".
Service should be "Product Support".
Once selected a form will load where the subject should be "Password Security Policy Exception Request"
The description should contain the following information with all fields completed.  (Please note that if the character limit is exceeded then the following may be submitted as an attachment.)
 
-------------
Requester's name:
 
Requester's title:
 
Requester's organization/command:
 
We request the following exception(s) to the standard Akamai Luna password management policy to be applied to all accounts.
 
    - Force password rotations to occur at least every 60 days.
    - Disable any inactive accounts if they have not been used for 90 consecutive days.
    - Limit the number of consecutive invalid login attempts to 3.
    - Enforce a minimum length of 15 characters.
    - Require that at least one upper-case character be used.
    - Require that at least one lower-case character be used.
    - Require that at least one numeric character be used.
    - Require that at least one special character be used.
    - Prevent password reuse for at least 5 generations.
 
 
We understand this is a divergence from the standard, recommended Luna security policy.
 
Please submit this password policy exception request to the Akamai InfoSec team for review.  It has been approved by the security officer or administrator for the organization.  The following is the approver's information:
 
Approver's Name: 
 
Approver's Title:
(must security personnel for the organization)
 
Approver's Contact Information (necessary to validate this request):
 
      Phone: 
 
      E-mail:
-------------
 
Complete the contact information fields if they haven't been prepopulated, and then click "Create Case"</fixtext><fix id="F-83171r1_fix" /><check system="C-76153r1_chk"><check-content-ref name="M" href="DPMS_XCCDF_Benchmark_Akamai_KSD_Service_IL2_NDM_STIG.xml" /><check-content>Verify the password must contain at least one special character.

Contact the Akamai Professional Services team to verify the changes at 1-877-4-AKATEC (1-877-425-2832).

If the password does not require at least one special character, this is a finding.</check-content></check></Rule></Group><Group id="V-76495"><title>SRG-APP-000174-NDM-000261</title><description>&lt;GroupDescription&gt;&lt;/GroupDescription&gt;</description><Rule id="SV-91191r1_rule" severity="medium" weight="10.0"><version>AKSD-DM-000035</version><title>The Akamai Luna Portal must enforce a 60-day maximum password lifetime restriction.</title><description>&lt;VulnDiscussion&gt;Any password, no matter how complex, can eventually be cracked. Therefore, passwords need to be changed at specific intervals.

One method of minimizing this risk is to use complex passwords and periodically change them. If the network device does not limit the lifetime of passwords and force users to change their passwords, there is the risk that the passwords could be compromised.

This requirement does not include emergency administration accounts, which are meant for access to the network device in case of failure. These accounts are not required to have maximum password lifetime restrictions.&lt;/VulnDiscussion&gt;&lt;FalsePositives&gt;&lt;/FalsePositives&gt;&lt;FalseNegatives&gt;&lt;/FalseNegatives&gt;&lt;Documentable&gt;false&lt;/Documentable&gt;&lt;Mitigations&gt;&lt;/Mitigations&gt;&lt;SeverityOverrideGuidance&gt;&lt;/SeverityOverrideGuidance&gt;&lt;PotentialImpacts&gt;&lt;/PotentialImpacts&gt;&lt;ThirdPartyTools&gt;&lt;/ThirdPartyTools&gt;&lt;MitigationControl&gt;&lt;/MitigationControl&gt;&lt;Responsibility&gt;&lt;/Responsibility&gt;&lt;IAControls&gt;&lt;/IAControls&gt;</description><reference><dc:title>DPMS Target Akamai Edge Security NDM</dc:title><dc:publisher>DISA</dc:publisher><dc:type>DPMS Target</dc:type><dc:subject>Akamai Edge Security NDM</dc:subject><dc:identifier>3167</dc:identifier></reference><ident system="http://iase.disa.mil/cci">CCI-000199</ident><fixtext fixref="F-83173r1_fix">Open a ticket through the Akamai Customer Portal (Luna), https://control.akamai.com
 
Select the “Support” link, under the “OPEN A CASE” section, select "Business Support Issue or Question".
The "Area" field should be "General Account Management".
Service should be "Product Support".
Once selected a form will load where the subject should be "Password Security Policy Exception Request"
The description should contain the following information with all fields completed.  (Please note that if the character limit is exceeded then the following may be submitted as an attachment.)
 
-------------
Requester's name:
 
Requester's title:
 
Requester's organization/command:
 
We request the following exception(s) to the standard Akamai Luna password management policy to be applied to all accounts.
 
    - Force password rotations to occur at least every 60 days.
    - Disable any inactive accounts if they have not been used for 90 consecutive days.
    - Limit the number of consecutive invalid login attempts to 3.
    - Enforce a minimum length of 15 characters.
    - Require that at least one upper-case character be used.
    - Require that at least one lower-case character be used.
    - Require that at least one numeric character be used.
    - Require that at least one special character be used.
    - Prevent password reuse for at least 5 generations.
 
 
We understand this is a divergence from the standard, recommended Luna security policy.
 
Please submit this password policy exception request to the Akamai InfoSec team for review.  It has been approved by the security officer or administrator for the organization.  The following is the approver's information:
 
Approver's Name: 
 
Approver's Title:
(must security personnel for the organization)
 
Approver's Contact Information (necessary to validate this request):
 
      Phone: 
 
      E-mail:
-------------
 
Complete the contact information fields if they haven't been prepopulated, and then click "Create Case"</fixtext><fix id="F-83173r1_fix" /><check system="C-76155r1_chk"><check-content-ref name="M" href="DPMS_XCCDF_Benchmark_Akamai_KSD_Service_IL2_NDM_STIG.xml" /><check-content>Verify the 60-day maximum password lifetime restriction is enforced.

Contact the Akamai Professional Services team to verify the changes at 1-877-4-AKATEC (1-877-425-2832).

If the 60-day maximum password lifetime restriction is not enforced, this is a finding.</check-content></check></Rule></Group><Group id="V-76497"><title>SRG-APP-000165-NDM-000253</title><description>&lt;GroupDescription&gt;&lt;/GroupDescription&gt;</description><Rule id="SV-91193r1_rule" severity="medium" weight="10.0"><version>AKSD-DM-000036</version><title>The Akamai Luna Portal must prohibit password reuse for a minimum of five generations.</title><description>&lt;VulnDiscussion&gt;Password complexity, or strength, is a measure of the effectiveness of a password in resisting attempts at guessing and brute-force attacks. 

To meet password policy requirements, passwords need to be changed at specific policy-based intervals. 

If the network device allows the user to consecutively reuse their password when that password has exceeded its defined lifetime, the end result is a password that is not changed as per policy requirements.&lt;/VulnDiscussion&gt;&lt;FalsePositives&gt;&lt;/FalsePositives&gt;&lt;FalseNegatives&gt;&lt;/FalseNegatives&gt;&lt;Documentable&gt;false&lt;/Documentable&gt;&lt;Mitigations&gt;&lt;/Mitigations&gt;&lt;SeverityOverrideGuidance&gt;&lt;/SeverityOverrideGuidance&gt;&lt;PotentialImpacts&gt;&lt;/PotentialImpacts&gt;&lt;ThirdPartyTools&gt;&lt;/ThirdPartyTools&gt;&lt;MitigationControl&gt;&lt;/MitigationControl&gt;&lt;Responsibility&gt;&lt;/Responsibility&gt;&lt;IAControls&gt;&lt;/IAControls&gt;</description><reference><dc:title>DPMS Target Akamai Edge Security NDM</dc:title><dc:publisher>DISA</dc:publisher><dc:type>DPMS Target</dc:type><dc:subject>Akamai Edge Security NDM</dc:subject><dc:identifier>3167</dc:identifier></reference><ident system="http://iase.disa.mil/cci">CCI-000200</ident><fixtext fixref="F-83175r1_fix">Open a ticket through the Akamai Customer Portal (Luna), https://control.akamai.com
 
Select the “Support” link, under the “OPEN A CASE” section, select "Business Support Issue or Question".
The "Area" field should be "General Account Management".
Service should be "Product Support".
Once selected a form will load where the subject should be "Password Security Policy Exception Request"
The description should contain the following information with all fields completed.  (Please note that if the character limit is exceeded then the following may be submitted as an attachment.)
 
-------------
Requester's name:
 
Requester's title:
 
Requester's organization/command:
 
We request the following exception(s) to the standard Akamai Luna password management policy to be applied to all accounts.
 
    - Force password rotations to occur at least every 60 days.
    - Disable any inactive accounts if they have not been used for 90 consecutive days.
    - Limit the number of consecutive invalid login attempts to 3.
    - Enforce a minimum length of 15 characters.
    - Require that at least one upper-case character be used.
    - Require that at least one lower-case character be used.
    - Require that at least one numeric character be used.
    - Require that at least one special character be used.
    - Prevent password reuse for at least 5 generations.
 
 
We understand this is a divergence from the standard, recommended Luna security policy.
 
Please submit this password policy exception request to the Akamai InfoSec team for review.  It has been approved by the security officer or administrator for the organization.  The following is the approver's information:
 
Approver's Name: 
 
Approver's Title:
(must security personnel for the organization)
 
Approver's Contact Information (necessary to validate this request):
 
      Phone: 
 
      E-mail:
-------------
 
Complete the contact information fields if they haven't been prepopulated, and then click "Create Case"</fixtext><fix id="F-83175r1_fix" /><check system="C-76157r1_chk"><check-content-ref name="M" href="DPMS_XCCDF_Benchmark_Akamai_KSD_Service_IL2_NDM_STIG.xml" /><check-content>Verify password reuse for a minimum of five generations is prohibited.

Contact the Akamai Professional Services team to verify the changes at 1-877-4-AKATEC (1-877-425-2832).

If the password reuse for a minimum of five generations is not prohibited, this is a finding.</check-content></check></Rule></Group><Group id="V-76499"><title>SRG-APP-000190-NDM-000267</title><description>&lt;GroupDescription&gt;&lt;/GroupDescription&gt;</description><Rule id="SV-91195r1_rule" severity="medium" weight="10.0"><version>AKSD-DM-000038</version><title>The Akamai Luna Portal must terminate all network connections associated with a device management session at the end of the session, or the session must be terminated after 15 minutes of inactivity except to fulfill documented and validated mission requirements.</title><description>&lt;VulnDiscussion&gt;Terminating an idle session within a short time period reduces the window of opportunity for unauthorized personnel to take control of a management session enabled on the console or console port that has been left unattended. In addition, quickly terminating an idle session will also free up resources committed by the managed network element.

Terminating network connections associated with communications sessions includes, for example, de-allocating associated TCP/IP address/port pairs at the operating system level, or de-allocating networking assignments at the application level if multiple application sessions are using a single, operating system-level network connection. This does not mean that the device terminates all sessions or network access; it only ends the inactive session and releases the resources associated with that session.&lt;/VulnDiscussion&gt;&lt;FalsePositives&gt;&lt;/FalsePositives&gt;&lt;FalseNegatives&gt;&lt;/FalseNegatives&gt;&lt;Documentable&gt;false&lt;/Documentable&gt;&lt;Mitigations&gt;&lt;/Mitigations&gt;&lt;SeverityOverrideGuidance&gt;&lt;/SeverityOverrideGuidance&gt;&lt;PotentialImpacts&gt;&lt;/PotentialImpacts&gt;&lt;ThirdPartyTools&gt;&lt;/ThirdPartyTools&gt;&lt;MitigationControl&gt;&lt;/MitigationControl&gt;&lt;Responsibility&gt;&lt;/Responsibility&gt;&lt;IAControls&gt;&lt;/IAControls&gt;</description><reference><dc:title>DPMS Target Akamai Edge Security NDM</dc:title><dc:publisher>DISA</dc:publisher><dc:type>DPMS Target</dc:type><dc:subject>Akamai Edge Security NDM</dc:subject><dc:identifier>3167</dc:identifier></reference><ident system="http://iase.disa.mil/cci">CCI-001133</ident><fixtext fixref="F-83177r1_fix">Set the session timeout duration to 15 minutes:

1. Log in to the Luna Portal as an administrator.
2. Select Configure &gt;&gt; Manage Users &amp; Groups.
3. Select each user and adjust the "Timeout" setting to "After 15 Minutes".</fixtext><fix id="F-83177r1_fix" /><check system="C-76159r1_chk"><check-content-ref name="M" href="DPMS_XCCDF_Benchmark_Akamai_KSD_Service_IL2_NDM_STIG.xml" /><check-content>Verify that all portal users have the session timeout duration set to 15 minutes:

1. Log in to the Luna Portal as an administrator.
2. Select Configure &gt;&gt; Manage Users &amp; Groups.
3. Select each user and inspect the "Timeout" setting to verify it reads "After 15 Minutes".

If the session timeout is not set to 15 minutes, this is a finding.</check-content></check></Rule></Group><Group id="V-76501"><title>SRG-APP-000516-NDM-000337</title><description>&lt;GroupDescription&gt;&lt;/GroupDescription&gt;</description><Rule id="SV-91197r1_rule" severity="high" weight="10.0"><version>AKSD-DM-000117</version><title>The Akamai Luna Portal must employ Security Assertion Markup Language (SAML) to automate central management of administrators.</title><description>&lt;VulnDiscussion&gt;The use of authentication servers or other centralized management servers for providing centralized authentication services is required for network device management. Maintaining local administrator accounts for daily usage on each network device without centralized management is not scalable or feasible. Without centralized management, it is likely that credentials for some network devices will be forgotten, leading to delays in administration, which itself leads to delays in remediating production problems and in addressing compromises in a timely fashion.&lt;/VulnDiscussion&gt;&lt;FalsePositives&gt;&lt;/FalsePositives&gt;&lt;FalseNegatives&gt;&lt;/FalseNegatives&gt;&lt;Documentable&gt;false&lt;/Documentable&gt;&lt;Mitigations&gt;&lt;/Mitigations&gt;&lt;SeverityOverrideGuidance&gt;&lt;/SeverityOverrideGuidance&gt;&lt;PotentialImpacts&gt;&lt;/PotentialImpacts&gt;&lt;ThirdPartyTools&gt;&lt;/ThirdPartyTools&gt;&lt;MitigationControl&gt;&lt;/MitigationControl&gt;&lt;Responsibility&gt;&lt;/Responsibility&gt;&lt;IAControls&gt;&lt;/IAControls&gt;</description><reference><dc:title>DPMS Target Akamai Edge Security NDM</dc:title><dc:publisher>DISA</dc:publisher><dc:type>DPMS Target</dc:type><dc:subject>Akamai Edge Security NDM</dc:subject><dc:identifier>3167</dc:identifier></reference><ident system="http://iase.disa.mil/cci">CCI-000366</ident><ident system="http://iase.disa.mil/cci">CCI-000371</ident><fixtext fixref="F-83179r1_fix">Configure logins to require SAML integration.

1. Log in to the Akamai Luna Portal (Caution-https://control.akamai.com).
2. Click "Configure" &gt;&gt; "Manage SSO with SAML"
3. Click the "Enable" button next to the "SAML-only login:" label.
4. Click "Yes" when asked if you want to enable SAML-only login.</fixtext><fix id="F-83179r1_fix" /><check system="C-76161r1_chk"><check-content-ref name="M" href="DPMS_XCCDF_Benchmark_Akamai_KSD_Service_IL2_NDM_STIG.xml" /><check-content>Confirm that only SAML logins are enabled.

1. Log in to the Akamai Luna Portal (Caution-https://control.akamai.com).
2. Click "Configure" &gt;&gt; "Manage SSO with SAML"
3. Verify "SAML-only login:" is set to "enabled"

If the "SAML only logins:" is set to disabled, this is a finding.

NOTE: During the initial deployment and testing of the Luna Portal implementation, it will be necessary to allow other logins. However, production environments must meet this requirement.</check-content></check></Rule></Group><Group id="V-76503"><title>SRG-APP-000516-NDM-000338</title><description>&lt;GroupDescription&gt;&lt;/GroupDescription&gt;</description><Rule id="SV-91199r1_rule" severity="high" weight="10.0"><version>AKSD-DM-000118</version><title>The Akamai Luna Portal must employ Single Sign On (SSO) with Security Assertion Markup Language (SAML) integration to verify authentication settings.</title><description>&lt;VulnDiscussion&gt;The use of authentication servers or other centralized management servers for providing centralized authentication services is required for network device management. Maintaining local administrator accounts for daily usage on each network device without centralized management is not scalable or feasible. Without centralized management, it is likely that credentials for some network devices will be forgotten, leading to delays in administration, which itself leads to delays in remediating production problems and in addressing compromises in a timely fashion.&lt;/VulnDiscussion&gt;&lt;FalsePositives&gt;&lt;/FalsePositives&gt;&lt;FalseNegatives&gt;&lt;/FalseNegatives&gt;&lt;Documentable&gt;false&lt;/Documentable&gt;&lt;Mitigations&gt;&lt;/Mitigations&gt;&lt;SeverityOverrideGuidance&gt;&lt;/SeverityOverrideGuidance&gt;&lt;PotentialImpacts&gt;&lt;/PotentialImpacts&gt;&lt;ThirdPartyTools&gt;&lt;/ThirdPartyTools&gt;&lt;MitigationControl&gt;&lt;/MitigationControl&gt;&lt;Responsibility&gt;&lt;/Responsibility&gt;&lt;IAControls&gt;&lt;/IAControls&gt;</description><reference><dc:title>DPMS Target Akamai Edge Security NDM</dc:title><dc:publisher>DISA</dc:publisher><dc:type>DPMS Target</dc:type><dc:subject>Akamai Edge Security NDM</dc:subject><dc:identifier>3167</dc:identifier></reference><ident system="http://iase.disa.mil/cci">CCI-000366</ident><ident system="http://iase.disa.mil/cci">CCI-000372</ident><fixtext fixref="F-83181r1_fix">Configure the Luna portal to use single sign-on with SAML.

1. Log in to the Akamai Luna Portal (Caution-https://control.akamai.com).
2. Click "Configure" &gt;&gt; "Manage SSO with SAML"
3. Configure the identity Provider's SSO settings as follows:
  a. The strings in some fields—such as the local user attribute name (“userid”) and the last part of the service provider endpoint address (“.luna-sp.com”)—are pre-specified by Luna  Control Center. Using the information about your identity provider (IDP). Fill in the first three fields:
   - Service Provider End-point
   - Entity ID
   - Single Sign-On URL
  b. The next field, "Single Logout URL", is optional. If your SAML metadata includes this information and you wish to configure for a Single Logout, you may enter it here.
  c. Enter an email address that should receive notifications from Luna Control Center.
  d. Enter thex509c Certificate key.
  e. The next field, Alternate x509c Certificate Key, is optional. If you have an alternate x509c Certificate key, you may enter it here. Having a second key can be convenient if your current key is nearing expiration and your IDP supports key rotation.
  f. When the required information has been entered, click "Save" or click "Save &amp; Activate".
   - Click Save if you want to keep a draft of your configuration without activating it yet. In the Manage Single Sign-On with SAML application’s main panel, “Inactive” then appears in the Status column of the new configuration. This means it has been saved but is not yet activated.
   - You may repeat all steps to this point, to create as many additional inactive SSO configurations as desired. They’ll all be listed and accessible from the main panel. (A filter is provided for convenience when dealing with long lists.)
   - When you want to activate one of your saved but inactive configurations, simply select "Activate" from its gear icon. This action results in a progression of status messages—which may take up to 48 hours—starting with "Pending activation" then "Pending activation (DNS)" and finally "Active."
   - Click "Save &amp; Activate" if you want to immediately request activation of the new configuration. In the "Manage Single Sign-On with SAML" application’s main panel, "Pending activation" then appears in the "Status" column of the new configuration, indicating that it has been saved and is awaiting activation.
   - This action results in a progression of status messages, starting with "Pending activation (DNS)" and ending with "Active."
   - You may repeat all steps to this point, to create as many additional active configurations as desired.</fixtext><fix id="F-83181r1_fix" /><check system="C-76163r1_chk"><check-content-ref name="M" href="DPMS_XCCDF_Benchmark_Akamai_KSD_Service_IL2_NDM_STIG.xml" /><check-content>Verify that the Luna portal is configured to use single sign-on (SSO) with SAML.

1. Log in to the Akamai Luna Portal (Caution-https://control.akamai.com).
2. Click "Configure" &gt;&gt; "Manage SSO with SAML"
3. Verify the identity Provider's current SSO settings are configured properly.

If SSO with SAML is not configured, then this is a finding.</check-content></check></Rule></Group></Benchmark>