<?xml version="1.0" encoding="utf-8"?><?xml-stylesheet type='text/xsl' href='STIG_unclass.xsl'?><Benchmark xmlns:dsig="http://www.w3.org/2000/09/xmldsig#" xmlns:xsi="http://www.w3.org/2001/XMLSchema-instance" xmlns:cpe="http://cpe.mitre.org/language/2.0" xmlns:xhtml="http://www.w3.org/1999/xhtml" xmlns:dc="http://purl.org/dc/elements/1.1/" id="VMware_NSX_Distributed_Logical_Router_STIG" xml:lang="en" xsi:schemaLocation="http://checklists.nist.gov/xccdf/1.1 http://nvd.nist.gov/schema/xccdf-1.1.4.xsd http://cpe.mitre.org/dictionary/2.0 http://cpe.mitre.org/files/cpe-dictionary_2.1.xsd" xmlns="http://checklists.nist.gov/xccdf/1.1"><status date="2016-06-27">accepted</status><title>VMware NSX Distributed Logical Router Security Technical Implementation Guide</title><description>This Security Technical Implementation Guide is published as a tool to improve the security of Department of Defense (DoD) information systems. The requirements are derived from the National Institute of Standards and Technology (NIST) 800-53 and related documents. Comments or proposed revisions to this document should be sent via e-mail to the following address: disa.stig_spt@mail.mil.</description><notice id="terms-of-use" xml:lang="en"></notice><reference href="http://iase.disa.mil"><dc:publisher>DISA</dc:publisher><dc:source>STIG.DOD.MIL</dc:source></reference><plain-text id="release-info">Release: 1 Benchmark Date: 27 Jun 2016</plain-text><version>1</version><Profile id="MAC-1_Classified"><title>I - Mission Critical Classified</title><description>&lt;ProfileDescription&gt;&lt;/ProfileDescription&gt;</description><select idref="V-69127" selected="true" /><select idref="V-69129" selected="true" /><select idref="V-69133" selected="true" /><select idref="V-69135" selected="true" /></Profile><Profile id="MAC-1_Public"><title>I - Mission Critical Public</title><description>&lt;ProfileDescription&gt;&lt;/ProfileDescription&gt;</description><select idref="V-69127" selected="true" /><select idref="V-69129" selected="true" /><select idref="V-69133" selected="true" /><select idref="V-69135" selected="true" /></Profile><Profile id="MAC-1_Sensitive"><title>I - Mission Critical Sensitive</title><description>&lt;ProfileDescription&gt;&lt;/ProfileDescription&gt;</description><select idref="V-69127" selected="true" /><select idref="V-69129" selected="true" /><select idref="V-69133" selected="true" /><select idref="V-69135" selected="true" /></Profile><Profile id="MAC-2_Classified"><title>II - Mission Support Classified</title><description>&lt;ProfileDescription&gt;&lt;/ProfileDescription&gt;</description><select idref="V-69127" selected="true" /><select idref="V-69129" selected="true" /><select idref="V-69133" selected="true" /><select idref="V-69135" selected="true" /></Profile><Profile id="MAC-2_Public"><title>II - Mission Support Public</title><description>&lt;ProfileDescription&gt;&lt;/ProfileDescription&gt;</description><select idref="V-69127" selected="true" /><select idref="V-69129" selected="true" /><select idref="V-69133" selected="true" /><select idref="V-69135" selected="true" /></Profile><Profile id="MAC-2_Sensitive"><title>II - Mission Support Sensitive</title><description>&lt;ProfileDescription&gt;&lt;/ProfileDescription&gt;</description><select idref="V-69127" selected="true" /><select idref="V-69129" selected="true" /><select idref="V-69133" selected="true" /><select idref="V-69135" selected="true" /></Profile><Profile id="MAC-3_Classified"><title>III - Administrative Classified</title><description>&lt;ProfileDescription&gt;&lt;/ProfileDescription&gt;</description><select idref="V-69127" selected="true" /><select idref="V-69129" selected="true" /><select idref="V-69133" selected="true" /><select idref="V-69135" selected="true" /></Profile><Profile id="MAC-3_Public"><title>III - Administrative Public</title><description>&lt;ProfileDescription&gt;&lt;/ProfileDescription&gt;</description><select idref="V-69127" selected="true" /><select idref="V-69129" selected="true" /><select idref="V-69133" selected="true" /><select idref="V-69135" selected="true" /></Profile><Profile id="MAC-3_Sensitive"><title>III - Administrative Sensitive</title><description>&lt;ProfileDescription&gt;&lt;/ProfileDescription&gt;</description><select idref="V-69127" selected="true" /><select idref="V-69129" selected="true" /><select idref="V-69133" selected="true" /><select idref="V-69135" selected="true" /></Profile><Group id="V-69127"><title>SRG-NET-000019-RTR-000007</title><description>&lt;GroupDescription&gt;&lt;/GroupDescription&gt;</description><Rule id="SV-83731r1_rule" severity="medium" weight="10.0"><version>VNSX-RT-000005</version><title>The NSX Distributed Logical Router must be configured so inactive router interfaces are disabled.</title><description>&lt;VulnDiscussion&gt;An inactive interface is rarely monitored or controlled and may expose a network to an undetected attack on that interface. Unauthorized personnel with access to the communication facility could gain access to a router by connecting to a configured interface that is not in use.&lt;/VulnDiscussion&gt;&lt;FalsePositives&gt;&lt;/FalsePositives&gt;&lt;FalseNegatives&gt;&lt;/FalseNegatives&gt;&lt;Documentable&gt;false&lt;/Documentable&gt;&lt;Mitigations&gt;&lt;/Mitigations&gt;&lt;SeverityOverrideGuidance&gt;&lt;/SeverityOverrideGuidance&gt;&lt;PotentialImpacts&gt;&lt;/PotentialImpacts&gt;&lt;ThirdPartyTools&gt;&lt;/ThirdPartyTools&gt;&lt;MitigationControl&gt;&lt;/MitigationControl&gt;&lt;Responsibility&gt;&lt;/Responsibility&gt;&lt;IAControls&gt;&lt;/IAControls&gt;</description><reference><dc:title>DPMS Target VMware NSX 6 RTR</dc:title><dc:publisher>DISA</dc:publisher><dc:type>DPMS Target</dc:type><dc:subject>VMware NSX 6 RTR</dc:subject><dc:identifier>2989</dc:identifier></reference><ident system="http://iase.disa.mil/cci">CCI-001414</ident><fixtext fixref="F-75313r1_fix">Log onto vSphere Web Client with credentials authorized for administration.

Navigate and select Networking and Security &gt;&gt; select the "NSX Edges" tab on the left-side menu.

Double-click the EdgeID.

Click on the "Manage" tab on the top of the new screen then Settings on the far left &gt;&gt; Interfaces.

For interfaces that are not in use, highlight the interface and click the pencil icon.

Move the radio button next to "Connectivity Status" to "Disconnected".</fixtext><fix id="F-75313r1_fix" /><check system="C-69567r1_chk"><check-content-ref name="M" href="DPMS_XCCDF_Benchmark_VMware_NSX_Distributed_Logical_Router_STIG.xml" /><check-content>Verify there are no inactive router interfaces enabled.

Log onto vSphere Web Client with credentials authorized for administration.

Navigate and select Networking and Security &gt;&gt; "NSX Edges" tab on the left-side menu.

Double-click the EdgeID.

Click on the "Manage" tab on the top of the new screen, then Settings on the far left &gt;&gt; Interfaces &gt;&gt; Check the "Status" column for the associated interface.

If any inactive router interfaces are not disabled, this is a finding.</check-content></check></Rule></Group><Group id="V-69129"><title>SRG-NET-000025-RTR-000020</title><description>&lt;GroupDescription&gt;&lt;/GroupDescription&gt;</description><Rule id="SV-83733r1_rule" severity="medium" weight="10.0"><version>VNSX-RT-000012</version><title>The NSX Distributed Logical Router must enable neighbor router authentication for control plane protocols.</title><description>&lt;VulnDiscussion&gt;A rogue router could send a fictitious routing update to convince a site's perimeter router to send traffic to an incorrect or even a rogue destination. This diverted traffic could be analyzed to learn confidential information about the site's network, or merely used to disrupt the network's ability to communicate with other networks. This is known as a "traffic attraction attack" and is prevented by configuring neighbor router authentication for routing updates.

This requirement applies to all IPv4 and IPv6 protocols that are used to exchange routing or packet forwarding information; this includes all Interior Gateway Protocols (such as OSPF, EIGRP, and IS-IS) and Exterior Gateway Protocols (such as BGP), MPLS-related protocols (such as LDP), and Multicast-related protocols.&lt;/VulnDiscussion&gt;&lt;FalsePositives&gt;&lt;/FalsePositives&gt;&lt;FalseNegatives&gt;&lt;/FalseNegatives&gt;&lt;Documentable&gt;false&lt;/Documentable&gt;&lt;Mitigations&gt;&lt;/Mitigations&gt;&lt;SeverityOverrideGuidance&gt;&lt;/SeverityOverrideGuidance&gt;&lt;PotentialImpacts&gt;&lt;/PotentialImpacts&gt;&lt;ThirdPartyTools&gt;&lt;/ThirdPartyTools&gt;&lt;MitigationControl&gt;&lt;/MitigationControl&gt;&lt;Responsibility&gt;&lt;/Responsibility&gt;&lt;IAControls&gt;&lt;/IAControls&gt;</description><reference><dc:title>DPMS Target VMware NSX 6 RTR</dc:title><dc:publisher>DISA</dc:publisher><dc:type>DPMS Target</dc:type><dc:subject>VMware NSX 6 RTR</dc:subject><dc:identifier>2989</dc:identifier></reference><ident system="http://iase.disa.mil/cci">CCI-000366</ident><ident system="http://iase.disa.mil/cci">CCI-002205</ident><fixtext fixref="F-75315r1_fix">Log onto vSphere Web Client with credentials authorized for administration. 

Navigate and select Networking and Security &gt;&gt; select the "NSX Edges" tab on the left-side menu.

Double-click the edgeID in question, as denoted by the "Logical Router" type.

Select the "Manage" tab on the top of the new screen. &gt;&gt; Routing.

If OSPF is configured, select the "OSPF" option on the left &gt;&gt; select Area Definitions &gt;&gt; select the configured areas.

Click the "pencil" icon.

Select an "authentication" method and configure a value.

If BGP is configured select the "BGP" option on the left.

Select Neighbors &gt;&gt; select the configured neighbor.

Click the "pencil" icon.

Add a password in the "password" section.</fixtext><fix id="F-75315r1_fix" /><check system="C-69569r1_chk"><check-content-ref name="M" href="DPMS_XCCDF_Benchmark_VMware_NSX_Distributed_Logical_Router_STIG.xml" /><check-content>Verify for OSPF that Authentication is not set to "None" and for BGP password has been configured.

Log onto vSphere Web Client with credentials authorized for administration.

Navigate and select Networking and Security &gt;&gt; select the "NSX Edges" tab on the left-side menu. 

Double-click the edgeID in question, as denoted by the "Logical Router" type.

Select the "Manage" tab on the top of the new screen &gt;&gt; Routing.

If OSPF is configured, select OSPF &gt;&gt; Area Definitions.

Select the configured areas.

Click the "pencil" icon.

Verify "authentication" is set to something other than "none".

If Authentication is set to "None", this is a finding.

If BGP is configured, select BGP &gt;&gt; Neighbors &gt;&gt; select the configured neighbor &gt;&gt; Click the "pencil" icon &gt;&gt; verify "password" is configured.

If a password has not been configured for BGP, this is a finding.</check-content></check></Rule></Group><Group id="V-69133"><title>SRG-NET-000131-RTR-000035</title><description>&lt;GroupDescription&gt;&lt;/GroupDescription&gt;</description><Rule id="SV-83737r1_rule" severity="medium" weight="10.0"><version>VNSX-RT-000015</version><title>The NSX Distributed Logical Router must be configured to disable non-essential capabilities.</title><description>&lt;VulnDiscussion&gt;A compromised router introduces risk to the entire network infrastructure as well as data resources that are accessible via the network. The perimeter defense has no oversight or control of attacks by malicious users within the network. Preventing network breaches from within is dependent on implementing a comprehensive defense-in-depth strategy including securing each device connected to the network. This is accomplished by following and implementing all security guidance applicable for each node type. A fundamental step in securing each router is to enable only the capabilities required for operation.&lt;/VulnDiscussion&gt;&lt;FalsePositives&gt;&lt;/FalsePositives&gt;&lt;FalseNegatives&gt;&lt;/FalseNegatives&gt;&lt;Documentable&gt;false&lt;/Documentable&gt;&lt;Mitigations&gt;&lt;/Mitigations&gt;&lt;SeverityOverrideGuidance&gt;&lt;/SeverityOverrideGuidance&gt;&lt;PotentialImpacts&gt;&lt;/PotentialImpacts&gt;&lt;ThirdPartyTools&gt;&lt;/ThirdPartyTools&gt;&lt;MitigationControl&gt;&lt;/MitigationControl&gt;&lt;Responsibility&gt;&lt;/Responsibility&gt;&lt;IAControls&gt;&lt;/IAControls&gt;</description><reference><dc:title>DPMS Target VMware NSX 6 RTR</dc:title><dc:publisher>DISA</dc:publisher><dc:type>DPMS Target</dc:type><dc:subject>VMware NSX 6 RTR</dc:subject><dc:identifier>2989</dc:identifier></reference><ident system="http://iase.disa.mil/cci">CCI-000381</ident><fixtext fixref="F-75319r1_fix">Log onto vSphere Web Client with credentials authorized for administration.

Navigate and select Networking and Security &gt;&gt; select the "NSX Edges" tab on the left-side menu.

Double-click the Edge ID.

Navigate to Manage &gt;&gt; Verify the configurations under "Settings, Firewall, Routing, Bridging, and DHCP Relay" are enabled only as necessary to the deployment.

If any non-essential services are enabled, select the "disable" option, or remove the configurations under the respective sections.</fixtext><fix id="F-75319r1_fix" /><check system="C-69571r1_chk"><check-content-ref name="M" href="DPMS_XCCDF_Benchmark_VMware_NSX_Distributed_Logical_Router_STIG.xml" /><check-content>Verify only necessary services are enabled.

Log onto vSphere Web Client with credentials authorized for administration.

Navigate and select Networking and Security &gt;&gt; select the "NSX Edges" tab on the left-side menu.

Double-click the Edge ID.

Navigate to Manage &gt;&gt; Verify the configurations under "Settings, Firewall, Routing, Bridging, and DHCP Relay" are enabled only as necessary to the deployment.

If unnecessary services are enabled, this is a finding.</check-content></check></Rule></Group><Group id="V-69135"><title>SRG-NET-000193-RTR-000111</title><description>&lt;GroupDescription&gt;&lt;/GroupDescription&gt;</description><Rule id="SV-83739r1_rule" severity="medium" weight="10.0"><version>VNSX-RT-000019</version><title>The NSX Distributed Logical Router must manage excess bandwidth to limit the effects of packet flooding types of denial of service (DoS) attacks.</title><description>&lt;VulnDiscussion&gt;Denial of service is a condition when a resource is not available for legitimate users. Packet flooding DDoS attacks are referred to as volumetric attacks and have the objective of overloading a network or circuit to deny or seriously degrade performance, which denies access to the services that normally traverse the network or circuit. Volumetric attacks have become relatively easy to launch using readily available tools such as Low Orbit Ion Cannon or by botnets. 
 
Measures to mitigate the effects of a successful volumetric attack must be taken to ensure that sufficient capacity is available for mission-critical traffic. Managing capacity may include, for example, establishing selected network usage priorities or quotas and enforcing them using rate limiting, Quality of Service (QoS), or other resource reservation control methods. These measures may also mitigate the effects of sudden decreases in network capacity that are the result of accidental or intentional physical damage to telecommunications facilities (such as cable cuts or weather-related outages).&lt;/VulnDiscussion&gt;&lt;FalsePositives&gt;&lt;/FalsePositives&gt;&lt;FalseNegatives&gt;&lt;/FalseNegatives&gt;&lt;Documentable&gt;false&lt;/Documentable&gt;&lt;Mitigations&gt;&lt;/Mitigations&gt;&lt;SeverityOverrideGuidance&gt;&lt;/SeverityOverrideGuidance&gt;&lt;PotentialImpacts&gt;&lt;/PotentialImpacts&gt;&lt;ThirdPartyTools&gt;&lt;/ThirdPartyTools&gt;&lt;MitigationControl&gt;&lt;/MitigationControl&gt;&lt;Responsibility&gt;&lt;/Responsibility&gt;&lt;IAControls&gt;&lt;/IAControls&gt;</description><reference><dc:title>DPMS Target VMware NSX 6 RTR</dc:title><dc:publisher>DISA</dc:publisher><dc:type>DPMS Target</dc:type><dc:subject>VMware NSX 6 RTR</dc:subject><dc:identifier>2989</dc:identifier></reference><ident system="http://iase.disa.mil/cci">CCI-001095</ident><fixtext fixref="F-75321r1_fix">Log into vSphere Web Client with credentials authorized for administration, navigate and select Networking &gt;&gt; select the respective VDS under the appropriate datacenter  &gt;&gt; Click the dropdown to expand the list of portgroups &gt;&gt; select the appropriate portgroup for your network.  

Navigate to &gt;&gt; Manage &gt;&gt; Settings &gt;&gt; Properties &gt;&gt; Edit &gt;&gt; Traffic Shaping   
Enable traffic shaping for the portgroup.  
Configure average bandwidth, peak bandwidth, and burst size levels as appropriate to provide allocations sufficient to limit the effect of DoS attacks.

Navigate to &gt;&gt; Manage &gt;&gt; Settings &gt;&gt; Properties &gt;&gt; Edit &gt;&gt; Traffic filtering and marking  
Verify the necessary values for DSCP are configured to provide QoS markings to preserve bandwidth for critical applications during periods of congestion.
 
Select checkbox for "DSCP value: Update DSCP tag" &gt;&gt; enter in a number between 0 and 63. 
Select "+" symbol under Traffic qualifiers with "New System Traffic Qualifier" 
Select System traffic type &gt;&gt; "OK".
Select "OK" to accept new Network Traffic Rule.</fixtext><fix id="F-75321r1_fix" /><check system="C-69573r1_chk"><check-content-ref name="M" href="DPMS_XCCDF_Benchmark_VMware_NSX_Distributed_Logical_Router_STIG.xml" /><check-content>Verify the traffic shaping policies are properly configured to manage excess bandwidth.

Log into vSphere Web Client with credentials authorized for administration navigate and select Networking &gt;&gt; select the respective VDS under the appropriate datacenter  &gt;&gt; Click the dropdown to expand the list of portgroups &gt;&gt; select the appropriate portgroup for your network.

Navigate to &gt;&gt; Manage &gt;&gt; Settings &gt;&gt; Properties &gt;&gt; Edit &gt;&gt; Traffic Shaping

Verify the necessary values are configured to reserve bandwidth for applications in the event of bandwidth congestion.

Navigate to &gt;&gt; Manage &gt;&gt; Settings &gt;&gt; Properties &gt;&gt; Edit &gt;&gt; Traffic filtering and marking &gt;&gt; Verify the necessary values for DSCP are configured to mark bandwidth for applications in the event of a DoS attack.

Select checkbox for "DSCP value: Update DSCP tag" &gt;&gt; enter in a number between 0 and 63.
Select "+" symbol under Traffic qualifiers with "New System Traffic Qualifier" and select System traffic type &gt;&gt; "OK".
Select "OK" to accept new Network Traffic Rule.

If the traffic shaping and QoS policies are not properly configured to manage excess bandwidth and to reserve bandwidth for critical applications in the event of bandwidth congestion, this is a finding.</check-content></check></Rule></Group></Benchmark>