<BackupInst xmlns="http://www.microsoft.com/GroupPolicy/GPOOperations/Manifest"><GPOGuid><![CDATA[{F504903E-2957-4A62-87ED-7A994DB468F4}]]></GPOGuid><GPODomain><![CDATA[security.local]]></GPODomain><GPODomainGuid><![CDATA[{2b127034-e676-4f54-b03a-e700e3004cb0}]]></GPODomainGuid><GPODomainController><![CDATA[GPOSrv2016.security.local]]></GPODomainController><BackupTime><![CDATA[2023-06-26T21:09:44]]></BackupTime><ID><![CDATA[{32550A92-7AE6-4A3A-805F-16925DD80219}]]></ID><Comment><![CDATA[]]></Comment><GPODisplayName><![CDATA[DoD OneDrive for Business 2016 STIG User v2r3]]></GPODisplayName></BackupInst>
