<?xml version="1.0" encoding="utf-8"?><?xml-stylesheet type='text/xsl' href='STIG_unclass.xsl'?><Benchmark xmlns:dc="http://purl.org/dc/elements/1.1/" xmlns:xsi="http://www.w3.org/2001/XMLSchema-instance" xmlns:cpe="http://cpe.mitre.org/language/2.0" xmlns:xhtml="http://www.w3.org/1999/xhtml" xmlns:dsig="http://www.w3.org/2000/09/xmldsig#" xsi:schemaLocation="http://checklists.nist.gov/xccdf/1.1 http://nvd.nist.gov/schema/xccdf-1.1.4.xsd http://cpe.mitre.org/dictionary/2.0 http://cpe.mitre.org/files/cpe-dictionary_2.1.xsd" id="Citrix_VAD_7-x_StoreFront_STIG" xml:lang="en" xmlns="http://checklists.nist.gov/xccdf/1.1"><status date="2021-02-01">accepted</status><title>Citrix Virtual Apps and Desktop 7.x StoreFront Security Technical Implementation Guide</title><description>This Security Technical Implementation Guide is published as a tool to improve the security of Department of Defense (DoD) information systems. The requirements are derived from the National Institute of Standards and Technology (NIST) 800-53 and related documents. Comments or proposed revisions to this document should be sent via email to the following address: disa.stig_spt@mail.mil.</description><notice id="terms-of-use" xml:lang="en"></notice><front-matter xml:lang="en"></front-matter><rear-matter xml:lang="en"></rear-matter><reference href="https://cyber.mil"><dc:publisher>DISA</dc:publisher><dc:source>STIG.DOD.MIL</dc:source></reference><plain-text id="release-info">Release: 1 Benchmark Date: 28 Jan 2021</plain-text><plain-text id="generator">3.2.1.41666</plain-text><plain-text id="conventionsVersion">1.10.0</plain-text><version>1</version><Profile id="MAC-1_Classified"><title>I - Mission Critical Classified</title><description>&lt;ProfileDescription&gt;&lt;/ProfileDescription&gt;</description><select idref="V-234251" selected="true" /><select idref="V-234252" selected="true" /></Profile><Profile id="MAC-1_Public"><title>I - Mission Critical Public</title><description>&lt;ProfileDescription&gt;&lt;/ProfileDescription&gt;</description><select idref="V-234251" selected="true" /><select idref="V-234252" selected="true" /></Profile><Profile id="MAC-1_Sensitive"><title>I - Mission Critical Sensitive</title><description>&lt;ProfileDescription&gt;&lt;/ProfileDescription&gt;</description><select idref="V-234251" selected="true" /><select idref="V-234252" selected="true" /></Profile><Profile id="MAC-2_Classified"><title>II - Mission Support Classified</title><description>&lt;ProfileDescription&gt;&lt;/ProfileDescription&gt;</description><select idref="V-234251" selected="true" /><select idref="V-234252" selected="true" /></Profile><Profile id="MAC-2_Public"><title>II - Mission Support Public</title><description>&lt;ProfileDescription&gt;&lt;/ProfileDescription&gt;</description><select idref="V-234251" selected="true" /><select idref="V-234252" selected="true" /></Profile><Profile id="MAC-2_Sensitive"><title>II - Mission Support Sensitive</title><description>&lt;ProfileDescription&gt;&lt;/ProfileDescription&gt;</description><select idref="V-234251" selected="true" /><select idref="V-234252" selected="true" /></Profile><Profile id="MAC-3_Classified"><title>III - Administrative Classified</title><description>&lt;ProfileDescription&gt;&lt;/ProfileDescription&gt;</description><select idref="V-234251" selected="true" /><select idref="V-234252" selected="true" /></Profile><Profile id="MAC-3_Public"><title>III - Administrative Public</title><description>&lt;ProfileDescription&gt;&lt;/ProfileDescription&gt;</description><select idref="V-234251" selected="true" /><select idref="V-234252" selected="true" /></Profile><Profile id="MAC-3_Sensitive"><title>III - Administrative Sensitive</title><description>&lt;ProfileDescription&gt;&lt;/ProfileDescription&gt;</description><select idref="V-234251" selected="true" /><select idref="V-234252" selected="true" /></Profile><Group id="V-234251"><title>SRG-APP-000014</title><description>&lt;GroupDescription&gt;&lt;/GroupDescription&gt;</description><Rule id="SV-234251r628797_rule" weight="10.0" severity="high"><version>CVAD-SF-000030</version><title>The Citrix Storefront server must implement DoD-approved encryption to protect the confidentiality of remote access sessions.</title><description>&lt;VulnDiscussion&gt;Without confidentiality protection mechanisms, unauthorized individuals may gain access to sensitive information via a remote access session. 

Remote access is access to DoD nonpublic information systems by an authorized user (or an information system) communicating through an external, non-organization-controlled network. Remote access methods include, for example, dial-up, broadband, and wireless. 
 
Encryption provides a means to secure the remote connection to prevent unauthorized access to the data traversing the remote access connection thereby providing a degree of confidentiality. The encryption strength of mechanism is selected based on the security categorization of the information.&lt;/VulnDiscussion&gt;&lt;FalsePositives&gt;&lt;/FalsePositives&gt;&lt;FalseNegatives&gt;&lt;/FalseNegatives&gt;&lt;Documentable&gt;false&lt;/Documentable&gt;&lt;Mitigations&gt;&lt;/Mitigations&gt;&lt;SeverityOverrideGuidance&gt;&lt;/SeverityOverrideGuidance&gt;&lt;PotentialImpacts&gt;&lt;/PotentialImpacts&gt;&lt;ThirdPartyTools&gt;&lt;/ThirdPartyTools&gt;&lt;MitigationControl&gt;&lt;/MitigationControl&gt;&lt;Responsibility&gt;&lt;/Responsibility&gt;&lt;IAControls&gt;&lt;/IAControls&gt;</description><reference><dc:title>DPMS Target Citrix VAD 7.x StoreFront</dc:title><dc:publisher>DISA</dc:publisher><dc:type>DPMS Target</dc:type><dc:subject>Citrix VAD 7.x StoreFront</dc:subject><dc:identifier>5264</dc:identifier></reference><ident system="http://cyber.mil/cci">CCI-000068</ident><fixtext fixref="F-37401r612114_fix">Implement a DoD approved VPN, or gateway/proxy, that will authenticate user access and tunnel/proxy traffic to StoreFront. Ensure the VPN, or gateway/proxy, is configured to authenticate the user before accessing the environment, and meets the DoD encryption requirements, such as FIPS 140-2, for the environment.</fixtext><fix id="F-37401r612114_fix" /><check system="C-37436r612113_chk"><check-content-ref href="Citrix_VAD_7.x_StoreFront_STIG.xml" name="M" /><check-content>A DoD approved VPN, or gateway/proxy, must be leveraged to access StoreFront from a remote network. This VPN, or gateway, must handle user authentication and tunneling of StoreFront traffic. The VPN, or gateway, must meet the DoD encryption requirements, such as FIPS 140-2, for the environment.

If no VPN, or gateway/proxy, is used for remote access to StoreFront, this is a finding.
If the VPN, or gateway/proxy, does not authenticate the remote user before providing access to StoreFront, this is a finding.
If the VPN, or gateway/proxy, fails to meet the DoD encryption requirements for the environment, this is a finding.</check-content></check></Rule></Group><Group id="V-234252"><title>SRG-APP-000391</title><description>&lt;GroupDescription&gt;&lt;/GroupDescription&gt;</description><Rule id="SV-234252r628797_rule" weight="10.0" severity="medium"><version>CVAD-SF-000855</version><title>Citrix StoreFront server must accept Personal Identity Verification (PIV) credentials.</title><description>&lt;VulnDiscussion&gt;The use of PIV credentials facilitates standardization and reduces the risk of unauthorized access.

DoD has mandated the use of the Common Access Card (CAC) to support identity management and personal authentication for systems covered under HSPD 12, as well as a primary component of layered protection for national security systems.

Satisfies: SRG-APP-000391, SRG-APP-000033, SRG-APP-000392, SRG-APP-000439, SRG-APP-000440, SRG-APP-000442&lt;/VulnDiscussion&gt;&lt;FalsePositives&gt;&lt;/FalsePositives&gt;&lt;FalseNegatives&gt;&lt;/FalseNegatives&gt;&lt;Documentable&gt;false&lt;/Documentable&gt;&lt;Mitigations&gt;&lt;/Mitigations&gt;&lt;SeverityOverrideGuidance&gt;&lt;/SeverityOverrideGuidance&gt;&lt;PotentialImpacts&gt;&lt;/PotentialImpacts&gt;&lt;ThirdPartyTools&gt;&lt;/ThirdPartyTools&gt;&lt;MitigationControl&gt;&lt;/MitigationControl&gt;&lt;Responsibility&gt;&lt;/Responsibility&gt;&lt;IAControls&gt;&lt;/IAControls&gt;</description><reference><dc:title>DPMS Target Citrix VAD 7.x StoreFront</dc:title><dc:publisher>DISA</dc:publisher><dc:type>DPMS Target</dc:type><dc:subject>Citrix VAD 7.x StoreFront</dc:subject><dc:identifier>5264</dc:identifier></reference><ident system="http://cyber.mil/cci">CCI-000213</ident><ident system="http://cyber.mil/cci">CCI-001953</ident><ident system="http://cyber.mil/cci">CCI-001954</ident><ident system="http://cyber.mil/cci">CCI-002418</ident><ident system="http://cyber.mil/cci">CCI-002421</ident><ident system="http://cyber.mil/cci">CCI-002422</ident><fixtext fixref="F-37402r612117_fix">Open the Citrix StoreFront management console and select the "Store" node in the left pane.
For each Store listed, select the store and perform the following:
1) From the Actions menu item, click "Manage Authentication Methods".
2) Check "Smart card" and uncheck any other authentication methods. If using remote access, select "Pass-through from NetScaler Gateway".</fixtext><fix id="F-37402r612117_fix" /><check system="C-37437r612116_chk"><check-content-ref href="Citrix_VAD_7.x_StoreFront_STIG.xml" name="M" /><check-content>Open the Citrix StoreFront management console and select the "Store" node in the left pane.
For each Store listed, select the store and perform the following:
1) From the Actions menu item, click "Manage Authentication Methods".
2) Ensure only "Smart card" is selected. If using remote access "Pass-through from NetScaler Gateway" may also be selected.

If the "Smart Card" method is not selected, or if other methods are selected, this is a finding.
If "Pass-through from NetScaler Gateway" is selected, this is not a finding.</check-content></check></Rule></Group></Benchmark>