<?xml version="1.0" encoding="utf-8"?><?xml-stylesheet type='text/xsl' href='STIG_unclass.xsl'?><Benchmark xmlns:dsig="http://www.w3.org/2000/09/xmldsig#" xmlns:xsi="http://www.w3.org/2001/XMLSchema-instance" xmlns:cpe="http://cpe.mitre.org/language/2.0" xmlns:xhtml="http://www.w3.org/1999/xhtml" xmlns:dc="http://purl.org/dc/elements/1.1/" id="Citrix_XenDesktop_StoreFront_STIG" xml:lang="en" xsi:schemaLocation="http://checklists.nist.gov/xccdf/1.1 http://nvd.nist.gov/schema/xccdf-1.1.4.xsd http://cpe.mitre.org/dictionary/2.0 http://cpe.mitre.org/files/cpe-dictionary_2.1.xsd" xmlns="http://checklists.nist.gov/xccdf/1.1"><status date="2018-08-28">accepted</status><title>Citrix XenDesktop v7.x StoreFront Security Technical Implementation Guide</title><description>This Security Technical Implementation Guide is published as a tool to improve the security of Department of Defense (DoD) information systems. The requirements are derived from the National Institute of Standards and Technology (NIST) 800-53 and related documents. Comments or proposed revisions to this document should be sent via email to the following address: disa.stig_spt@mail.mil.</description><notice id="terms-of-use" xml:lang="en"></notice><reference href="http://iase.disa.mil"><dc:publisher>DISA</dc:publisher><dc:source>STIG.DOD.MIL</dc:source></reference><plain-text id="release-info">Release: 1 Benchmark Date: 23 Aug 2018</plain-text><version>1</version><Profile id="MAC-1_Classified"><title>I - Mission Critical Classified</title><description>&lt;ProfileDescription&gt;&lt;/ProfileDescription&gt;</description><select idref="V-81431" selected="true" /></Profile><Profile id="MAC-1_Public"><title>I - Mission Critical Public</title><description>&lt;ProfileDescription&gt;&lt;/ProfileDescription&gt;</description><select idref="V-81431" selected="true" /></Profile><Profile id="MAC-1_Sensitive"><title>I - Mission Critical Sensitive</title><description>&lt;ProfileDescription&gt;&lt;/ProfileDescription&gt;</description><select idref="V-81431" selected="true" /></Profile><Profile id="MAC-2_Classified"><title>II - Mission Support Classified</title><description>&lt;ProfileDescription&gt;&lt;/ProfileDescription&gt;</description><select idref="V-81431" selected="true" /></Profile><Profile id="MAC-2_Public"><title>II - Mission Support Public</title><description>&lt;ProfileDescription&gt;&lt;/ProfileDescription&gt;</description><select idref="V-81431" selected="true" /></Profile><Profile id="MAC-2_Sensitive"><title>II - Mission Support Sensitive</title><description>&lt;ProfileDescription&gt;&lt;/ProfileDescription&gt;</description><select idref="V-81431" selected="true" /></Profile><Profile id="MAC-3_Classified"><title>III - Administrative Classified</title><description>&lt;ProfileDescription&gt;&lt;/ProfileDescription&gt;</description><select idref="V-81431" selected="true" /></Profile><Profile id="MAC-3_Public"><title>III - Administrative Public</title><description>&lt;ProfileDescription&gt;&lt;/ProfileDescription&gt;</description><select idref="V-81431" selected="true" /></Profile><Profile id="MAC-3_Sensitive"><title>III - Administrative Sensitive</title><description>&lt;ProfileDescription&gt;&lt;/ProfileDescription&gt;</description><select idref="V-81431" selected="true" /></Profile><Group id="V-81431"><title>SRG-APP-000391</title><description>&lt;GroupDescription&gt;&lt;/GroupDescription&gt;</description><Rule id="SV-96145r1_rule" severity="medium" weight="10.0"><version>CXEN-SF-000855</version><title>XenDesktop StoreFront must accept Personal Identity Verification (PIV) credentials.</title><description>&lt;VulnDiscussion&gt;The use of PIV credentials facilitates standardization and reduces the risk of unauthorized access.

DoD has mandated the use of the CAC to support identity management and personal authentication for systems covered under HSPD 12, as well as a primary component of layered protection for national security systems.

Satisfies: SRG-APP-000391, SRG-APP-000033, SRG-APP-000392, SRG-APP-000439, SRG-APP-000440, SRG-APP-000442&lt;/VulnDiscussion&gt;&lt;FalsePositives&gt;&lt;/FalsePositives&gt;&lt;FalseNegatives&gt;&lt;/FalseNegatives&gt;&lt;Documentable&gt;false&lt;/Documentable&gt;&lt;Mitigations&gt;&lt;/Mitigations&gt;&lt;SeverityOverrideGuidance&gt;&lt;/SeverityOverrideGuidance&gt;&lt;PotentialImpacts&gt;&lt;/PotentialImpacts&gt;&lt;ThirdPartyTools&gt;&lt;/ThirdPartyTools&gt;&lt;MitigationControl&gt;&lt;/MitigationControl&gt;&lt;Responsibility&gt;&lt;/Responsibility&gt;&lt;IAControls&gt;&lt;/IAControls&gt;</description><reference><dc:title>DPMS Target XenDesktop 7.x StoreFront</dc:title><dc:publisher>DISA</dc:publisher><dc:type>DPMS Target</dc:type><dc:subject>XenDesktop 7.x StoreFront</dc:subject><dc:identifier>3295</dc:identifier></reference><ident system="http://iase.disa.mil/cci">CCI-000213</ident><ident system="http://iase.disa.mil/cci">CCI-001953</ident><ident system="http://iase.disa.mil/cci">CCI-001954</ident><ident system="http://iase.disa.mil/cci">CCI-002418</ident><ident system="http://iase.disa.mil/cci">CCI-002421</ident><ident system="http://iase.disa.mil/cci">CCI-002422</ident><fixtext fixref="F-88249r1_fix">From the Citrix StoreFront management console &gt;&gt; Store node &gt;&gt; Actions pane &gt;&gt; Manage Authentication Methods, select only the "Smart Card" method.</fixtext><fix id="F-88249r1_fix" /><check system="C-81171r1_chk"><check-content-ref name="M" href="DPMS_XCCDF_Benchmark_Citrix_XenDesktop_StoreFront_STIG.xml" /><check-content>Open the Citrix StoreFront management console.

Select the "Store" node in the left pane.

In the "Actions" pane, click "Manage Authentication Methods".

Select only the "Smart Card" method.

If the "Smart Card" method is not selected or if other methods are selected, this is a finding.

Note: If a NetScaler Gateway is handling authentication, "Pass-through from NetScaler Gateway" may also be selected, this is not a finding.</check-content></check></Rule></Group></Benchmark>