<?xml version="1.0" encoding="utf-8"?><?xml-stylesheet type='text/xsl' href='STIG_unclass.xsl'?><Benchmark xmlns:dc="http://purl.org/dc/elements/1.1/" xmlns:xsi="http://www.w3.org/2001/XMLSchema-instance" xmlns:cpe="http://cpe.mitre.org/language/2.0" xmlns:xhtml="http://www.w3.org/1999/xhtml" xmlns:dsig="http://www.w3.org/2000/09/xmldsig#" xsi:schemaLocation="http://checklists.nist.gov/xccdf/1.1 http://nvd.nist.gov/schema/xccdf-1.1.4.xsd http://cpe.mitre.org/dictionary/2.0 http://cpe.mitre.org/files/cpe-dictionary_2.1.xsd" id="Network_WLAN_Bridge_Platform_STIG" xml:lang="en" xmlns="http://checklists.nist.gov/xccdf/1.1"><status date="2023-02-13">accepted</status><title>Network WLAN Bridge Platform Security Technical Implementation Guide</title><description>This Security Technical Implementation Guide is published as a tool to improve the security of Department of Defense (DOD) information systems. The requirements are derived from the National Institute of Standards and Technology (NIST) 800-53 and related documents. Comments or proposed revisions to this document should be sent via email to the following address: disa.stig_spt@mail.mil.</description><notice id="terms-of-use" xml:lang="en"></notice><front-matter xml:lang="en"></front-matter><rear-matter xml:lang="en"></rear-matter><reference href="https://cyber.mil"><dc:publisher>DISA</dc:publisher><dc:source>STIG.DOD.MIL</dc:source></reference><plain-text id="release-info">Release: 2 Benchmark Date: 27 Apr 2023</plain-text><plain-text id="generator">3.4.0.34222</plain-text><plain-text id="conventionsVersion">1.10.0</plain-text><version>7</version><Profile id="MAC-1_Classified"><title>I - Mission Critical Classified</title><description>&lt;ProfileDescription&gt;&lt;/ProfileDescription&gt;</description><select idref="V-243227" selected="true" /><select idref="V-243228" selected="true" /><select idref="V-243229" selected="true" /><select idref="V-243230" selected="true" /><select idref="V-243231" selected="true" /><select idref="V-243232" selected="true" /></Profile><Profile id="MAC-1_Public"><title>I - Mission Critical Public</title><description>&lt;ProfileDescription&gt;&lt;/ProfileDescription&gt;</description><select idref="V-243227" selected="true" /><select idref="V-243228" selected="true" /><select idref="V-243229" selected="true" /><select idref="V-243230" selected="true" /><select idref="V-243231" selected="true" /><select idref="V-243232" selected="true" /></Profile><Profile id="MAC-1_Sensitive"><title>I - Mission Critical Sensitive</title><description>&lt;ProfileDescription&gt;&lt;/ProfileDescription&gt;</description><select idref="V-243227" selected="true" /><select idref="V-243228" selected="true" /><select idref="V-243229" selected="true" /><select idref="V-243230" selected="true" /><select idref="V-243231" selected="true" /><select idref="V-243232" selected="true" /></Profile><Profile id="MAC-2_Classified"><title>II - Mission Support Classified</title><description>&lt;ProfileDescription&gt;&lt;/ProfileDescription&gt;</description><select idref="V-243227" selected="true" /><select idref="V-243228" selected="true" /><select idref="V-243229" selected="true" /><select idref="V-243230" selected="true" /><select idref="V-243231" selected="true" /><select idref="V-243232" selected="true" /></Profile><Profile id="MAC-2_Public"><title>II - Mission Support Public</title><description>&lt;ProfileDescription&gt;&lt;/ProfileDescription&gt;</description><select idref="V-243227" selected="true" /><select idref="V-243228" selected="true" /><select idref="V-243229" selected="true" /><select idref="V-243230" selected="true" /><select idref="V-243231" selected="true" /><select idref="V-243232" selected="true" /></Profile><Profile id="MAC-2_Sensitive"><title>II - Mission Support Sensitive</title><description>&lt;ProfileDescription&gt;&lt;/ProfileDescription&gt;</description><select idref="V-243227" selected="true" /><select idref="V-243228" selected="true" /><select idref="V-243229" selected="true" /><select idref="V-243230" selected="true" /><select idref="V-243231" selected="true" /><select idref="V-243232" selected="true" /></Profile><Profile id="MAC-3_Classified"><title>III - Administrative Classified</title><description>&lt;ProfileDescription&gt;&lt;/ProfileDescription&gt;</description><select idref="V-243227" selected="true" /><select idref="V-243228" selected="true" /><select idref="V-243229" selected="true" /><select idref="V-243230" selected="true" /><select idref="V-243231" selected="true" /><select idref="V-243232" selected="true" /></Profile><Profile id="MAC-3_Public"><title>III - Administrative Public</title><description>&lt;ProfileDescription&gt;&lt;/ProfileDescription&gt;</description><select idref="V-243227" selected="true" /><select idref="V-243228" selected="true" /><select idref="V-243229" selected="true" /><select idref="V-243230" selected="true" /><select idref="V-243231" selected="true" /><select idref="V-243232" selected="true" /></Profile><Profile id="MAC-3_Sensitive"><title>III - Administrative Sensitive</title><description>&lt;ProfileDescription&gt;&lt;/ProfileDescription&gt;</description><select idref="V-243227" selected="true" /><select idref="V-243228" selected="true" /><select idref="V-243229" selected="true" /><select idref="V-243230" selected="true" /><select idref="V-243231" selected="true" /><select idref="V-243232" selected="true" /></Profile><Group id="V-243227"><title>SRG-NET-000512</title><description>&lt;GroupDescription&gt;&lt;/GroupDescription&gt;</description><Rule id="SV-243227r720136_rule" weight="10.0" severity="low"><version>WLAN-NW-000200</version><title>WLAN SSIDs must be changed from the manufacturer's default to a pseudo random word that does not identify the unit, base, organization, etc.</title><description>&lt;VulnDiscussion&gt;An SSID identifying the unit, site, or purpose of the WLAN or that is set to the manufacturer default may cause an OPSEC vulnerability.&lt;/VulnDiscussion&gt;&lt;FalsePositives&gt;&lt;/FalsePositives&gt;&lt;FalseNegatives&gt;&lt;/FalseNegatives&gt;&lt;Documentable&gt;false&lt;/Documentable&gt;&lt;Mitigations&gt;&lt;/Mitigations&gt;&lt;SeverityOverrideGuidance&gt;&lt;/SeverityOverrideGuidance&gt;&lt;PotentialImpacts&gt;&lt;/PotentialImpacts&gt;&lt;ThirdPartyTools&gt;&lt;/ThirdPartyTools&gt;&lt;MitigationControl&gt;&lt;/MitigationControl&gt;&lt;Responsibility&gt;&lt;/Responsibility&gt;&lt;IAControls&gt;&lt;/IAControls&gt;</description><reference><dc:title>DPMS Target Network WLAN Bridge Platform</dc:title><dc:publisher>DISA</dc:publisher><dc:type>DPMS Target</dc:type><dc:subject>Network WLAN Bridge Platform</dc:subject><dc:identifier>5397</dc:identifier></reference><ident system="http://cyber.mil/cci">CCI-000366</ident><fixtext fixref="F-46459r720135_fix">Change the SSID to a pseudo random word that does not identify the unit, base, or organization.</fixtext><fix id="F-46459r720135_fix" /><check system="C-46502r720134_chk"><check-content-ref href="Network_WLAN_Bridge_Platform_STIG.xml" name="M" /><check-content>Review device configuration. 

1. Obtain the SSID using a wireless scanner or the AP or WLAN controller management software.
2. Verify the name is not meaningful (e.g., site name, product name, room number, etc.) and is not set to the manufacturer's default value.

If the SSID does not meet the requirement listed above, this is a finding.</check-content></check></Rule></Group><Group id="V-243228"><title>SRG-NET-000063</title><description>&lt;GroupDescription&gt;&lt;/GroupDescription&gt;</description><Rule id="SV-243228r720139_rule" weight="10.0" severity="medium"><version>WLAN-NW-000400</version><title>WLAN components must be Wi-Fi Alliance certified with WPA2 or WPA3.</title><description>&lt;VulnDiscussion&gt;Wi-Fi Alliance certification ensures compliance with DoD interoperability requirements between various WLAN products.&lt;/VulnDiscussion&gt;&lt;FalsePositives&gt;&lt;/FalsePositives&gt;&lt;FalseNegatives&gt;&lt;/FalseNegatives&gt;&lt;Documentable&gt;false&lt;/Documentable&gt;&lt;Mitigations&gt;&lt;/Mitigations&gt;&lt;SeverityOverrideGuidance&gt;&lt;/SeverityOverrideGuidance&gt;&lt;PotentialImpacts&gt;&lt;/PotentialImpacts&gt;&lt;ThirdPartyTools&gt;&lt;/ThirdPartyTools&gt;&lt;MitigationControl&gt;&lt;/MitigationControl&gt;&lt;Responsibility&gt;&lt;/Responsibility&gt;&lt;IAControls&gt;&lt;/IAControls&gt;</description><reference><dc:title>DPMS Target Network WLAN Bridge Platform</dc:title><dc:publisher>DISA</dc:publisher><dc:type>DPMS Target</dc:type><dc:subject>Network WLAN Bridge Platform</dc:subject><dc:identifier>5397</dc:identifier></reference><ident system="http://cyber.mil/cci">CCI-001453</ident><fixtext fixref="F-46460r720138_fix">Use WLAN equipment that is Wi-Fi Alliance certified with WPA2 or WPA3.</fixtext><fix id="F-46460r720138_fix" /><check system="C-46503r720137_chk"><check-content-ref href="Network_WLAN_Bridge_Platform_STIG.xml" name="M" /><check-content>Review the WLAN equipment specification and verify it is Wi-Fi Alliance certified with either the older WPA2 certification or the newer WPA3 certification. WPA3 is preferred but not required at this time.

If the WLAN equipment is not Wi-Fi Alliance certified with WPA2 or WPA3, this is a finding.</check-content></check></Rule></Group><Group id="V-243229"><title>SRG-NET-000151</title><description>&lt;GroupDescription&gt;&lt;/GroupDescription&gt;</description><Rule id="SV-243229r891323_rule" weight="10.0" severity="medium"><version>WLAN-NW-000600</version><title>WLAN components must be FIPS 140-2 or FIPS 140-3 certified and configured to operate in FIPS mode.</title><description>&lt;VulnDiscussion&gt;If the DoD WLAN components (WLAN AP, controller, or client) are not NIST FIPS 140-2/FIPS 140-3 (Cryptographic Module Validation Program, CMVP) certified, the WLAN system may not adequately protect sensitive unclassified DoD data from compromise during transmission.&lt;/VulnDiscussion&gt;&lt;FalsePositives&gt;&lt;/FalsePositives&gt;&lt;FalseNegatives&gt;&lt;/FalseNegatives&gt;&lt;Documentable&gt;false&lt;/Documentable&gt;&lt;Mitigations&gt;&lt;/Mitigations&gt;&lt;SeverityOverrideGuidance&gt;&lt;/SeverityOverrideGuidance&gt;&lt;PotentialImpacts&gt;&lt;/PotentialImpacts&gt;&lt;ThirdPartyTools&gt;&lt;/ThirdPartyTools&gt;&lt;MitigationControl&gt;&lt;/MitigationControl&gt;&lt;Responsibility&gt;&lt;/Responsibility&gt;&lt;IAControls&gt;&lt;/IAControls&gt;</description><reference><dc:title>DPMS Target Network WLAN Bridge Platform</dc:title><dc:publisher>DISA</dc:publisher><dc:type>DPMS Target</dc:type><dc:subject>Network WLAN Bridge Platform</dc:subject><dc:identifier>5397</dc:identifier></reference><ident system="http://cyber.mil/cci">CCI-001967</ident><fixtext fixref="F-46461r891322_fix">Use WLAN equipment that is FIPS 140-2/3 (CMVP) certified. Configure the component to operate in FIPS mode.</fixtext><fix id="F-46461r891322_fix" /><check system="C-46504r891321_chk"><check-content-ref href="Network_WLAN_Bridge_Platform_STIG.xml" name="M" /><check-content>Review the WLAN equipment specification and verify it is FIPS 140-2/3 (CMVP) certified for data in transit, including authentication credentials. Verify the component is configured to operate in FIPS mode.

If the WLAN equipment is not is FIPS 140-2/3 (CMVP) certified or is not configured to operate in FIPS mode, this is a finding.</check-content></check></Rule></Group><Group id="V-243230"><title>SRG-NET-000512</title><description>&lt;GroupDescription&gt;&lt;/GroupDescription&gt;</description><Rule id="SV-243230r720145_rule" weight="10.0" severity="medium"><version>WLAN-NW-001100</version><title>Wireless access points and bridges must be placed in dedicated subnets outside the enclave's perimeter.</title><description>&lt;VulnDiscussion&gt;If an adversary is able to compromise an access point or controller that is directly connected to an enclave network, the adversary can easily surveil and attack other devices from that beachhead. A defense-in-depth approach requires an additional layer of protection between the WLAN and the enclave network. This is particularly important for wireless networks, which may be vulnerable to attack from outside the physical perimeter of the facility or base given the inherent nature of radio communications to penetrate walls, fences, and other physical boundaries.

Wireless access points and bridges must not be directly connected to the enclave network. A network device must separate wireless access from other elements of the enclave network. Sites must also comply with the Network Infrastructure STIG configuration requirements for DMZ, VLAN, and VPN configurations, as applicable.

Examples of acceptable architectures include placing access points or controllers in a screened subnet (e.g., DMZ separating intranet and wireless network) or dedicated virtual LAN (VLAN) with ACLs.&lt;/VulnDiscussion&gt;&lt;FalsePositives&gt;&lt;/FalsePositives&gt;&lt;FalseNegatives&gt;&lt;/FalseNegatives&gt;&lt;Documentable&gt;false&lt;/Documentable&gt;&lt;Mitigations&gt;&lt;/Mitigations&gt;&lt;SeverityOverrideGuidance&gt;&lt;/SeverityOverrideGuidance&gt;&lt;PotentialImpacts&gt;&lt;/PotentialImpacts&gt;&lt;ThirdPartyTools&gt;&lt;/ThirdPartyTools&gt;&lt;MitigationControl&gt;&lt;/MitigationControl&gt;&lt;Responsibility&gt;&lt;/Responsibility&gt;&lt;IAControls&gt;&lt;/IAControls&gt;</description><reference><dc:title>DPMS Target Network WLAN Bridge Platform</dc:title><dc:publisher>DISA</dc:publisher><dc:type>DPMS Target</dc:type><dc:subject>Network WLAN Bridge Platform</dc:subject><dc:identifier>5397</dc:identifier></reference><ident system="http://cyber.mil/cci">CCI-000366</ident><fixtext fixref="F-46462r720144_fix">Remove wireless network devices with direct connections to an enclave network. If feasible, reconfigure network connections to isolate the WLAN infrastructure from the enclave network, separating them with a firewall or equivalent protection.</fixtext><fix id="F-46462r720144_fix" /><check system="C-46505r720143_chk"><check-content-ref href="Network_WLAN_Bridge_Platform_STIG.xml" name="M" /><check-content>Review network architecture with the network administrator.

1. Verify compliance by inspecting the site network topology diagrams.
2. Since many network diagrams are not kept up to date, walk through the connections with the network administrator using network management tools or diagnostic commands to verify the diagrams are current.

If the site's wireless infrastructure, such as access points and bridges, is not isolated from the enclave network, this is a finding.</check-content></check></Rule></Group><Group id="V-243231"><title>SRG-NET-000205</title><description>&lt;GroupDescription&gt;&lt;/GroupDescription&gt;</description><Rule id="SV-243231r720148_rule" weight="10.0" severity="medium"><version>WLAN-NW-001200</version><title>The network device must be configured to only permit management traffic that ingresses and egresses the out-of-band management (OOBM) interface.</title><description>&lt;VulnDiscussion&gt;The OOBM access switch will connect to the management interface of the managed network elements. The management interface can be a true OOBM interface or a standard interface functioning as the management interface. In either case, the management interface of the managed network element will be directly connected to the OOBM network. (See SRG-NET-000205-RTR-000012.)

Network boundaries, also known as managed interfaces, include, for example, gateways, routers, firewalls, guards, network-based malicious code analysis, and virtualization systems, or encrypted tunnels implemented within a security architecture (e.g., routers protecting firewalls or application gateways residing on protected subnetworks). Subnetworks that are physically or logically separated from internal networks are referred to as demilitarized zones (DMZs). Methods used for prohibiting interfaces within organizational information systems include, for example, restricting external web traffic to designated web servers within managed interfaces and prohibiting external traffic that appears to be spoofing internal addresses.&lt;/VulnDiscussion&gt;&lt;FalsePositives&gt;&lt;/FalsePositives&gt;&lt;FalseNegatives&gt;&lt;/FalseNegatives&gt;&lt;Documentable&gt;false&lt;/Documentable&gt;&lt;Mitigations&gt;&lt;/Mitigations&gt;&lt;SeverityOverrideGuidance&gt;&lt;/SeverityOverrideGuidance&gt;&lt;PotentialImpacts&gt;&lt;/PotentialImpacts&gt;&lt;ThirdPartyTools&gt;&lt;/ThirdPartyTools&gt;&lt;MitigationControl&gt;&lt;/MitigationControl&gt;&lt;Responsibility&gt;&lt;/Responsibility&gt;&lt;IAControls&gt;&lt;/IAControls&gt;</description><reference><dc:title>DPMS Target Network WLAN Bridge Platform</dc:title><dc:publisher>DISA</dc:publisher><dc:type>DPMS Target</dc:type><dc:subject>Network WLAN Bridge Platform</dc:subject><dc:identifier>5397</dc:identifier></reference><ident system="http://cyber.mil/cci">CCI-001097</ident><fixtext fixref="F-46463r720147_fix">Configure the network device so that only management traffic that ingresses and egresses the OOBM interface is permitted.</fixtext><fix id="F-46463r720147_fix" /><check system="C-46506r720146_chk"><check-content-ref href="Network_WLAN_Bridge_Platform_STIG.xml" name="M" /><check-content>Review the device configuration to determine if the OOB management interface is assigned an appropriate IP address from the authorized OOB management network.

If an IP address assigned to the interface is not from an authorized OOB management network, this is a finding.</check-content></check></Rule></Group><Group id="V-243232"><title>SRG-NET-000131</title><description>&lt;GroupDescription&gt;&lt;/GroupDescription&gt;</description><Rule id="SV-243232r856611_rule" weight="10.0" severity="medium"><version>WLAN-NW-001300</version><title>The network device must not be configured to have any feature enabled that calls home to the vendor.</title><description>&lt;VulnDiscussion&gt;Call-home services will routinely send data such as configuration and diagnostic information to the vendor for routine or emergency analysis and troubleshooting. There is a risk that transmission of sensitive data sent to unauthorized persons could result in data loss or downtime due to an attack. (See SRG-NET-000131-RTR-000083.)&lt;/VulnDiscussion&gt;&lt;FalsePositives&gt;&lt;/FalsePositives&gt;&lt;FalseNegatives&gt;&lt;/FalseNegatives&gt;&lt;Documentable&gt;false&lt;/Documentable&gt;&lt;Mitigations&gt;&lt;/Mitigations&gt;&lt;SeverityOverrideGuidance&gt;&lt;/SeverityOverrideGuidance&gt;&lt;PotentialImpacts&gt;&lt;/PotentialImpacts&gt;&lt;ThirdPartyTools&gt;&lt;/ThirdPartyTools&gt;&lt;MitigationControl&gt;&lt;/MitigationControl&gt;&lt;Responsibility&gt;&lt;/Responsibility&gt;&lt;IAControls&gt;&lt;/IAControls&gt;</description><reference><dc:title>DPMS Target Network WLAN Bridge Platform</dc:title><dc:publisher>DISA</dc:publisher><dc:type>DPMS Target</dc:type><dc:subject>Network WLAN Bridge Platform</dc:subject><dc:identifier>5397</dc:identifier></reference><ident system="http://cyber.mil/cci">CCI-002403</ident><fixtext fixref="F-46464r720150_fix">Configure the network device to disable the call home service or feature.

Note: This feature can be enabled if the communication is only to a server residing in the local area network or enclave.</fixtext><fix id="F-46464r720150_fix" /><check system="C-46507r720149_chk"><check-content-ref href="Network_WLAN_Bridge_Platform_STIG.xml" name="M" /><check-content>Review the device configuration to determine if the call home service or feature is disabled on the device. 

If the call home service is enabled on the device, this is a finding.

Note: This feature can be enabled if the communication is only to a server residing in the local area network or enclave.</check-content></check></Rule></Group></Benchmark>