<?xml version="1.0" encoding="utf-8"?><?xml-stylesheet type='text/xsl' href='STIG_unclass.xsl'?><Benchmark xmlns:dsig="http://www.w3.org/2000/09/xmldsig#" xmlns:xsi="http://www.w3.org/2001/XMLSchema-instance" xmlns:cpe="http://cpe.mitre.org/language/2.0" xmlns:xhtml="http://www.w3.org/1999/xhtml" xmlns:dc="http://purl.org/dc/elements/1.1/" id="Enclave_-_Zone_D" xml:lang="en" xsi:schemaLocation="http://checklists.nist.gov/xccdf/1.1 http://nvd.nist.gov/schema/xccdf-1.1.4.xsd http://cpe.mitre.org/dictionary/2.0 http://cpe.mitre.org/files/cpe-dictionary_2.1.xsd" xmlns="http://checklists.nist.gov/xccdf/1.1"><status date="2022-04-27">accepted</status><title>Test and Development Zone D Security Technical Implementation Guide</title><description>The Test &amp; Development Zone A STIG is published as a tool to improve the security of Department of Defense (DoD) information systems. Comments or proposed revisions to this document should be sent via e-mail to the following address: disa.stig_spt@mail.mil.</description><notice id="terms-of-use" xml:lang="en"></notice><reference href="http://iase.disa.mil"><dc:publisher>DISA</dc:publisher><dc:source>STIG.DOD.MIL</dc:source></reference><plain-text id="release-info">Release: 6 Benchmark Date: 27 Apr 2022</plain-text><version>1</version><Profile id="MAC-1_Classified"><title>I - Mission Critical Classified</title><description>&lt;ProfileDescription&gt;&lt;/ProfileDescription&gt;</description><select idref="V-39344" selected="true" /><select idref="V-39345" selected="true" /><select idref="V-39433" selected="true" /><select idref="V-39434" selected="true" /><select idref="V-39435" selected="true" /><select idref="V-39437" selected="true" /><select idref="V-39438" selected="true" /><select idref="V-39439" selected="true" /><select idref="V-39440" selected="true" /><select idref="V-39441" selected="true" /><select idref="V-39611" selected="true" /><select idref="V-39614" selected="true" /><select idref="V-39619" selected="true" /><select idref="V-39621" selected="true" /><select idref="V-39659" selected="true" /><select idref="V-39660" selected="true" /><select idref="V-39669" selected="true" /><select idref="V-39670" selected="true" /><select idref="V-39672" selected="true" /><select idref="V-39674" selected="true" /><select idref="V-41494" selected="true" /><select idref="V-43317" selected="true" /></Profile><Profile id="MAC-1_Public"><title>I - Mission Critical Public</title><description>&lt;ProfileDescription&gt;&lt;/ProfileDescription&gt;</description><select idref="V-39344" selected="true" /><select idref="V-39345" selected="true" /><select idref="V-39433" selected="true" /><select idref="V-39434" selected="true" /><select idref="V-39435" selected="true" /><select idref="V-39437" selected="true" /><select idref="V-39438" selected="true" /><select idref="V-39439" selected="true" /><select idref="V-39440" selected="true" /><select idref="V-39441" selected="true" /><select idref="V-39611" selected="true" /><select idref="V-39614" selected="true" /><select idref="V-39619" selected="true" /><select idref="V-39621" selected="true" /><select idref="V-39659" selected="true" /><select idref="V-39660" selected="true" /><select idref="V-39669" selected="true" /><select idref="V-39670" selected="true" /><select idref="V-39672" selected="true" /><select idref="V-39674" selected="true" /><select idref="V-41494" selected="true" /><select idref="V-43317" selected="true" /></Profile><Profile id="MAC-1_Sensitive"><title>I - Mission Critical Sensitive</title><description>&lt;ProfileDescription&gt;&lt;/ProfileDescription&gt;</description><select idref="V-39344" selected="true" /><select idref="V-39345" selected="true" /><select idref="V-39433" selected="true" /><select idref="V-39434" selected="true" /><select idref="V-39435" selected="true" /><select idref="V-39437" selected="true" /><select idref="V-39438" selected="true" /><select idref="V-39439" selected="true" /><select idref="V-39440" selected="true" /><select idref="V-39441" selected="true" /><select idref="V-39611" selected="true" /><select idref="V-39614" selected="true" /><select idref="V-39619" selected="true" /><select idref="V-39621" selected="true" /><select idref="V-39659" selected="true" /><select idref="V-39660" selected="true" /><select idref="V-39669" selected="true" /><select idref="V-39670" selected="true" /><select idref="V-39672" selected="true" /><select idref="V-39674" selected="true" /><select idref="V-41494" selected="true" /><select idref="V-43317" selected="true" /></Profile><Profile id="MAC-2_Classified"><title>II - Mission Support Classified</title><description>&lt;ProfileDescription&gt;&lt;/ProfileDescription&gt;</description><select idref="V-39344" selected="true" /><select idref="V-39345" selected="true" /><select idref="V-39433" selected="true" /><select idref="V-39434" selected="true" /><select idref="V-39435" selected="true" /><select idref="V-39437" selected="true" /><select idref="V-39438" selected="true" /><select idref="V-39439" selected="true" /><select idref="V-39440" selected="true" /><select idref="V-39441" selected="true" /><select idref="V-39611" selected="true" /><select idref="V-39614" selected="true" /><select idref="V-39619" selected="true" /><select idref="V-39621" selected="true" /><select idref="V-39659" selected="true" /><select idref="V-39660" selected="true" /><select idref="V-39669" selected="true" /><select idref="V-39670" selected="true" /><select idref="V-39672" selected="true" /><select idref="V-39674" selected="true" /><select idref="V-41494" selected="true" /><select idref="V-43317" selected="true" /></Profile><Profile id="MAC-2_Public"><title>II - Mission Support Public</title><description>&lt;ProfileDescription&gt;&lt;/ProfileDescription&gt;</description><select idref="V-39344" selected="true" /><select idref="V-39345" selected="true" /><select idref="V-39433" selected="true" /><select idref="V-39434" selected="true" /><select idref="V-39435" selected="true" /><select idref="V-39437" selected="true" /><select idref="V-39438" selected="true" /><select idref="V-39439" selected="true" /><select idref="V-39440" selected="true" /><select idref="V-39441" selected="true" /><select idref="V-39611" selected="true" /><select idref="V-39614" selected="true" /><select idref="V-39619" selected="true" /><select idref="V-39621" selected="true" /><select idref="V-39659" selected="true" /><select idref="V-39660" selected="true" /><select idref="V-39669" selected="true" /><select idref="V-39670" selected="true" /><select idref="V-39672" selected="true" /><select idref="V-39674" selected="true" /><select idref="V-41494" selected="true" /><select idref="V-43317" selected="true" /></Profile><Profile id="MAC-2_Sensitive"><title>II - Mission Support Sensitive</title><description>&lt;ProfileDescription&gt;&lt;/ProfileDescription&gt;</description><select idref="V-39344" selected="true" /><select idref="V-39345" selected="true" /><select idref="V-39433" selected="true" /><select idref="V-39434" selected="true" /><select idref="V-39435" selected="true" /><select idref="V-39437" selected="true" /><select idref="V-39438" selected="true" /><select idref="V-39439" selected="true" /><select idref="V-39440" selected="true" /><select idref="V-39441" selected="true" /><select idref="V-39611" selected="true" /><select idref="V-39614" selected="true" /><select idref="V-39619" selected="true" /><select idref="V-39621" selected="true" /><select idref="V-39659" selected="true" /><select idref="V-39660" selected="true" /><select idref="V-39669" selected="true" /><select idref="V-39670" selected="true" /><select idref="V-39672" selected="true" /><select idref="V-39674" selected="true" /><select idref="V-41494" selected="true" /><select idref="V-43317" selected="true" /></Profile><Profile id="MAC-3_Classified"><title>III - Administrative Classified</title><description>&lt;ProfileDescription&gt;&lt;/ProfileDescription&gt;</description><select idref="V-39344" selected="true" /><select idref="V-39345" selected="true" /><select idref="V-39433" selected="true" /><select idref="V-39434" selected="true" /><select idref="V-39435" selected="true" /><select idref="V-39437" selected="true" /><select idref="V-39438" selected="true" /><select idref="V-39439" selected="true" /><select idref="V-39440" selected="true" /><select idref="V-39441" selected="true" /><select idref="V-39611" selected="true" /><select idref="V-39614" selected="true" /><select idref="V-39619" selected="true" /><select idref="V-39621" selected="true" /><select idref="V-39659" selected="true" /><select idref="V-39660" selected="true" /><select idref="V-39669" selected="true" /><select idref="V-39670" selected="true" /><select idref="V-39672" selected="true" /><select idref="V-39674" selected="true" /><select idref="V-41494" selected="true" /><select idref="V-43317" selected="true" /></Profile><Profile id="MAC-3_Public"><title>III - Administrative Public</title><description>&lt;ProfileDescription&gt;&lt;/ProfileDescription&gt;</description><select idref="V-39344" selected="true" /><select idref="V-39345" selected="true" /><select idref="V-39433" selected="true" /><select idref="V-39434" selected="true" /><select idref="V-39435" selected="true" /><select idref="V-39437" selected="true" /><select idref="V-39438" selected="true" /><select idref="V-39439" selected="true" /><select idref="V-39440" selected="true" /><select idref="V-39441" selected="true" /><select idref="V-39611" selected="true" /><select idref="V-39614" selected="true" /><select idref="V-39619" selected="true" /><select idref="V-39621" selected="true" /><select idref="V-39659" selected="true" /><select idref="V-39660" selected="true" /><select idref="V-39669" selected="true" /><select idref="V-39670" selected="true" /><select idref="V-39672" selected="true" /><select idref="V-39674" selected="true" /><select idref="V-41494" selected="true" /><select idref="V-43317" selected="true" /></Profile><Profile id="MAC-3_Sensitive"><title>III - Administrative Sensitive</title><description>&lt;ProfileDescription&gt;&lt;/ProfileDescription&gt;</description><select idref="V-39344" selected="true" /><select idref="V-39345" selected="true" /><select idref="V-39433" selected="true" /><select idref="V-39434" selected="true" /><select idref="V-39435" selected="true" /><select idref="V-39437" selected="true" /><select idref="V-39438" selected="true" /><select idref="V-39439" selected="true" /><select idref="V-39440" selected="true" /><select idref="V-39441" selected="true" /><select idref="V-39611" selected="true" /><select idref="V-39614" selected="true" /><select idref="V-39619" selected="true" /><select idref="V-39621" selected="true" /><select idref="V-39659" selected="true" /><select idref="V-39660" selected="true" /><select idref="V-39669" selected="true" /><select idref="V-39670" selected="true" /><select idref="V-39672" selected="true" /><select idref="V-39674" selected="true" /><select idref="V-41494" selected="true" /><select idref="V-43317" selected="true" /></Profile><Group id="V-39344"><title>ENTD0010 - The test and development infrastructure is not properly documented.</title><description>&lt;GroupDescription&gt;&lt;/GroupDescription&gt;</description><Rule id="SV-51202r1_rule" severity="medium" weight="10.0"><version>ENTD0010</version><title>Network infrastructure and systems supporting the test and development environment must be documented within the organizations accreditation package.</title><description>&lt;VulnDiscussion&gt;Up-to-date documentation is essential in assisting with the management, auditing, and security of the network infrastructure used to support the test and development environment.  Network diagrams are important because they show the overall layout where devices are physically located within the network infrastructure. Diagrams also show the relationship and connectivity between devices where possible intrusive attacks could take place.  Having up-to-date network diagrams will also help show what the security, traffic, and physical impact of adding a system will be on the network.&lt;/VulnDiscussion&gt;&lt;FalsePositives&gt;&lt;/FalsePositives&gt;&lt;FalseNegatives&gt;&lt;/FalseNegatives&gt;&lt;Documentable&gt;false&lt;/Documentable&gt;&lt;Mitigations&gt;&lt;/Mitigations&gt;&lt;SeverityOverrideGuidance&gt;&lt;/SeverityOverrideGuidance&gt;&lt;PotentialImpacts&gt;&lt;/PotentialImpacts&gt;&lt;ThirdPartyTools&gt;&lt;/ThirdPartyTools&gt;&lt;MitigationControl&gt;&lt;/MitigationControl&gt;&lt;Responsibility&gt;Information Assurance Officer&lt;/Responsibility&gt;&lt;Responsibility&gt;Information Assurance Manager&lt;/Responsibility&gt;&lt;IAControls&gt;DCHW-1&lt;/IAControls&gt;</description><reference><dc:title>DPMS Target Test Enclave - Zone D</dc:title><dc:publisher>DISA</dc:publisher><dc:type>DPMS Target</dc:type><dc:subject>Test Enclave - Zone D</dc:subject><dc:identifier>1134</dc:identifier></reference><fixtext fixref="F-44359r2_fix">Document network infrastructure and systems supporting the test and development environment, then include it with the accreditation package.</fixtext><fix id="F-44359r2_fix" /><check system="C-46619r2_chk"><check-content-ref name="M" href="DPMS_XCCDF_Benchmark_Enclave - Zone D.xml" /><check-content>Review the accreditation package documentation to verify the test and development environment is correctly documented within the network diagrams and site security plan.  If the organization's accreditation package does not include the test and development infrastructure in the network diagrams and system security plan, this is a finding.</check-content></check></Rule></Group><Group id="V-39345"><title>ENTD0020 - The test and development infrastructure does not follow a CAP.</title><description>&lt;GroupDescription&gt;&lt;/GroupDescription&gt;</description><Rule id="SV-51203r1_rule" severity="medium" weight="10.0"><version>ENTD0020</version><title>Network infrastructure and systems supporting the test and development environment must follow DoD certification and accreditation procedures before connecting to a DoD operational network or Internet Service Provider.</title><description>&lt;VulnDiscussion&gt;Prior to connecting to a live operational network, such as the DISN, systems, at minimum, receive an IATO.  A system without an IATO does not show adequate effort to meet IA controls and security requirements and may pose a risk to other computers or systems connecting to the operational network.&lt;/VulnDiscussion&gt;&lt;FalsePositives&gt;&lt;/FalsePositives&gt;&lt;FalseNegatives&gt;&lt;/FalseNegatives&gt;&lt;Documentable&gt;false&lt;/Documentable&gt;&lt;Mitigations&gt;&lt;/Mitigations&gt;&lt;SeverityOverrideGuidance&gt;&lt;/SeverityOverrideGuidance&gt;&lt;PotentialImpacts&gt;&lt;/PotentialImpacts&gt;&lt;ThirdPartyTools&gt;&lt;/ThirdPartyTools&gt;&lt;MitigationControl&gt;&lt;/MitigationControl&gt;&lt;Responsibility&gt;Information Assurance Officer&lt;/Responsibility&gt;&lt;Responsibility&gt;Information Assurance Manager&lt;/Responsibility&gt;&lt;IAControls&gt;EBCR-1&lt;/IAControls&gt;</description><reference><dc:title>DPMS Target Test Enclave - Zone D</dc:title><dc:publisher>DISA</dc:publisher><dc:type>DPMS Target</dc:type><dc:subject>Test Enclave - Zone D</dc:subject><dc:identifier>1134</dc:identifier></reference><fixtext fixref="F-44662r1_fix">Certify and accredit the test and development infrastructure and supporting systems connecting to the DISN.  Keep the IATO with the organization's accreditation package.</fixtext><fix id="F-44662r1_fix" /><check system="C-46707r5_chk"><check-content-ref name="M" href="DPMS_XCCDF_Benchmark_Enclave - Zone D.xml" /><check-content>Review the accreditation package documentation to verify the test and development environment has been granted an IATO to connect to the DISN.  If an IATO has not been granted, this is a finding. 

If the zone environment does not have any connectivity to the DISN or commercial ISP, this requirement is not applicable.</check-content></check></Rule></Group><Group id="V-39433"><title>ENTD0030 - The test and development infrastructure registered in DoD asset management program.</title><description>&lt;GroupDescription&gt;&lt;/GroupDescription&gt;</description><Rule id="SV-51291r1_rule" severity="medium" weight="10.0"><version>ENTD0030</version><title>Network infrastructure and systems supporting the test and development environment must be registered in a DoD asset management system.</title><description>&lt;VulnDiscussion&gt;An asset management system is used to send out notifications on vulnerabilities in commercial and military information infrastructures as they are discovered.  If the organization's assets are not registered with an asset management system, administrators will not be notified of important vulnerabilities such as viruses, denial of service attacks, system weaknesses, back doors, and other potentially harmful situations.  Additionally, there will be no way to enter, track, or resolve findings during a review.&lt;/VulnDiscussion&gt;&lt;FalsePositives&gt;&lt;/FalsePositives&gt;&lt;FalseNegatives&gt;&lt;/FalseNegatives&gt;&lt;Documentable&gt;false&lt;/Documentable&gt;&lt;Mitigations&gt;&lt;/Mitigations&gt;&lt;SeverityOverrideGuidance&gt;&lt;/SeverityOverrideGuidance&gt;&lt;PotentialImpacts&gt;&lt;/PotentialImpacts&gt;&lt;ThirdPartyTools&gt;&lt;/ThirdPartyTools&gt;&lt;MitigationControl&gt;&lt;/MitigationControl&gt;&lt;Responsibility&gt;&lt;/Responsibility&gt;&lt;IAControls&gt;VIVM-1&lt;/IAControls&gt;</description><reference><dc:title>DPMS Target Test Enclave - Zone D</dc:title><dc:publisher>DISA</dc:publisher><dc:type>DPMS Target</dc:type><dc:subject>Test Enclave - Zone D</dc:subject><dc:identifier>1134</dc:identifier></reference><fixtext fixref="F-44446r2_fix">Register the network infrastructure and systems supporting the test and development environment in a DoD asset management program.</fixtext><fix id="F-44446r2_fix" /><check system="C-46812r1_chk"><check-content-ref name="M" href="DPMS_XCCDF_Benchmark_Enclave - Zone D.xml" /><check-content>Determine whether all systems and network infrastructure devices supporting the test and development environment are registered in an asset management system.  If any systems and network infrastructure devices supporting the test and development environment are not registered in an asset management system, this is a finding.</check-content></check></Rule></Group><Group id="V-39434"><title>ENTD0040 - The test and development infrastructure is not managed through management network.</title><description>&lt;GroupDescription&gt;&lt;/GroupDescription&gt;</description><Rule id="SV-51292r1_rule" severity="medium" weight="10.0"><version>ENTD0040</version><title>Network infrastructure and systems supporting the test and development environment must be managed from a management network.</title><description>&lt;VulnDiscussion&gt;It is important to restrict administrative access to the supporting network infrastructure and systems in the test and development environment, as it reduces the risk of data theft or interception from an attacker on the operational network.&lt;/VulnDiscussion&gt;&lt;FalsePositives&gt;&lt;/FalsePositives&gt;&lt;FalseNegatives&gt;&lt;/FalseNegatives&gt;&lt;Documentable&gt;false&lt;/Documentable&gt;&lt;Mitigations&gt;&lt;/Mitigations&gt;&lt;SeverityOverrideGuidance&gt;&lt;/SeverityOverrideGuidance&gt;&lt;PotentialImpacts&gt;&lt;/PotentialImpacts&gt;&lt;ThirdPartyTools&gt;&lt;/ThirdPartyTools&gt;&lt;MitigationControl&gt;&lt;/MitigationControl&gt;&lt;Responsibility&gt;&lt;/Responsibility&gt;&lt;IAControls&gt;ECSC-1&lt;/IAControls&gt;</description><reference><dc:title>DPMS Target Test Enclave - Zone D</dc:title><dc:publisher>DISA</dc:publisher><dc:type>DPMS Target</dc:type><dc:subject>Test Enclave - Zone D</dc:subject><dc:identifier>1134</dc:identifier></reference><fixtext fixref="F-44447r2_fix">Engineer a management network solution and document it within the test and development network diagrams.</fixtext><fix id="F-44447r2_fix" /><check system="C-46708r2_chk"><check-content-ref name="M" href="DPMS_XCCDF_Benchmark_Enclave - Zone D.xml" /><check-content>Review the network diagrams to determine whether a management network has been established to manage the network infrastructure and systems supporting the test and development environment.  If a management network has not been established to manage the test and development environment infrastructure, this is a finding.</check-content></check></Rule></Group><Group id="V-39435"><title>ENTD0050 - Impersistent connections do not have approval.</title><description>&lt;GroupDescription&gt;&lt;/GroupDescription&gt;</description><Rule id="SV-51293r1_rule" severity="medium" weight="10.0"><version>ENTD0050</version><title>The organization must document impersistent connections to the test and development environment with approval by the organizations Authorizing Official.</title><description>&lt;VulnDiscussion&gt;An impersistent connection is any temporary connection needed to another test and development environment or DoD operational network where testing is not feasible.  As any unvetted connection or device will create additional risk and compromise the entire environment, it is up to the Authorizing Official for the organization to accept the risk of an impersistent connection.&lt;/VulnDiscussion&gt;&lt;FalsePositives&gt;&lt;/FalsePositives&gt;&lt;FalseNegatives&gt;&lt;/FalseNegatives&gt;&lt;Documentable&gt;false&lt;/Documentable&gt;&lt;Mitigations&gt;&lt;/Mitigations&gt;&lt;SeverityOverrideGuidance&gt;&lt;/SeverityOverrideGuidance&gt;&lt;PotentialImpacts&gt;&lt;/PotentialImpacts&gt;&lt;ThirdPartyTools&gt;&lt;/ThirdPartyTools&gt;&lt;MitigationControl&gt;&lt;/MitigationControl&gt;&lt;Responsibility&gt;&lt;/Responsibility&gt;&lt;IAControls&gt;EBCR-1, ECSD-1&lt;/IAControls&gt;</description><reference><dc:title>DPMS Target Test Enclave - Zone D</dc:title><dc:publisher>DISA</dc:publisher><dc:type>DPMS Target</dc:type><dc:subject>Test Enclave - Zone D</dc:subject><dc:identifier>1134</dc:identifier></reference><fixtext fixref="F-44448r4_fix">Create and have on file up-to-date documentation of the authorized risk approval for impersistent connections or devices.</fixtext><fix id="F-44448r4_fix" /><check system="C-46709r3_chk"><check-content-ref name="M" href="DPMS_XCCDF_Benchmark_Enclave - Zone D.xml" /><check-content>Review documentation for impersistent connections or devices to ensure the risk has been thoroughly assessed and approved by the Authorizing Official.  If no documented approval is available for impersistent connections, this is a finding.</check-content></check></Rule></Group><Group id="V-39437"><title>ENTD0070 - Antivirus not installed on development systems.</title><description>&lt;GroupDescription&gt;&lt;/GroupDescription&gt;</description><Rule id="SV-51295r1_rule" severity="high" weight="10.0"><version>ENTD0070</version><title>Development systems must have antivirus installed and enabled with up-to-date signatures.</title><description>&lt;VulnDiscussion&gt;Virus scan programs are a primary line of defense against the introduction of viruses and malicious code that can destroy data and even render a computer inoperable.  Utilizing the most current virus scan program provides the ability to detect this malicious code before extensive damage occurs.  Updated virus scan data files help protect a system, as new malware is identified by the software vendors on a regular basis.&lt;/VulnDiscussion&gt;&lt;FalsePositives&gt;&lt;/FalsePositives&gt;&lt;FalseNegatives&gt;&lt;/FalseNegatives&gt;&lt;Documentable&gt;false&lt;/Documentable&gt;&lt;Mitigations&gt;&lt;/Mitigations&gt;&lt;SeverityOverrideGuidance&gt;&lt;/SeverityOverrideGuidance&gt;&lt;PotentialImpacts&gt;&lt;/PotentialImpacts&gt;&lt;ThirdPartyTools&gt;&lt;/ThirdPartyTools&gt;&lt;MitigationControl&gt;&lt;/MitigationControl&gt;&lt;Responsibility&gt;&lt;/Responsibility&gt;&lt;IAControls&gt;ECSC-1, ECVP-1&lt;/IAControls&gt;</description><reference><dc:title>DPMS Target Test Enclave - Zone D</dc:title><dc:publisher>DISA</dc:publisher><dc:type>DPMS Target</dc:type><dc:subject>Test Enclave - Zone D</dc:subject><dc:identifier>1134</dc:identifier></reference><fixtext fixref="F-44450r2_fix">Install antivirus with current signatures on development systems.</fixtext><fix id="F-44450r2_fix" /><check system="C-46712r3_chk"><check-content-ref name="M" href="DPMS_XCCDF_Benchmark_Enclave - Zone D.xml" /><check-content>Review development images to determine whether antivirus is installed and configured with current signatures.   If antivirus is missing on development systems, this is a finding.  

If there isn't any application development occurring in the zone environment, this requirement is not applicable.</check-content></check></Rule></Group><Group id="V-39438"><title>ENTD0080 - HIDS or HIPS not installed on development system.</title><description>&lt;GroupDescription&gt;&lt;/GroupDescription&gt;</description><Rule id="SV-51296r1_rule" severity="medium" weight="10.0"><version>ENTD0080</version><title>Development systems must have HIDS or HIPS installed and configured with up-to-date signatures.</title><description>&lt;VulnDiscussion&gt;A HIDS or HIPS application is a secondary line of defense behind the antivirus.  The application will monitor all ports and the dynamic state of a development system.  If the application detects irregularities on the system, it will block incoming traffic that may potentially compromise the development system that can lead to a DoS or data theft.&lt;/VulnDiscussion&gt;&lt;FalsePositives&gt;&lt;/FalsePositives&gt;&lt;FalseNegatives&gt;&lt;/FalseNegatives&gt;&lt;Documentable&gt;false&lt;/Documentable&gt;&lt;Mitigations&gt;&lt;/Mitigations&gt;&lt;SeverityOverrideGuidance&gt;&lt;/SeverityOverrideGuidance&gt;&lt;PotentialImpacts&gt;&lt;/PotentialImpacts&gt;&lt;ThirdPartyTools&gt;&lt;/ThirdPartyTools&gt;&lt;MitigationControl&gt;&lt;/MitigationControl&gt;&lt;Responsibility&gt;&lt;/Responsibility&gt;&lt;IAControls&gt;ECID-1, ECSC-1&lt;/IAControls&gt;</description><reference><dc:title>DPMS Target Test Enclave - Zone D</dc:title><dc:publisher>DISA</dc:publisher><dc:type>DPMS Target</dc:type><dc:subject>Test Enclave - Zone D</dc:subject><dc:identifier>1134</dc:identifier></reference><fixtext fixref="F-44451r2_fix">Install and configure a HIDS or HIPS application on development system images.</fixtext><fix id="F-44451r2_fix" /><check system="C-46713r3_chk"><check-content-ref name="M" href="DPMS_XCCDF_Benchmark_Enclave - Zone D.xml" /><check-content>Review the development images to determine whether a HIDS or HIPS application is installed and configured.   If a HIDS or HIPS application is not installed and configured on the development image, this is a finding.  

If there isn't any application development occurring in the zone environment, this requirement is not applicable.</check-content></check></Rule></Group><Group id="V-39439"><title>ENTD0090 - A firewall is not present on the development system.</title><description>&lt;GroupDescription&gt;&lt;/GroupDescription&gt;</description><Rule id="SV-51297r1_rule" severity="medium" weight="10.0"><version>ENTD0090</version><title>Development systems must have a firewall installed, configured, and enabled.</title><description>&lt;VulnDiscussion&gt;A firewall provides a line of defense against malicious attacks.   To be effective, it must be enabled and properly configured.&lt;/VulnDiscussion&gt;&lt;FalsePositives&gt;&lt;/FalsePositives&gt;&lt;FalseNegatives&gt;&lt;/FalseNegatives&gt;&lt;Documentable&gt;false&lt;/Documentable&gt;&lt;Mitigations&gt;&lt;/Mitigations&gt;&lt;SeverityOverrideGuidance&gt;&lt;/SeverityOverrideGuidance&gt;&lt;PotentialImpacts&gt;&lt;/PotentialImpacts&gt;&lt;ThirdPartyTools&gt;&lt;/ThirdPartyTools&gt;&lt;MitigationControl&gt;&lt;/MitigationControl&gt;&lt;Responsibility&gt;&lt;/Responsibility&gt;&lt;IAControls&gt;ECSC-1&lt;/IAControls&gt;</description><reference><dc:title>DPMS Target Test Enclave - Zone D</dc:title><dc:publisher>DISA</dc:publisher><dc:type>DPMS Target</dc:type><dc:subject>Test Enclave - Zone D</dc:subject><dc:identifier>1134</dc:identifier></reference><fixtext fixref="F-44452r2_fix">Install, configure, and enable either the OS or a third party firewall on the development system.</fixtext><fix id="F-44452r2_fix" /><check system="C-46714r3_chk"><check-content-ref name="M" href="DPMS_XCCDF_Benchmark_Enclave - Zone D.xml" /><check-content>Review the development images to determine whether the OS or a third party firewall has been installed, configured, and enabled.  If a firewall is not installed, configured, and enabled, this is a finding.  

If there isn't any application development occurring in the zone environment, this requirement is not applicable.</check-content></check></Rule></Group><Group id="V-39440"><title>ENTD0100 - A patch management solution is not implemented for development systems and all systems not up to date.</title><description>&lt;GroupDescription&gt;&lt;/GroupDescription&gt;</description><Rule id="SV-51298r1_rule" severity="high" weight="10.0"><version>ENTD0100</version><title>Development systems must be part of a patch management solution and all systems must be up to date.</title><description>&lt;VulnDiscussion&gt;Major software vendors release security patches and hotfixes to their products when security vulnerabilities are discovered.  It is essential that these updates be applied in a timely manner to prevent unauthorized individuals from exploiting identified vulnerabilities.&lt;/VulnDiscussion&gt;&lt;FalsePositives&gt;&lt;/FalsePositives&gt;&lt;FalseNegatives&gt;&lt;/FalseNegatives&gt;&lt;Documentable&gt;false&lt;/Documentable&gt;&lt;Mitigations&gt;&lt;/Mitigations&gt;&lt;SeverityOverrideGuidance&gt;&lt;/SeverityOverrideGuidance&gt;&lt;PotentialImpacts&gt;&lt;/PotentialImpacts&gt;&lt;ThirdPartyTools&gt;&lt;/ThirdPartyTools&gt;&lt;MitigationControl&gt;&lt;/MitigationControl&gt;&lt;Responsibility&gt;&lt;/Responsibility&gt;&lt;IAControls&gt;ECSC-1, VIVM-1&lt;/IAControls&gt;</description><reference><dc:title>DPMS Target Test Enclave - Zone D</dc:title><dc:publisher>DISA</dc:publisher><dc:type>DPMS Target</dc:type><dc:subject>Test Enclave - Zone D</dc:subject><dc:identifier>1134</dc:identifier></reference><fixtext fixref="F-44453r2_fix">Implement a patch management solution to keep development systems up to date with the latest security patches released by the vendor.</fixtext><fix id="F-44453r2_fix" /><check system="C-46715r3_chk"><check-content-ref name="M" href="DPMS_XCCDF_Benchmark_Enclave - Zone D.xml" /><check-content>Determine whether the organization has a patch management solution in place to apply security patches released by the vendor, and that all systems are up to date.  If a patch management solution has not been implemented and is not functioning to update development systems with the latest patches, or all systems are not up to date, this is a finding.

</check-content></check></Rule></Group><Group id="V-39441"><title>ENTD0110 - A change management policy is not implemented.</title><description>&lt;GroupDescription&gt;&lt;/GroupDescription&gt;</description><Rule id="SV-51299r1_rule" severity="medium" weight="10.0"><version>ENTD0110</version><title>A change management policy must be implemented for application development.</title><description>&lt;VulnDiscussion&gt;Change management is the formal review process that ensures that all changes made to a system or application receives formal review and approval.  Change management reduces impacts from proposed changes that could possibly have interruptions to the services provided.  Recording all changes for applications will be accomplished by a configuration management policy.  The configuration management policy will capture the actual changes to software code and anything else affected by the change.&lt;/VulnDiscussion&gt;&lt;FalsePositives&gt;&lt;/FalsePositives&gt;&lt;FalseNegatives&gt;&lt;/FalseNegatives&gt;&lt;Documentable&gt;false&lt;/Documentable&gt;&lt;Mitigations&gt;&lt;/Mitigations&gt;&lt;SeverityOverrideGuidance&gt;&lt;/SeverityOverrideGuidance&gt;&lt;PotentialImpacts&gt;&lt;/PotentialImpacts&gt;&lt;ThirdPartyTools&gt;&lt;/ThirdPartyTools&gt;&lt;MitigationControl&gt;&lt;/MitigationControl&gt;&lt;Responsibility&gt;&lt;/Responsibility&gt;&lt;IAControls&gt;DCII-1, DCPR-1&lt;/IAControls&gt;</description><reference><dc:title>DPMS Target Test Enclave - Zone D</dc:title><dc:publisher>DISA</dc:publisher><dc:type>DPMS Target</dc:type><dc:subject>Test Enclave - Zone D</dc:subject><dc:identifier>1134</dc:identifier></reference><fixtext fixref="F-44454r2_fix">Create a change management policy for the organization for application and system development.</fixtext><fix id="F-44454r2_fix" /><check system="C-46716r3_chk"><check-content-ref name="M" href="DPMS_XCCDF_Benchmark_Enclave - Zone D.xml" /><check-content>Interview the ISSM/ISSO to determine whether a current Change Control Management policy has been implemented in the organization.  If a change management policy has not been created and implemented for the organization, this is a finding.

If there isn't any application development occurring in the zone environment, this requirement is not applicable.</check-content></check></Rule></Group><Group id="V-39611"><title>ENTD0120 - Applications moving to operational networks not approved.</title><description>&lt;GroupDescription&gt;&lt;/GroupDescription&gt;</description><Rule id="SV-51469r1_rule" severity="medium" weight="10.0"><version>ENTD0120</version><title>The organization must document and gain approval from the Change Control Authority prior to migrating data to DoD operational networks.</title><description>&lt;VulnDiscussion&gt;Without the approval of the Change Control Authority, data moved from the test and development network into an operational network could pose a risk of containing malicious code or cause other unintended consequences to live operational data.  Data moving into operational networks from final stage preparation must always be vetted and approved.&lt;/VulnDiscussion&gt;&lt;FalsePositives&gt;&lt;/FalsePositives&gt;&lt;FalseNegatives&gt;&lt;/FalseNegatives&gt;&lt;Documentable&gt;false&lt;/Documentable&gt;&lt;Mitigations&gt;&lt;/Mitigations&gt;&lt;SeverityOverrideGuidance&gt;&lt;/SeverityOverrideGuidance&gt;&lt;PotentialImpacts&gt;&lt;/PotentialImpacts&gt;&lt;ThirdPartyTools&gt;&lt;/ThirdPartyTools&gt;&lt;MitigationControl&gt;&lt;/MitigationControl&gt;&lt;Responsibility&gt;&lt;/Responsibility&gt;&lt;IAControls&gt;ECSC-1, ECSD-1, ECSD-2&lt;/IAControls&gt;</description><reference><dc:title>DPMS Target Test Enclave - Zone D</dc:title><dc:publisher>DISA</dc:publisher><dc:type>DPMS Target</dc:type><dc:subject>Test Enclave - Zone D</dc:subject><dc:identifier>1134</dc:identifier></reference><fixtext fixref="F-44627r2_fix">Create a policy to document all finalized projects to gain approval by the Change Control Authority prior to deploying finalized projects to a DoD operational network.</fixtext><fix id="F-44627r2_fix" /><check system="C-46796r3_chk"><check-content-ref name="M" href="DPMS_XCCDF_Benchmark_Enclave - Zone D.xml" /><check-content>Review the change control documentation for the environment to determine whether the organization has prior approval to move data from the test and development environment to the operational network after final testing.  If the organization does not keep a change control log or the log exists but is not current, this is a finding.

If there isn't any application development occurring in the zone environment, this requirement is not applicable.</check-content></check></Rule></Group><Group id="V-39614"><title>ENTD0130 - Code review not completed prior to application deployment.</title><description>&lt;GroupDescription&gt;&lt;/GroupDescription&gt;</description><Rule id="SV-51472r1_rule" severity="medium" weight="10.0"><version>ENTD0130</version><title>Application code must go through a code review prior to deployment into DoD operational networks.</title><description>&lt;VulnDiscussion&gt;Prior to release of the application receiving an IATO for deployment into a DoD operational network, the application will have a thorough code review.  Along with the proper testing, the code review will specify flaws causing security, compatibility, or reliability concerns that may compromise the operational network.&lt;/VulnDiscussion&gt;&lt;FalsePositives&gt;&lt;/FalsePositives&gt;&lt;FalseNegatives&gt;&lt;/FalseNegatives&gt;&lt;Documentable&gt;false&lt;/Documentable&gt;&lt;Mitigations&gt;&lt;/Mitigations&gt;&lt;SeverityOverrideGuidance&gt;&lt;/SeverityOverrideGuidance&gt;&lt;PotentialImpacts&gt;&lt;/PotentialImpacts&gt;&lt;ThirdPartyTools&gt;&lt;/ThirdPartyTools&gt;&lt;MitigationControl&gt;&lt;/MitigationControl&gt;&lt;Responsibility&gt;&lt;/Responsibility&gt;&lt;IAControls&gt;DCSQ-1, ECSC-1, ECSD-1, ECSD-2&lt;/IAControls&gt;</description><reference><dc:title>DPMS Target Test Enclave - Zone D</dc:title><dc:publisher>DISA</dc:publisher><dc:type>DPMS Target</dc:type><dc:subject>Test Enclave - Zone D</dc:subject><dc:identifier>1134</dc:identifier></reference><fixtext fixref="F-44666r1_fix">Implement a code review policy for applications before deployment into DoD operational networks.</fixtext><fix id="F-44666r1_fix" /><check system="C-46813r2_chk"><check-content-ref name="M" href="DPMS_XCCDF_Benchmark_Enclave - Zone D.xml" /><check-content>Determine whether there is a policy in place for code review prior to applications being deployed into a DoD operational network.  If a code review policy has not been established, this is a finding.

If there isn't any application development occurring in the zone environment, this requirement is not applicable.</check-content></check></Rule></Group><Group id="V-39619"><title>ENTD0140 - Source code not restricted to authorized individuals.</title><description>&lt;GroupDescription&gt;&lt;/GroupDescription&gt;</description><Rule id="SV-51477r1_rule" severity="medium" weight="10.0"><version>ENTD0140</version><title>Access to source code during application development must be restricted to authorized users.</title><description>&lt;VulnDiscussion&gt;Restricting access to source code and the application to authorized users will limit the risk of source code theft or other potential compromise.&lt;/VulnDiscussion&gt;&lt;FalsePositives&gt;&lt;/FalsePositives&gt;&lt;FalseNegatives&gt;&lt;/FalseNegatives&gt;&lt;Documentable&gt;false&lt;/Documentable&gt;&lt;Mitigations&gt;&lt;/Mitigations&gt;&lt;SeverityOverrideGuidance&gt;&lt;/SeverityOverrideGuidance&gt;&lt;PotentialImpacts&gt;&lt;/PotentialImpacts&gt;&lt;ThirdPartyTools&gt;&lt;/ThirdPartyTools&gt;&lt;MitigationControl&gt;&lt;/MitigationControl&gt;&lt;Responsibility&gt;&lt;/Responsibility&gt;&lt;IAControls&gt;ECAN-1, ECCD-1, ECLP-1&lt;/IAControls&gt;</description><reference><dc:title>DPMS Target Test Enclave - Zone D</dc:title><dc:publisher>DISA</dc:publisher><dc:type>DPMS Target</dc:type><dc:subject>Test Enclave - Zone D</dc:subject><dc:identifier>1134</dc:identifier></reference><fixtext fixref="F-44630r2_fix">Document all authorized users with access to the development environment and access to source code.   If the documentation exists but is not current, bring the documentation up to date.</fixtext><fix id="F-44630r2_fix" /><check system="C-46797r3_chk"><check-content-ref name="M" href="DPMS_XCCDF_Benchmark_Enclave - Zone D.xml" /><check-content>Review the organization's site security plan and documentation to determine whether there is a list of current authorized users.  If a current list of authorized users is missing from the site security plan for the test and development environment, this is a finding.

If there isn't any application development occurring in the zone environment, this requirement is not applicable.</check-content></check></Rule></Group><Group id="V-39621"><title>ENTD0150 - Operational data is not sanitized prior to testing.</title><description>&lt;GroupDescription&gt;&lt;/GroupDescription&gt;</description><Rule id="SV-51479r2_rule" severity="medium" weight="10.0"><version>ENTD0150</version><title>The organization must sanitize data transferred to test and development environments from DoD operational networks for testing to remove personal and sensitive information exempt from the Freedom of Information Act.</title><description>&lt;VulnDiscussion&gt;If DoD production data is transferred to a test and development environment and personal or sensitive information has not been sanitized from the data, personal or sensitive information could be exposed or compromised.&lt;/VulnDiscussion&gt;&lt;FalsePositives&gt;&lt;/FalsePositives&gt;&lt;FalseNegatives&gt;&lt;/FalseNegatives&gt;&lt;Documentable&gt;false&lt;/Documentable&gt;&lt;Mitigations&gt;&lt;/Mitigations&gt;&lt;SeverityOverrideGuidance&gt;&lt;/SeverityOverrideGuidance&gt;&lt;PotentialImpacts&gt;&lt;/PotentialImpacts&gt;&lt;ThirdPartyTools&gt;&lt;/ThirdPartyTools&gt;&lt;MitigationControl&gt;&lt;/MitigationControl&gt;&lt;Responsibility&gt;&lt;/Responsibility&gt;&lt;IAControls&gt;&lt;/IAControls&gt;</description><reference><dc:title>DPMS Target Test Enclave - Zone D</dc:title><dc:publisher>DISA</dc:publisher><dc:type>DPMS Target</dc:type><dc:subject>Test Enclave - Zone D</dc:subject><dc:identifier>1134</dc:identifier></reference><fixtext fixref="F-44637r2_fix">Create organizational policies and procedures to prohibit the use of any live operational DoD data or Privacy Act information in the test and development environment.</fixtext><fix id="F-44637r2_fix" /><check system="C-46799r3_chk"><check-content-ref name="M" href="DPMS_XCCDF_Benchmark_Enclave - Zone D.xml" /><check-content>Determine the data type on systems within the test and development environment.  Interview the ISSM or ISSO regarding the connection approval process for housing DoD live operational data or Privacy Act information on any test or development system.  If the test and development environment is using live DoD data or Privacy Act information, this is a finding.</check-content></check></Rule></Group><Group id="V-39659"><title>ENTD0200 - Zone D test and development environment not physically separate.</title><description>&lt;GroupDescription&gt;&lt;/GroupDescription&gt;</description><Rule id="SV-51526r2_rule" severity="high" weight="10.0"><version>ENTD0200</version><title>The Zone D test and development environment must be physically separate and isolated from any DoD operational network.</title><description>&lt;VulnDiscussion&gt;Systems found in the Zone D test and development environment are typically non-IA-compliant test systems that include hardware, software, or development systems.  These systems typically do not follow the appropriate best security practices.  Therefore, if they are connected to any operational network, it is possible to infect live data or degrade infrastructure in an operational network.&lt;/VulnDiscussion&gt;&lt;FalsePositives&gt;&lt;/FalsePositives&gt;&lt;FalseNegatives&gt;&lt;/FalseNegatives&gt;&lt;Documentable&gt;false&lt;/Documentable&gt;&lt;Mitigations&gt;&lt;/Mitigations&gt;&lt;SeverityOverrideGuidance&gt;&lt;/SeverityOverrideGuidance&gt;&lt;PotentialImpacts&gt;&lt;/PotentialImpacts&gt;&lt;ThirdPartyTools&gt;&lt;/ThirdPartyTools&gt;&lt;MitigationControl&gt;&lt;/MitigationControl&gt;&lt;Responsibility&gt;&lt;/Responsibility&gt;&lt;IAControls&gt;&lt;/IAControls&gt;</description><reference><dc:title>DPMS Target Test Enclave - Zone D</dc:title><dc:publisher>DISA</dc:publisher><dc:type>DPMS Target</dc:type><dc:subject>Test Enclave - Zone D</dc:subject><dc:identifier>1134</dc:identifier></reference><fixtext fixref="F-44667r3_fix">Physically separate and isolate the Zone D test and development environment from any DoD operational network.</fixtext><fix id="F-44667r3_fix" /><check system="C-46814r3_chk"><check-content-ref name="M" href="DPMS_XCCDF_Benchmark_Enclave - Zone D.xml" /><check-content>Review the organization's network diagrams for the Zone D test and development environment and work with the network reviewer to determine whether the environment is physically separate and isolated from any DoD operational network.  If physical separation or isolation is not shown for the Zone D test and development environment on the network diagrams, this is a finding.</check-content></check></Rule></Group><Group id="V-39660"><title>ENTD0210 - Test and development environment has access to DoD operational networks.</title><description>&lt;GroupDescription&gt;&lt;/GroupDescription&gt;</description><Rule id="SV-51527r1_rule" severity="medium" weight="10.0"><version>ENTD0210</version><title>The test and development environment must not have access to DoD operational networks.</title><description>&lt;VulnDiscussion&gt;Systems or devices used for test data that do not meet minimum IA standards for accreditation are a risk to a DoD operational network if allowed to communicate between environments.  Data that has not been fully tested and finalized for use in an operational network may cause unintended consequences, such as data loss or corruption.  Unvetted data allowed into a DoD operational network from non-IA-compliant machines may also contain malicious code that could be used to steal or damage live data.&lt;/VulnDiscussion&gt;&lt;FalsePositives&gt;&lt;/FalsePositives&gt;&lt;FalseNegatives&gt;&lt;/FalseNegatives&gt;&lt;Documentable&gt;false&lt;/Documentable&gt;&lt;Mitigations&gt;&lt;/Mitigations&gt;&lt;SeverityOverrideGuidance&gt;&lt;/SeverityOverrideGuidance&gt;&lt;PotentialImpacts&gt;&lt;/PotentialImpacts&gt;&lt;ThirdPartyTools&gt;&lt;/ThirdPartyTools&gt;&lt;MitigationControl&gt;&lt;/MitigationControl&gt;&lt;Responsibility&gt;&lt;/Responsibility&gt;&lt;IAControls&gt;ECSC-1&lt;/IAControls&gt;</description><reference><dc:title>DPMS Target Test Enclave - Zone D</dc:title><dc:publisher>DISA</dc:publisher><dc:type>DPMS Target</dc:type><dc:subject>Test Enclave - Zone D</dc:subject><dc:identifier>1134</dc:identifier></reference><fixtext fixref="F-44668r1_fix">Prohibit non-IA-compliant systems or devices in the test and development environment from accessing any DoD operational network or live data.</fixtext><fix id="F-44668r1_fix" /><check system="C-46815r1_chk"><check-content-ref name="M" href="DPMS_XCCDF_Benchmark_Enclave - Zone D.xml" /><check-content>Determine whether there are procedures in place to prohibit non-IA-compliant systems or devices from accessing any DoD operational network.  If no procedure is in place to prohibit connection to any DoD operational network by non-IA-compliant systems, this is a finding.</check-content></check></Rule></Group><Group id="V-39669"><title>ENTD0300 - Remote access VPN policies do not disable split tunneling.</title><description>&lt;GroupDescription&gt;&lt;/GroupDescription&gt;</description><Rule id="SV-51536r1_rule" severity="medium" weight="10.0"><version>ENTD0300</version><title>Remote access VPNs must prohibit the use of split tunneling on VPN connections.</title><description>&lt;VulnDiscussion&gt;The VPN software on a host can be configured in either of two modes. It can be set to encrypt all IP traffic originating from that host, and send all of that traffic to the remote IP address of the network gateway. This configuration is called “tunnel-all” mode, because all IP traffic from the host must traverse the VPN tunnel to the remote system, where it will either be processed or further forwarded to additional IP addresses after decryption. Alternately, the VPN software can be set only to encrypt traffic that is specifically addressed to an IP at the other end of the VPN tunnel. All other IP traffic bypasses the VPN encryption and routing process, and is handled by the host as if the VPN relationship did not exist. This configuration is called “split-tunnel” mode, because the IP traffic from the host is split between encrypted packets sent across the VPN tunnel and unencrypted packets sent to all other external addresses. There are security and operational implications in the decision of whether to use split-tunnel or tunnel-all mode. Placing a host in tunnel-all mode makes it appear to the rest of the world as a node on the connected logical (VPN-connected) network. It no longer has an identity to the outside world based on the local physical network. In tunnel-all mode, all traffic between the remote host and any other host can be subject to inspection and processing by the security policy devices of the remote VPN-linked network. This improves the security aspects of the connected network, since it can enforce all security policies on the VPN-connected computer.&lt;/VulnDiscussion&gt;&lt;FalsePositives&gt;&lt;/FalsePositives&gt;&lt;FalseNegatives&gt;&lt;/FalseNegatives&gt;&lt;Documentable&gt;false&lt;/Documentable&gt;&lt;Mitigations&gt;&lt;/Mitigations&gt;&lt;SeverityOverrideGuidance&gt;&lt;/SeverityOverrideGuidance&gt;&lt;PotentialImpacts&gt;&lt;/PotentialImpacts&gt;&lt;ThirdPartyTools&gt;&lt;/ThirdPartyTools&gt;&lt;MitigationControl&gt;&lt;/MitigationControl&gt;&lt;Responsibility&gt;&lt;/Responsibility&gt;&lt;IAControls&gt;ECSC-1&lt;/IAControls&gt;</description><reference><dc:title>DPMS Target Test Enclave - Zone D</dc:title><dc:publisher>DISA</dc:publisher><dc:type>DPMS Target</dc:type><dc:subject>Test Enclave - Zone D</dc:subject><dc:identifier>1134</dc:identifier></reference><fixtext fixref="F-44677r1_fix">Configure VPNs to prohibit split tunneling when connecting to the test and development environment.</fixtext><fix id="F-44677r1_fix" /><check system="C-46824r1_chk"><check-content-ref name="M" href="DPMS_XCCDF_Benchmark_Enclave - Zone D.xml" /><check-content>Determine whether split tunneling is prohibited for remote access VPNs connecting to the test and development environment.  If the VPN policy allows split tunneling, this is a finding.</check-content></check></Rule></Group><Group id="V-39670"><title>ENTD0310 - Remote access originates from DoD operational networks.</title><description>&lt;GroupDescription&gt;&lt;/GroupDescription&gt;</description><Rule id="SV-51537r1_rule" severity="medium" weight="10.0"><version>ENTD0310</version><title>Remote access into the test and development environment must originate from a non-DoD operational network segment.</title><description>&lt;VulnDiscussion&gt;If remote access is needed to access the test and development environment, it must be originated from a non-DoD operational network segment.  Examples of this are a virtual machine located on government-furnished equipment used for operational tasks, or a separate physical machine sitting in a separate network segment or VLAN.  Keeping direct access off the DoD operational network will reduce the risk of test and development data being leaked, potentially damaging or compromising live data.&lt;/VulnDiscussion&gt;&lt;FalsePositives&gt;&lt;/FalsePositives&gt;&lt;FalseNegatives&gt;&lt;/FalseNegatives&gt;&lt;Documentable&gt;false&lt;/Documentable&gt;&lt;Mitigations&gt;&lt;/Mitigations&gt;&lt;SeverityOverrideGuidance&gt;&lt;/SeverityOverrideGuidance&gt;&lt;PotentialImpacts&gt;&lt;/PotentialImpacts&gt;&lt;ThirdPartyTools&gt;&lt;/ThirdPartyTools&gt;&lt;MitigationControl&gt;&lt;/MitigationControl&gt;&lt;Responsibility&gt;&lt;/Responsibility&gt;&lt;IAControls&gt;ECSC-1&lt;/IAControls&gt;</description><reference><dc:title>DPMS Target Test Enclave - Zone D</dc:title><dc:publisher>DISA</dc:publisher><dc:type>DPMS Target</dc:type><dc:subject>Test Enclave - Zone D</dc:subject><dc:identifier>1134</dc:identifier></reference><fixtext fixref="F-44678r1_fix">Prohibit remote access from DoD operational networks.</fixtext><fix id="F-44678r1_fix" /><check system="C-46825r1_chk"><check-content-ref name="M" href="DPMS_XCCDF_Benchmark_Enclave - Zone D.xml" /><check-content>Determine whether remote access to the test and development environment from any DoD operational network segment has been prohibited.  If no procedures exist to prohibit remote access to the test and development environment from any DoD operational network, this is a finding.</check-content></check></Rule></Group><Group id="V-39672"><title>ENTD0330 - Operational along with test and developments VMs share same host.</title><description>&lt;GroupDescription&gt;&lt;/GroupDescription&gt;</description><Rule id="SV-51539r1_rule" severity="medium" weight="10.0"><version>ENTD0330</version><title>Virtual machines used for application development and testing must not share the same physical host with DoD operational virtual machines.</title><description>&lt;VulnDiscussion&gt;Attacks on virtual machines from other VMs through denial of service and other attacks potentially stealing sensitive data such as source code used in application development.  It is imperative to keep DoD operational virtual machines on physically separate platforms from test and development virtual machines.&lt;/VulnDiscussion&gt;&lt;FalsePositives&gt;&lt;/FalsePositives&gt;&lt;FalseNegatives&gt;&lt;/FalseNegatives&gt;&lt;Documentable&gt;false&lt;/Documentable&gt;&lt;Mitigations&gt;&lt;/Mitigations&gt;&lt;SeverityOverrideGuidance&gt;&lt;/SeverityOverrideGuidance&gt;&lt;PotentialImpacts&gt;&lt;/PotentialImpacts&gt;&lt;ThirdPartyTools&gt;&lt;/ThirdPartyTools&gt;&lt;MitigationControl&gt;&lt;/MitigationControl&gt;&lt;Responsibility&gt;&lt;/Responsibility&gt;&lt;IAControls&gt;ECSC-1&lt;/IAControls&gt;</description><reference><dc:title>DPMS Target Test Enclave - Zone D</dc:title><dc:publisher>DISA</dc:publisher><dc:type>DPMS Target</dc:type><dc:subject>Test Enclave - Zone D</dc:subject><dc:identifier>1134</dc:identifier></reference><fixtext fixref="F-44680r2_fix">Engineer a solution to use separate physical hosts for DoD operational and T&amp;D virtual machines.</fixtext><fix id="F-44680r2_fix" /><check system="C-46827r1_chk"><check-content-ref name="M" href="DPMS_XCCDF_Benchmark_Enclave - Zone D.xml" /><check-content>Review the system plan to determine whether physical hosts are sharing DoD operational and test and development virtual machines.</check-content></check></Rule></Group><Group id="V-39674"><title>ENTD0350 - A current ISP GIG waiver does not exist.</title><description>&lt;GroupDescription&gt;&lt;/GroupDescription&gt;</description><Rule id="SV-51541r1_rule" severity="low" weight="10.0"><version>ENTD0350</version><title>The organization must have a current ISP GIG Waiver for any ISP connections to the test and development environment.</title><description>&lt;VulnDiscussion&gt;The test and development environment is typically a closed and physically separated network with no external connectivity to the DISN or Internet.  In some instances, Internet connectivity is needed for this environment due to the flexibility it provides for nonoperational systems.  In this case, an ISP GIG Waiver is required, along with approval from the organization's Authorizing Official.&lt;/VulnDiscussion&gt;&lt;FalsePositives&gt;&lt;/FalsePositives&gt;&lt;FalseNegatives&gt;&lt;/FalseNegatives&gt;&lt;Documentable&gt;false&lt;/Documentable&gt;&lt;Mitigations&gt;&lt;/Mitigations&gt;&lt;SeverityOverrideGuidance&gt;&lt;/SeverityOverrideGuidance&gt;&lt;PotentialImpacts&gt;&lt;/PotentialImpacts&gt;&lt;ThirdPartyTools&gt;&lt;/ThirdPartyTools&gt;&lt;MitigationControl&gt;&lt;/MitigationControl&gt;&lt;Responsibility&gt;&lt;/Responsibility&gt;&lt;IAControls&gt;&lt;/IAControls&gt;</description><reference><dc:title>DPMS Target Test Enclave - Zone D</dc:title><dc:publisher>DISA</dc:publisher><dc:type>DPMS Target</dc:type><dc:subject>Test Enclave - Zone D</dc:subject><dc:identifier>1134</dc:identifier></reference><fixtext fixref="F-44682r1_fix">Obtain an ISP GIG Waiver for any Internet connection into the test and development environment.</fixtext><fix id="F-44682r1_fix" /><check system="C-46829r1_chk"><check-content-ref name="M" href="DPMS_XCCDF_Benchmark_Enclave - Zone D.xml" /><check-content>Verify the organization has an ISP GIG Waiver for any Internet connection.  The documentation should be up to date and included with the accreditation package.  If no ISP GIG Waiver has been obtained or is not up to date, this is a finding.</check-content></check></Rule></Group><Group id="V-41494"><title>ENTD0360 - Test and development data not securely downloaded.</title><description>&lt;GroupDescription&gt;&lt;/GroupDescription&gt;</description><Rule id="SV-54070r1_rule" severity="medium" weight="10.0"><version>ENTD0360</version><title>Data used for testing and development must be downloaded through a secure connection to an IA-compliant system for vulnerability scanning prior to deployment in the test and development environment.</title><description>&lt;VulnDiscussion&gt;It is mandatory that data from an untrusted network or website that is to be used in a testing and development environment be downloaded through a secure perimeter.  Bringing data directly from an untrusted network or downloaded from a personal computer or home Internet connection must be prohibited.  Scanning data is crucial to ensure the integrity of the information prior to deployment for T&amp;D processes.  While not an all-inclusive list, data in this situation includes OS patches, application updates, operating systems, development tools, and test data.  In the T&amp;D environment, there will typically be one or more IA-compliant systems accessing a secure Internet connection. If a secure Internet connection is not available, such as in Zone D, a connection in another zone can be used and the data moved by approved physical media into the zone.  Scanning the data with an anti-virus program will reduce the risk of exploits and of having vulnerable systems in the T&amp;D environment taken over.  Downloading data from a single workstation for all zone environments is acceptable.  Organizations with NIPRNet connections must download all data through their NIPR connection for scanning at the IAPs.  Contractors or other DoD organizations without any direct NIPRNet connectivity will need to use a secure Internet connection following all applicable DoD IA policy and STIG requirements.  &lt;/VulnDiscussion&gt;&lt;FalsePositives&gt;&lt;/FalsePositives&gt;&lt;FalseNegatives&gt;&lt;/FalseNegatives&gt;&lt;Documentable&gt;false&lt;/Documentable&gt;&lt;Mitigations&gt;&lt;/Mitigations&gt;&lt;SeverityOverrideGuidance&gt;&lt;/SeverityOverrideGuidance&gt;&lt;PotentialImpacts&gt;&lt;/PotentialImpacts&gt;&lt;ThirdPartyTools&gt;&lt;/ThirdPartyTools&gt;&lt;MitigationControl&gt;&lt;/MitigationControl&gt;&lt;Responsibility&gt;&lt;/Responsibility&gt;&lt;IAControls&gt;&lt;/IAControls&gt;</description><reference><dc:title>DPMS Target Test Enclave - Zone D</dc:title><dc:publisher>DISA</dc:publisher><dc:type>DPMS Target</dc:type><dc:subject>Test Enclave - Zone D</dc:subject><dc:identifier>1134</dc:identifier></reference><fixtext fixref="F-46950r4_fix">1. Deploy an IA-compliant system to download data.

2. Configure the IA-compliant system to download data through a secure, IA-compliant connection.
A. If your organization has a NIPRNet or connection; data must be downloaded through the DoD IAP.
  
B. If your organization does not have a NIPRNet or connection, data must be downloaded through a secure, IA-compliant connection.</fixtext><fix id="F-46950r4_fix" /><check system="C-48011r6_chk"><check-content-ref name="M" href="DPMS_XCCDF_Benchmark_Enclave - Zone D.xml" /><check-content>1. Verify an IA-compliant system has been deployed to scan downloaded data prior to deployment into the T&amp;D environment.  Also, review the zone diagrams to ensure the workstation is documented appropriately.

2. Determine if the organization has a NIPRNet connection.
A. If the organization has a NIPRNet connection; data must be downloaded through the DoD IAP.

B. If the organization does not have a NIPRNet connection, data must be downloaded through a secure, IA-compliant connection.

If the organization does not download and scan the downloaded data to a dedicated IA-system and secure IA-compliant connection, this is a finding.</check-content></check></Rule></Group><Group id="V-43317"><title>ENTD0370 - Policy and procedures document not created for proper data handling.</title><description>&lt;GroupDescription&gt;&lt;/GroupDescription&gt;</description><Rule id="SV-56070r1_rule" severity="medium" weight="10.0"><version>ENTD0370</version><title>The organization must create a policy and procedures document for proper handling and transport of data entering (physically or electronically) the test and development environment.</title><description>&lt;VulnDiscussion&gt;Without policies and procedures in place, the organization will not have the authority to hold personnel accountable for improperly handling or transporting data into the test and development environment. The documents need to include guidance for both physical and electronic data migration.&lt;/VulnDiscussion&gt;&lt;FalsePositives&gt;&lt;/FalsePositives&gt;&lt;FalseNegatives&gt;&lt;/FalseNegatives&gt;&lt;Documentable&gt;false&lt;/Documentable&gt;&lt;Mitigations&gt;&lt;/Mitigations&gt;&lt;SeverityOverrideGuidance&gt;&lt;/SeverityOverrideGuidance&gt;&lt;PotentialImpacts&gt;&lt;/PotentialImpacts&gt;&lt;ThirdPartyTools&gt;&lt;/ThirdPartyTools&gt;&lt;MitigationControl&gt;&lt;/MitigationControl&gt;&lt;Responsibility&gt;&lt;/Responsibility&gt;&lt;IAControls&gt;&lt;/IAControls&gt;</description><reference><dc:title>DPMS Target Test Enclave - Zone D</dc:title><dc:publisher>DISA</dc:publisher><dc:type>DPMS Target</dc:type><dc:subject>Test Enclave - Zone D</dc:subject><dc:identifier>1134</dc:identifier></reference><fixtext fixref="F-48944r1_fix">Create a policy for, and document the procedure of, proper handling of data transported into the test and development environment.  This document must include information for physical and electronic handling and migration of data.</fixtext><fix id="F-48944r1_fix" /><check system="C-49290r2_chk"><check-content-ref name="M" href="DPMS_XCCDF_Benchmark_Enclave - Zone D.xml" /><check-content>Review the organization's policies and procedures document to ensure proper handling of data being transported into the test and development environment.  This document must include information for physical and electronic migration of data.

If the organization does not have a policy and procedures document created or available for review, this is a finding.</check-content></check></Rule></Group></Benchmark>