<?xml version="1.0" encoding="utf-8"?><?xml-stylesheet type='text/xsl' href='STIG_unclass.xsl'?><Benchmark xmlns:dc="http://purl.org/dc/elements/1.1/" xmlns:xsi="http://www.w3.org/2001/XMLSchema-instance" xmlns:cpe="http://cpe.mitre.org/language/2.0" xmlns:xhtml="http://www.w3.org/1999/xhtml" xmlns:dsig="http://www.w3.org/2000/09/xmldsig#" xsi:schemaLocation="http://checklists.nist.gov/xccdf/1.1 http://nvd.nist.gov/schema/xccdf-1.1.4.xsd http://cpe.mitre.org/dictionary/2.0 http://cpe.mitre.org/files/cpe-dictionary_2.1.xsd" id="VMW_vSphere_6-7_Virgo-Client_STIG" xml:lang="en" xmlns="http://checklists.nist.gov/xccdf/1.1"><status date="2023-06-20">accepted</status><title>VMware vSphere 6.7 Virgo-Client Security Technical Implementation Guide</title><description>This Security Technical Implementation Guide is published as a tool to improve the security of Department of Defense (DOD) information systems. The requirements are derived from the National Institute of Standards and Technology (NIST) 800-53 and related documents. Comments or proposed revisions to this document should be sent via email to the following address: disa.stig_spt@mail.mil.</description><notice id="terms-of-use" xml:lang="en"></notice><front-matter xml:lang="en"></front-matter><rear-matter xml:lang="en"></rear-matter><reference href="https://cyber.mil"><dc:publisher>DISA</dc:publisher><dc:source>STIG.DOD.MIL</dc:source></reference><plain-text id="release-info">Release: 2 Benchmark Date: 26 Jul 2023</plain-text><plain-text id="generator">3.4.0.34222</plain-text><plain-text id="conventionsVersion">1.10.0</plain-text><version>1</version><Profile id="MAC-1_Classified"><title>I - Mission Critical Classified</title><description>&lt;ProfileDescription&gt;&lt;/ProfileDescription&gt;</description><select idref="V-239743" selected="true" /><select idref="V-239744" selected="true" /><select idref="V-239745" selected="true" /><select idref="V-239746" selected="true" /><select idref="V-239747" selected="true" /><select idref="V-239748" selected="true" /><select idref="V-239749" selected="true" /><select idref="V-239750" selected="true" /><select idref="V-239751" selected="true" /><select idref="V-239752" selected="true" /><select idref="V-239753" selected="true" /><select idref="V-239754" selected="true" /><select idref="V-239755" selected="true" /><select idref="V-239756" selected="true" /><select idref="V-239757" selected="true" /><select idref="V-239758" selected="true" /><select idref="V-239759" selected="true" /><select idref="V-239760" selected="true" /><select idref="V-239761" selected="true" /><select idref="V-239762" selected="true" /><select idref="V-239763" selected="true" /><select idref="V-239764" selected="true" /><select idref="V-239765" selected="true" /><select idref="V-239766" selected="true" /><select idref="V-239767" selected="true" /><select idref="V-239768" selected="true" /><select idref="V-239769" selected="true" /><select idref="V-239770" selected="true" /><select idref="V-239771" selected="true" /><select idref="V-257288" selected="true" /></Profile><Profile id="MAC-1_Public"><title>I - Mission Critical Public</title><description>&lt;ProfileDescription&gt;&lt;/ProfileDescription&gt;</description><select idref="V-239743" selected="true" /><select idref="V-239744" selected="true" /><select idref="V-239745" selected="true" /><select idref="V-239746" selected="true" /><select idref="V-239747" selected="true" /><select idref="V-239748" selected="true" /><select idref="V-239749" selected="true" /><select idref="V-239750" selected="true" /><select idref="V-239751" selected="true" /><select idref="V-239752" selected="true" /><select idref="V-239753" selected="true" /><select idref="V-239754" selected="true" /><select idref="V-239755" selected="true" /><select idref="V-239756" selected="true" /><select idref="V-239757" selected="true" /><select idref="V-239758" selected="true" /><select idref="V-239759" selected="true" /><select idref="V-239760" selected="true" /><select idref="V-239761" selected="true" /><select idref="V-239762" selected="true" /><select idref="V-239763" selected="true" /><select idref="V-239764" selected="true" /><select idref="V-239765" selected="true" /><select idref="V-239766" selected="true" /><select idref="V-239767" selected="true" /><select idref="V-239768" selected="true" /><select idref="V-239769" selected="true" /><select idref="V-239770" selected="true" /><select idref="V-239771" selected="true" /><select idref="V-257288" selected="true" /></Profile><Profile id="MAC-1_Sensitive"><title>I - Mission Critical Sensitive</title><description>&lt;ProfileDescription&gt;&lt;/ProfileDescription&gt;</description><select idref="V-239743" selected="true" /><select idref="V-239744" selected="true" /><select idref="V-239745" selected="true" /><select idref="V-239746" selected="true" /><select idref="V-239747" selected="true" /><select idref="V-239748" selected="true" /><select idref="V-239749" selected="true" /><select idref="V-239750" selected="true" /><select idref="V-239751" selected="true" /><select idref="V-239752" selected="true" /><select idref="V-239753" selected="true" /><select idref="V-239754" selected="true" /><select idref="V-239755" selected="true" /><select idref="V-239756" selected="true" /><select idref="V-239757" selected="true" /><select idref="V-239758" selected="true" /><select idref="V-239759" selected="true" /><select idref="V-239760" selected="true" /><select idref="V-239761" selected="true" /><select idref="V-239762" selected="true" /><select idref="V-239763" selected="true" /><select idref="V-239764" selected="true" /><select idref="V-239765" selected="true" /><select idref="V-239766" selected="true" /><select idref="V-239767" selected="true" /><select idref="V-239768" selected="true" /><select idref="V-239769" selected="true" /><select idref="V-239770" selected="true" /><select idref="V-239771" selected="true" /><select idref="V-257288" selected="true" /></Profile><Profile id="MAC-2_Classified"><title>II - Mission Support Classified</title><description>&lt;ProfileDescription&gt;&lt;/ProfileDescription&gt;</description><select idref="V-239743" selected="true" /><select idref="V-239744" selected="true" /><select idref="V-239745" selected="true" /><select idref="V-239746" selected="true" /><select idref="V-239747" selected="true" /><select idref="V-239748" selected="true" /><select idref="V-239749" selected="true" /><select idref="V-239750" selected="true" /><select idref="V-239751" selected="true" /><select idref="V-239752" selected="true" /><select idref="V-239753" selected="true" /><select idref="V-239754" selected="true" /><select idref="V-239755" selected="true" /><select idref="V-239756" selected="true" /><select idref="V-239757" selected="true" /><select idref="V-239758" selected="true" /><select idref="V-239759" selected="true" /><select idref="V-239760" selected="true" /><select idref="V-239761" selected="true" /><select idref="V-239762" selected="true" /><select idref="V-239763" selected="true" /><select idref="V-239764" selected="true" /><select idref="V-239765" selected="true" /><select idref="V-239766" selected="true" /><select idref="V-239767" selected="true" /><select idref="V-239768" selected="true" /><select idref="V-239769" selected="true" /><select idref="V-239770" selected="true" /><select idref="V-239771" selected="true" /><select idref="V-257288" selected="true" /></Profile><Profile id="MAC-2_Public"><title>II - Mission Support Public</title><description>&lt;ProfileDescription&gt;&lt;/ProfileDescription&gt;</description><select idref="V-239743" selected="true" /><select idref="V-239744" selected="true" /><select idref="V-239745" selected="true" /><select idref="V-239746" selected="true" /><select idref="V-239747" selected="true" /><select idref="V-239748" selected="true" /><select idref="V-239749" selected="true" /><select idref="V-239750" selected="true" /><select idref="V-239751" selected="true" /><select idref="V-239752" selected="true" /><select idref="V-239753" selected="true" /><select idref="V-239754" selected="true" /><select idref="V-239755" selected="true" /><select idref="V-239756" selected="true" /><select idref="V-239757" selected="true" /><select idref="V-239758" selected="true" /><select idref="V-239759" selected="true" /><select idref="V-239760" selected="true" /><select idref="V-239761" selected="true" /><select idref="V-239762" selected="true" /><select idref="V-239763" selected="true" /><select idref="V-239764" selected="true" /><select idref="V-239765" selected="true" /><select idref="V-239766" selected="true" /><select idref="V-239767" selected="true" /><select idref="V-239768" selected="true" /><select idref="V-239769" selected="true" /><select idref="V-239770" selected="true" /><select idref="V-239771" selected="true" /><select idref="V-257288" selected="true" /></Profile><Profile id="MAC-2_Sensitive"><title>II - Mission Support Sensitive</title><description>&lt;ProfileDescription&gt;&lt;/ProfileDescription&gt;</description><select idref="V-239743" selected="true" /><select idref="V-239744" selected="true" /><select idref="V-239745" selected="true" /><select idref="V-239746" selected="true" /><select idref="V-239747" selected="true" /><select idref="V-239748" selected="true" /><select idref="V-239749" selected="true" /><select idref="V-239750" selected="true" /><select idref="V-239751" selected="true" /><select idref="V-239752" selected="true" /><select idref="V-239753" selected="true" /><select idref="V-239754" selected="true" /><select idref="V-239755" selected="true" /><select idref="V-239756" selected="true" /><select idref="V-239757" selected="true" /><select idref="V-239758" selected="true" /><select idref="V-239759" selected="true" /><select idref="V-239760" selected="true" /><select idref="V-239761" selected="true" /><select idref="V-239762" selected="true" /><select idref="V-239763" selected="true" /><select idref="V-239764" selected="true" /><select idref="V-239765" selected="true" /><select idref="V-239766" selected="true" /><select idref="V-239767" selected="true" /><select idref="V-239768" selected="true" /><select idref="V-239769" selected="true" /><select idref="V-239770" selected="true" /><select idref="V-239771" selected="true" /><select idref="V-257288" selected="true" /></Profile><Profile id="MAC-3_Classified"><title>III - Administrative Classified</title><description>&lt;ProfileDescription&gt;&lt;/ProfileDescription&gt;</description><select idref="V-239743" selected="true" /><select idref="V-239744" selected="true" /><select idref="V-239745" selected="true" /><select idref="V-239746" selected="true" /><select idref="V-239747" selected="true" /><select idref="V-239748" selected="true" /><select idref="V-239749" selected="true" /><select idref="V-239750" selected="true" /><select idref="V-239751" selected="true" /><select idref="V-239752" selected="true" /><select idref="V-239753" selected="true" /><select idref="V-239754" selected="true" /><select idref="V-239755" selected="true" /><select idref="V-239756" selected="true" /><select idref="V-239757" selected="true" /><select idref="V-239758" selected="true" /><select idref="V-239759" selected="true" /><select idref="V-239760" selected="true" /><select idref="V-239761" selected="true" /><select idref="V-239762" selected="true" /><select idref="V-239763" selected="true" /><select idref="V-239764" selected="true" /><select idref="V-239765" selected="true" /><select idref="V-239766" selected="true" /><select idref="V-239767" selected="true" /><select idref="V-239768" selected="true" /><select idref="V-239769" selected="true" /><select idref="V-239770" selected="true" /><select idref="V-239771" selected="true" /><select idref="V-257288" selected="true" /></Profile><Profile id="MAC-3_Public"><title>III - Administrative Public</title><description>&lt;ProfileDescription&gt;&lt;/ProfileDescription&gt;</description><select idref="V-239743" selected="true" /><select idref="V-239744" selected="true" /><select idref="V-239745" selected="true" /><select idref="V-239746" selected="true" /><select idref="V-239747" selected="true" /><select idref="V-239748" selected="true" /><select idref="V-239749" selected="true" /><select idref="V-239750" selected="true" /><select idref="V-239751" selected="true" /><select idref="V-239752" selected="true" /><select idref="V-239753" selected="true" /><select idref="V-239754" selected="true" /><select idref="V-239755" selected="true" /><select idref="V-239756" selected="true" /><select idref="V-239757" selected="true" /><select idref="V-239758" selected="true" /><select idref="V-239759" selected="true" /><select idref="V-239760" selected="true" /><select idref="V-239761" selected="true" /><select idref="V-239762" selected="true" /><select idref="V-239763" selected="true" /><select idref="V-239764" selected="true" /><select idref="V-239765" selected="true" /><select idref="V-239766" selected="true" /><select idref="V-239767" selected="true" /><select idref="V-239768" selected="true" /><select idref="V-239769" selected="true" /><select idref="V-239770" selected="true" /><select idref="V-239771" selected="true" /><select idref="V-257288" selected="true" /></Profile><Profile id="MAC-3_Sensitive"><title>III - Administrative Sensitive</title><description>&lt;ProfileDescription&gt;&lt;/ProfileDescription&gt;</description><select idref="V-239743" selected="true" /><select idref="V-239744" selected="true" /><select idref="V-239745" selected="true" /><select idref="V-239746" selected="true" /><select idref="V-239747" selected="true" /><select idref="V-239748" selected="true" /><select idref="V-239749" selected="true" /><select idref="V-239750" selected="true" /><select idref="V-239751" selected="true" /><select idref="V-239752" selected="true" /><select idref="V-239753" selected="true" /><select idref="V-239754" selected="true" /><select idref="V-239755" selected="true" /><select idref="V-239756" selected="true" /><select idref="V-239757" selected="true" /><select idref="V-239758" selected="true" /><select idref="V-239759" selected="true" /><select idref="V-239760" selected="true" /><select idref="V-239761" selected="true" /><select idref="V-239762" selected="true" /><select idref="V-239763" selected="true" /><select idref="V-239764" selected="true" /><select idref="V-239765" selected="true" /><select idref="V-239766" selected="true" /><select idref="V-239767" selected="true" /><select idref="V-239768" selected="true" /><select idref="V-239769" selected="true" /><select idref="V-239770" selected="true" /><select idref="V-239771" selected="true" /><select idref="V-257288" selected="true" /></Profile><Group id="V-239743"><title>SRG-APP-000001-WSR-000001</title><description>&lt;GroupDescription&gt;&lt;/GroupDescription&gt;</description><Rule id="SV-239743r879511_rule" weight="10.0" severity="medium"><version>VCFL-67-000001</version><title>vSphere Client must limit the amount of time that each TCP connection is kept alive.</title><description>&lt;VulnDiscussion&gt;Denial of service (DoS) is one threat against web servers. Many DoS attacks attempt to consume web server resources in such a way that no more resources are available to satisfy legitimate requests. 

In Virgo, the "connectionTimeout" attribute sets the number of milliseconds the server will wait after accepting a connection for the request URI line to be presented. This timeout will also be used when reading the request body (if any). This prevents idle sockets that are not sending HTTP requests from consuming system resources and potentially denying new connections.

Satisfies: SRG-APP-000001-WSR-000001, SRG-APP-000435-WSR-000148&lt;/VulnDiscussion&gt;&lt;FalsePositives&gt;&lt;/FalsePositives&gt;&lt;FalseNegatives&gt;&lt;/FalseNegatives&gt;&lt;Documentable&gt;false&lt;/Documentable&gt;&lt;Mitigations&gt;&lt;/Mitigations&gt;&lt;SeverityOverrideGuidance&gt;&lt;/SeverityOverrideGuidance&gt;&lt;PotentialImpacts&gt;&lt;/PotentialImpacts&gt;&lt;ThirdPartyTools&gt;&lt;/ThirdPartyTools&gt;&lt;MitigationControl&gt;&lt;/MitigationControl&gt;&lt;Responsibility&gt;&lt;/Responsibility&gt;&lt;IAControls&gt;&lt;/IAControls&gt;</description><reference><dc:title>DPMS Target VMware vSphere 6.7 Virgo-Client</dc:title><dc:publisher>DISA</dc:publisher><dc:type>DPMS Target</dc:type><dc:subject>VMware vSphere 6.7 Virgo-Client</dc:subject><dc:identifier>5336</dc:identifier></reference><ident system="http://cyber.mil/cci">CCI-000054</ident><ident system="http://cyber.mil/cci">CCI-002385</ident><fixtext fixref="F-42935r679455_fix">Navigate to and open /usr/lib/vmware-vsphere-client/server/configuration/tomcat-server.xml.

Configure each &lt;Connector&gt; node with the following:

connectionTimeout="20000"</fixtext><fix id="F-42935r679455_fix" /><check system="C-42976r679454_chk"><check-content-ref href="VMware_vSphere_6.7_Virgo-Client_STIG.xml" name="M" /><check-content>At the command prompt, execute the following command:

# xmllint --format --xpath '/Server/Service/Connector[@port="9090"]/@connectionTimeout' /usr/lib/vmware-vsphere-client/server/configuration/tomcat-server.xml

Expected result:

connectionTimeout="20000"

If the output does not match the expected result, this is a finding.</check-content></check></Rule></Group><Group id="V-239744"><title>SRG-APP-000001-WSR-000001</title><description>&lt;GroupDescription&gt;&lt;/GroupDescription&gt;</description><Rule id="SV-239744r879511_rule" weight="10.0" severity="medium"><version>VCFL-67-000002</version><title>vSphere Client must limit the number of concurrent connections permitted.</title><description>&lt;VulnDiscussion&gt;Resource exhaustion can occur when an unlimited number of concurrent requests are allowed on a website, facilitating a denial-of-service attack. Unless the number of requests is controlled, the web server can consume enough system resources to cause a system crash.

Mitigating this kind of attack will include limiting the number of concurrent HTTP/HTTPS requests. In Virgo, each incoming request requires a thread for the duration of that request. If more simultaneous requests are received than can be handled by the currently available request processing threads, additional threads will be created up to the value of the "maxThreads" attribute.&lt;/VulnDiscussion&gt;&lt;FalsePositives&gt;&lt;/FalsePositives&gt;&lt;FalseNegatives&gt;&lt;/FalseNegatives&gt;&lt;Documentable&gt;false&lt;/Documentable&gt;&lt;Mitigations&gt;&lt;/Mitigations&gt;&lt;SeverityOverrideGuidance&gt;&lt;/SeverityOverrideGuidance&gt;&lt;PotentialImpacts&gt;&lt;/PotentialImpacts&gt;&lt;ThirdPartyTools&gt;&lt;/ThirdPartyTools&gt;&lt;MitigationControl&gt;&lt;/MitigationControl&gt;&lt;Responsibility&gt;&lt;/Responsibility&gt;&lt;IAControls&gt;&lt;/IAControls&gt;</description><reference><dc:title>DPMS Target VMware vSphere 6.7 Virgo-Client</dc:title><dc:publisher>DISA</dc:publisher><dc:type>DPMS Target</dc:type><dc:subject>VMware vSphere 6.7 Virgo-Client</dc:subject><dc:identifier>5336</dc:identifier></reference><ident system="http://cyber.mil/cci">CCI-000054</ident><fixtext fixref="F-42936r679458_fix">Navigate to and open /usr/lib/vmware-vsphere-client/server/configuration/tomcat-server.xml.

Configure each &lt;Connector&gt; node with the following:

maxThreads="800"</fixtext><fix id="F-42936r679458_fix" /><check system="C-42977r679457_chk"><check-content-ref href="VMware_vSphere_6.7_Virgo-Client_STIG.xml" name="M" /><check-content>At the command prompt, execute the following command:

# xmllint --format --xpath '/Server/Service/Connector/@maxThreads' /usr/lib/vmware-vsphere-client/server/configuration/tomcat-server.xml

Expected result:

maxThreads="800" maxThreads="800"

If the output does not match the expected result, this is a finding.</check-content></check></Rule></Group><Group id="V-239745"><title>SRG-APP-000001-WSR-000001</title><description>&lt;GroupDescription&gt;&lt;/GroupDescription&gt;</description><Rule id="SV-239745r879511_rule" weight="10.0" severity="medium"><version>VCFL-67-000003</version><title>vSphere Client must limit the maximum size of a POST request.</title><description>&lt;VulnDiscussion&gt;The "maxPostSize" value is the maximum size in bytes of the POST that will be handled by the container FORM URL parameter parsing. Limit its size to reduce exposure to a denial-of-service attack. 

If "maxPostSize" is not set, the default value of 2097152 (2MB) is used. Security Token Service is configured in its shipping state to not set a value for "maxPostSize".&lt;/VulnDiscussion&gt;&lt;FalsePositives&gt;&lt;/FalsePositives&gt;&lt;FalseNegatives&gt;&lt;/FalseNegatives&gt;&lt;Documentable&gt;false&lt;/Documentable&gt;&lt;Mitigations&gt;&lt;/Mitigations&gt;&lt;SeverityOverrideGuidance&gt;&lt;/SeverityOverrideGuidance&gt;&lt;PotentialImpacts&gt;&lt;/PotentialImpacts&gt;&lt;ThirdPartyTools&gt;&lt;/ThirdPartyTools&gt;&lt;MitigationControl&gt;&lt;/MitigationControl&gt;&lt;Responsibility&gt;&lt;/Responsibility&gt;&lt;IAControls&gt;&lt;/IAControls&gt;</description><reference><dc:title>DPMS Target VMware vSphere 6.7 Virgo-Client</dc:title><dc:publisher>DISA</dc:publisher><dc:type>DPMS Target</dc:type><dc:subject>VMware vSphere 6.7 Virgo-Client</dc:subject><dc:identifier>5336</dc:identifier></reference><ident system="http://cyber.mil/cci">CCI-000054</ident><fixtext fixref="F-42937r679461_fix">Navigate to and open /usr/lib/vmware-vsphere-client/server/configuration/tomcat-server.xml.

Navigate to each of the &lt;Connector&gt; nodes.

Remove any configuration for "maxPostSize".</fixtext><fix id="F-42937r679461_fix" /><check system="C-42978r679460_chk"><check-content-ref href="VMware_vSphere_6.7_Virgo-Client_STIG.xml" name="M" /><check-content>At the command prompt, execute the following command:

# xmllint --format --xpath '/Server/Service/Connector/@maxPostSize' /usr/lib/vmware-vsphere-client/server/configuration/tomcat-server.xml

Expected result:

XPath set is empty

If the output does not match the expected result, this is a finding.</check-content></check></Rule></Group><Group id="V-239746"><title>SRG-APP-000001-WSR-000002</title><description>&lt;GroupDescription&gt;&lt;/GroupDescription&gt;</description><Rule id="SV-239746r879511_rule" weight="10.0" severity="medium"><version>VCFL-67-000004</version><title>vSphere Client must protect cookies from XSS.</title><description>&lt;VulnDiscussion&gt;Cookies are a common way to save session state over the HTTP(S) protocol. If an attacker can compromise session data stored in a cookie, they are better able to launch an attack against the server and its applications. 

When a cookie is tagged with the "HttpOnly" flag, it tells the browser that this particular cookie should only be accessed by the originating server. Any attempt to access the cookie from client script is strictly forbidden.

Satisfies: SRG-APP-000001-WSR-000002, SRG-APP-000223-WSR-000011, SRG-APP-000439-WSR-000154&lt;/VulnDiscussion&gt;&lt;FalsePositives&gt;&lt;/FalsePositives&gt;&lt;FalseNegatives&gt;&lt;/FalseNegatives&gt;&lt;Documentable&gt;false&lt;/Documentable&gt;&lt;Mitigations&gt;&lt;/Mitigations&gt;&lt;SeverityOverrideGuidance&gt;&lt;/SeverityOverrideGuidance&gt;&lt;PotentialImpacts&gt;&lt;/PotentialImpacts&gt;&lt;ThirdPartyTools&gt;&lt;/ThirdPartyTools&gt;&lt;MitigationControl&gt;&lt;/MitigationControl&gt;&lt;Responsibility&gt;&lt;/Responsibility&gt;&lt;IAControls&gt;&lt;/IAControls&gt;</description><reference><dc:title>DPMS Target VMware vSphere 6.7 Virgo-Client</dc:title><dc:publisher>DISA</dc:publisher><dc:type>DPMS Target</dc:type><dc:subject>VMware vSphere 6.7 Virgo-Client</dc:subject><dc:identifier>5336</dc:identifier></reference><ident system="http://cyber.mil/cci">CCI-000054</ident><ident system="http://cyber.mil/cci">CCI-001664</ident><ident system="http://cyber.mil/cci">CCI-002418</ident><fixtext fixref="F-42938r679464_fix">Navigate to and open /usr/lib/vmware-vsphere-client/server/configuration/context.xml.

Configure the &lt;Context&gt; node as follows:

&lt;Context useHttpOnly="true"&gt;</fixtext><fix id="F-42938r679464_fix" /><check system="C-42979r679463_chk"><check-content-ref href="VMware_vSphere_6.7_Virgo-Client_STIG.xml" name="M" /><check-content>At the command prompt, execute the following command:

# xmllint --xpath '/Context/@useHttpOnly' /usr/lib/vmware-vsphere-client/server/configuration/context.xml

Expected result:

useHttpOnly="true"

If the output does not match the expected result, this is a finding.</check-content></check></Rule></Group><Group id="V-239747"><title>SRG-APP-000014-WSR-000006</title><description>&lt;GroupDescription&gt;&lt;/GroupDescription&gt;</description><Rule id="SV-239747r879519_rule" weight="10.0" severity="high"><version>VCFL-67-000005</version><title>vSphere Client must be configured with FIPS 140-2 compliant ciphers for HTTPS connections.</title><description>&lt;VulnDiscussion&gt;Encryption of data in flight is an essential element of protecting information confidentiality. If a web server uses weak or outdated encryption algorithms, the server's communications can potentially be compromised.

The US Federal Information Processing Standards (FIPS) publication 140-2, Security Requirements for Cryptographic Modules (FIPS 140-2), approved ciphers provide the maximum level of encryption possible for a private web server.

The Tomcat connector listening on 9443 comes preconfigured with appropriate FIPS ciphers by default, but this must be verified.

Satisfies: SRG-APP-000014-WSR-000006, SRG-APP-000179-WSR-000110, SRG-APP-000439-WSR-000188&lt;/VulnDiscussion&gt;&lt;FalsePositives&gt;&lt;/FalsePositives&gt;&lt;FalseNegatives&gt;&lt;/FalseNegatives&gt;&lt;Documentable&gt;false&lt;/Documentable&gt;&lt;Mitigations&gt;&lt;/Mitigations&gt;&lt;SeverityOverrideGuidance&gt;&lt;/SeverityOverrideGuidance&gt;&lt;PotentialImpacts&gt;&lt;/PotentialImpacts&gt;&lt;ThirdPartyTools&gt;&lt;/ThirdPartyTools&gt;&lt;MitigationControl&gt;&lt;/MitigationControl&gt;&lt;Responsibility&gt;&lt;/Responsibility&gt;&lt;IAControls&gt;&lt;/IAControls&gt;</description><reference><dc:title>DPMS Target VMware vSphere 6.7 Virgo-Client</dc:title><dc:publisher>DISA</dc:publisher><dc:type>DPMS Target</dc:type><dc:subject>VMware vSphere 6.7 Virgo-Client</dc:subject><dc:identifier>5336</dc:identifier></reference><ident system="http://cyber.mil/cci">CCI-000068</ident><ident system="http://cyber.mil/cci">CCI-002418</ident><fixtext fixref="F-42939r679467_fix">Navigate to and open /usr/lib/vmware-vsphere-client/server/configuration/tomcat-server.xml.

Ensure that the SSLHostConfig contains the following value:

ciphers="TLS_ECDH_RSA_WITH_AES_256_GCM_SHA384,TLS_ECDH_ECDSA_WITH_AES_256_GCM_SHA384,TLS_ECDHE_RSA_WITH_AES_256_GCM_SHA384,TLS_ECDHE_ECDSA_WITH_AES_256_GCM_SHA384,TLS_RSA_WITH_AES_256_GCM_SHA384,TLS_ECDH_RSA_WITH_AES_128_GCM_SHA256,TLS_ECDH_ECDSA_WITH_AES_128_GCM_SHA256,TLS_ECDHE_RSA_WITH_AES_128_GCM_SHA256,TLS_ECDHE_ECDSA_WITH_AES_128_GCM_SHA256,TLS_RSA_WITH_AES_128_GCM_SHA256,TLS_ECDH_RSA_WITH_AES_256_CBC_SHA384,TLS_ECDH_ECDSA_WITH_AES_256_CBC_SHA384,TLS_ECDHE_RSA_WITH_AES_256_CBC_SHA384,TLS_ECDHE_ECDSA_WITH_AES_256_CBC_SHA384,TLS_RSA_WITH_AES_256_CBC_SHA256,TLS_ECDH_RSA_WITH_AES_256_CBC_SHA,TLS_ECDH_ECDSA_WITH_AES_256_CBC_SHA,TLS_ECDHE_RSA_WITH_AES_256_CBC_SHA,TLS_ECDHE_ECDSA_WITH_AES_256_CBC_SHA,TLS_RSA_WITH_AES_256_CBC_SHA,TLS_ECDH_RSA_WITH_AES_128_CBC_SHA256,TLS_ECDH_ECDSA_WITH_AES_128_CBC_SHA256,TLS_ECDHE_RSA_WITH_AES_128_CBC_SHA256,TLS_ECDHE_ECDSA_WITH_AES_128_CBC_SHA256,TLS_RSA_WITH_AES_128_CBC_SHA256,TLS_ECDH_RSA_WITH_AES_128_CBC_SHA,TLS_ECDH_ECDSA_WITH_AES_128_CBC_SHA,TLS_ECDHE_RSA_WITH_AES_128_CBC_SHA,TLS_ECDHE_ECDSA_WITH_AES_128_CBC_SHA,TLS_RSA_WITH_AES_128_CBC_SHA"</fixtext><fix id="F-42939r679467_fix" /><check system="C-42980r679466_chk"><check-content-ref href="VMware_vSphere_6.7_Virgo-Client_STIG.xml" name="M" /><check-content>At the command prompt, execute the following command:

# xmllint --format --xpath '/Server/Service/Connector[@port=9443]/SSLHostConfig/@ciphers' /usr/lib/vmware-vsphere-client/server/configuration/tomcat-server.xml

Expected result:

ciphers="TLS_ECDH_RSA_WITH_AES_256_GCM_SHA384,TLS_ECDH_ECDSA_WITH_AES_256_GCM_SHA384,TLS_ECDHE_RSA_WITH_AES_256_GCM_SHA384,TLS_ECDHE_ECDSA_WITH_AES_256_GCM_SHA384,TLS_RSA_WITH_AES_256_GCM_SHA384,TLS_ECDH_RSA_WITH_AES_128_GCM_SHA256,TLS_ECDH_ECDSA_WITH_AES_128_GCM_SHA256,TLS_ECDHE_RSA_WITH_AES_128_GCM_SHA256,TLS_ECDHE_ECDSA_WITH_AES_128_GCM_SHA256,TLS_RSA_WITH_AES_128_GCM_SHA256,TLS_ECDH_RSA_WITH_AES_256_CBC_SHA384,TLS_ECDH_ECDSA_WITH_AES_256_CBC_SHA384,TLS_ECDHE_RSA_WITH_AES_256_CBC_SHA384,TLS_ECDHE_ECDSA_WITH_AES_256_CBC_SHA384,TLS_RSA_WITH_AES_256_CBC_SHA256,TLS_ECDH_RSA_WITH_AES_256_CBC_SHA,TLS_ECDH_ECDSA_WITH_AES_256_CBC_SHA,TLS_ECDHE_RSA_WITH_AES_256_CBC_SHA,TLS_ECDHE_ECDSA_WITH_AES_256_CBC_SHA,TLS_RSA_WITH_AES_256_CBC_SHA,TLS_ECDH_RSA_WITH_AES_128_CBC_SHA256,TLS_ECDH_ECDSA_WITH_AES_128_CBC_SHA256,TLS_ECDHE_RSA_WITH_AES_128_CBC_SHA256,TLS_ECDHE_ECDSA_WITH_AES_128_CBC_SHA256,TLS_RSA_WITH_AES_128_CBC_SHA256,TLS_ECDH_RSA_WITH_AES_128_CBC_SHA,TLS_ECDH_ECDSA_WITH_AES_128_CBC_SHA,TLS_ECDHE_RSA_WITH_AES_128_CBC_SHA,TLS_ECDHE_ECDSA_WITH_AES_128_CBC_SHA,TLS_RSA_WITH_AES_128_CBC_SHA"

If the output does not match the expected result, this is a finding.</check-content></check></Rule></Group><Group id="V-239748"><title>SRG-APP-000015-WSR-000014</title><description>&lt;GroupDescription&gt;&lt;/GroupDescription&gt;</description><Rule id="SV-239748r879520_rule" weight="10.0" severity="high"><version>VCFL-67-000006</version><title>vSphere Client must be configured to enable SSL/TLS.</title><description>&lt;VulnDiscussion&gt;Data exchanged between the user and the web server can range from static display data to credentials used to log into the hosted application. Even when data appears to be static, the non-displayed logic in a web page may expose business logic or trusted system relationships. The integrity of all the data being exchanged between the user and web server must always be trusted. To protect the integrity and trust, encryption methods should be used to protect the complete communication session.

HTTP connections in Virgo are managed through the Connector object. The vSphere Client endpoint has two connectors. One is behind a reverse proxy, which terminates TLS, and the other is serving SSL/TLS natively on 9443. The first will be addressed in a separate STIG, while this control addresses ensuring SSL/TLS is enabled on the 9443 connector.

Satisfies: SRG-APP-000015-WSR-000014, SRG-APP-000172-WSR-000104, SRG-APP-000315-WSR-000004, SRG-APP-000439-WSR-000151, SRG-APP-000439-WSR-000152, SRG-APP-000439-WSR-000156, SRG-APP-000442-WSR-000182&lt;/VulnDiscussion&gt;&lt;FalsePositives&gt;&lt;/FalsePositives&gt;&lt;FalseNegatives&gt;&lt;/FalseNegatives&gt;&lt;Documentable&gt;false&lt;/Documentable&gt;&lt;Mitigations&gt;&lt;/Mitigations&gt;&lt;SeverityOverrideGuidance&gt;&lt;/SeverityOverrideGuidance&gt;&lt;PotentialImpacts&gt;&lt;/PotentialImpacts&gt;&lt;ThirdPartyTools&gt;&lt;/ThirdPartyTools&gt;&lt;MitigationControl&gt;&lt;/MitigationControl&gt;&lt;Responsibility&gt;&lt;/Responsibility&gt;&lt;IAControls&gt;&lt;/IAControls&gt;</description><reference><dc:title>DPMS Target VMware vSphere 6.7 Virgo-Client</dc:title><dc:publisher>DISA</dc:publisher><dc:type>DPMS Target</dc:type><dc:subject>VMware vSphere 6.7 Virgo-Client</dc:subject><dc:identifier>5336</dc:identifier></reference><ident system="http://cyber.mil/cci">CCI-000197</ident><ident system="http://cyber.mil/cci">CCI-000803</ident><ident system="http://cyber.mil/cci">CCI-001453</ident><ident system="http://cyber.mil/cci">CCI-002314</ident><ident system="http://cyber.mil/cci">CCI-002418</ident><ident system="http://cyber.mil/cci">CCI-002422</ident><fixtext fixref="F-42940r679470_fix">Navigate to and open /usr/lib/vmware-vsphere-client/server/configuration/tomcat-server.xml.

Ensure that the &lt;Connector&gt; node with 'port=9443' contains the following value:

SSLEnabled="true"</fixtext><fix id="F-42940r679470_fix" /><check system="C-42981r679469_chk"><check-content-ref href="VMware_vSphere_6.7_Virgo-Client_STIG.xml" name="M" /><check-content>At the command prompt, execute the following command:

# xmllint --format --xpath '/Server/Service/Connector[@port=9443]/@SSLEnabled' /usr/lib/vmware-vsphere-client/server/configuration/tomcat-server.xml

Expected result:

SSLEnabled="true"

If the output does not match the expected result, this is a finding.</check-content></check></Rule></Group><Group id="V-239749"><title>SRG-APP-000015-WSR-000014</title><description>&lt;GroupDescription&gt;&lt;/GroupDescription&gt;</description><Rule id="SV-239749r879520_rule" weight="10.0" severity="high"><version>VCFL-67-000007</version><title>vSphere Client must be configured to only communicate over TLS 1.2.</title><description>&lt;VulnDiscussion&gt;Data exchanged between the user and the web server can range from static display data to credentials used to log in to the hosted application. Even when data appears to be static, the non-displayed logic in a web page may expose business logic or trusted system relationships. The integrity of all the data being exchanged between the user and web server must always be trusted. To protect the integrity and trust, encryption methods should be used to protect the complete communication session.

HTTP connections in Virgo are managed through the Connector object. The vSphere Client endpoint has two connectors. One is behind a reverse proxy that terminates TLS and the other is serving TLS natively on 9443. The first will be addressed in a separate STIG, while this control addresses ensuring TLS is enabled on the 9443 connector.&lt;/VulnDiscussion&gt;&lt;FalsePositives&gt;&lt;/FalsePositives&gt;&lt;FalseNegatives&gt;&lt;/FalseNegatives&gt;&lt;Documentable&gt;false&lt;/Documentable&gt;&lt;Mitigations&gt;&lt;/Mitigations&gt;&lt;SeverityOverrideGuidance&gt;&lt;/SeverityOverrideGuidance&gt;&lt;PotentialImpacts&gt;&lt;/PotentialImpacts&gt;&lt;ThirdPartyTools&gt;&lt;/ThirdPartyTools&gt;&lt;MitigationControl&gt;&lt;/MitigationControl&gt;&lt;Responsibility&gt;&lt;/Responsibility&gt;&lt;IAControls&gt;&lt;/IAControls&gt;</description><reference><dc:title>DPMS Target VMware vSphere 6.7 Virgo-Client</dc:title><dc:publisher>DISA</dc:publisher><dc:type>DPMS Target</dc:type><dc:subject>VMware vSphere 6.7 Virgo-Client</dc:subject><dc:identifier>5336</dc:identifier></reference><ident system="http://cyber.mil/cci">CCI-001453</ident><fixtext fixref="F-42941r679473_fix">Navigate to and open /usr/lib/vmware-vsphere-client/server/configuration/tomcat-server.xml.

Ensure that the &lt;SSLHostConfig&gt; node contains the following value:

protocols="TLSv1.2"</fixtext><fix id="F-42941r679473_fix" /><check system="C-42982r679472_chk"><check-content-ref href="VMware_vSphere_6.7_Virgo-Client_STIG.xml" name="M" /><check-content>At the command prompt, execute the following command:

# xmllint --format --xpath '/Server/Service/Connector[@port=9443]/SSLHostConfig/@protocols' /usr/lib/vmware-vsphere-client/server/configuration/tomcat-server.xml

Expected result:

protocols="TLSv1.2"

If the output does not match the expected result, this is a finding.</check-content></check></Rule></Group><Group id="V-239750"><title>SRG-APP-000015-WSR-000014</title><description>&lt;GroupDescription&gt;&lt;/GroupDescription&gt;</description><Rule id="SV-239750r879520_rule" weight="10.0" severity="medium"><version>VCFL-67-000008</version><title>vSphere Client must be configured to use the HTTPS scheme.</title><description>&lt;VulnDiscussion&gt;Data exchanged between the user and the web server can range from static display data to credentials used to log into the hosted application. Even when data appears to be static, the non-displayed logic in a web page may expose business logic or trusted system relationships. The integrity of all the data being exchanged between the user and web server must always be trusted. To protect the integrity and trust, encryption methods should be used to protect the complete communication session.

HTTP connections in Virgo are managed through the Connector object. The vSphere Client endpoint has two connectors. One is behind a reverse proxy that terminates TLS and the other is serving TLS natively on 9443. The first will be addressed in a separate STIG, while this control addresses ensuring TLS is enabled on the 9443 connector.&lt;/VulnDiscussion&gt;&lt;FalsePositives&gt;&lt;/FalsePositives&gt;&lt;FalseNegatives&gt;&lt;/FalseNegatives&gt;&lt;Documentable&gt;false&lt;/Documentable&gt;&lt;Mitigations&gt;&lt;/Mitigations&gt;&lt;SeverityOverrideGuidance&gt;&lt;/SeverityOverrideGuidance&gt;&lt;PotentialImpacts&gt;&lt;/PotentialImpacts&gt;&lt;ThirdPartyTools&gt;&lt;/ThirdPartyTools&gt;&lt;MitigationControl&gt;&lt;/MitigationControl&gt;&lt;Responsibility&gt;&lt;/Responsibility&gt;&lt;IAControls&gt;&lt;/IAControls&gt;</description><reference><dc:title>DPMS Target VMware vSphere 6.7 Virgo-Client</dc:title><dc:publisher>DISA</dc:publisher><dc:type>DPMS Target</dc:type><dc:subject>VMware vSphere 6.7 Virgo-Client</dc:subject><dc:identifier>5336</dc:identifier></reference><ident system="http://cyber.mil/cci">CCI-001453</ident><fixtext fixref="F-42942r679476_fix">Navigate to and open /usr/lib/vmware-vsphere-client/server/configuration/tomcat-server.xml.

Ensure that the &lt;Connector&gt; node with 'port=9443' contains the following value:

scheme="https"</fixtext><fix id="F-42942r679476_fix" /><check system="C-42983r679475_chk"><check-content-ref href="VMware_vSphere_6.7_Virgo-Client_STIG.xml" name="M" /><check-content>At the command prompt, execute the following command:

# xmllint --format --xpath '/Server/Service/Connector[@port=9443]/@scheme' /usr/lib/vmware-vsphere-client/server/configuration/tomcat-server.xml

Expected result:

scheme="https"

If the output does not match the expected result, this is a finding.</check-content></check></Rule></Group><Group id="V-239751"><title>SRG-APP-000016-WSR-000005</title><description>&lt;GroupDescription&gt;&lt;/GroupDescription&gt;</description><Rule id="SV-239751r879521_rule" weight="10.0" severity="medium"><version>VCFL-67-000009</version><title>vSphere Client must record user access in a format that enables monitoring of remote access.</title><description>&lt;VulnDiscussion&gt;Remote access can be exploited by an attacker to compromise the server. By recording all remote access activities, it will be possible to determine the attacker's location, intent, and degree of success.

Virgo can be configured with an "AccessLogValve", a component that can be inserted into the request processing pipeline to provide robust access logging. The AccessLogValve creates log files in the same format as those created by standard web servers. When AccessLogValve is properly configured, log files will contain all the forensic information necessary in the case of a security incident.

Satisfies: SRG-APP-000016-WSR-000005, SRG-APP-000089-WSR-000047, SRG-APP-000092-WSR-000055, SRG-APP-000095-WSR-000056, SRG-APP-000096-WSR-000057, SRG-APP-000097-WSR-000058, SRG-APP-000098-WSR-000059, SRG-APP-000098-WSR-000060, SRG-APP-000099-WSR-000061, SRG-APP-000100-WSR-000064, SRG-APP-000374-WSR-000172, SRG-APP-000375-WSR-000171&lt;/VulnDiscussion&gt;&lt;FalsePositives&gt;&lt;/FalsePositives&gt;&lt;FalseNegatives&gt;&lt;/FalseNegatives&gt;&lt;Documentable&gt;false&lt;/Documentable&gt;&lt;Mitigations&gt;&lt;/Mitigations&gt;&lt;SeverityOverrideGuidance&gt;&lt;/SeverityOverrideGuidance&gt;&lt;PotentialImpacts&gt;&lt;/PotentialImpacts&gt;&lt;ThirdPartyTools&gt;&lt;/ThirdPartyTools&gt;&lt;MitigationControl&gt;&lt;/MitigationControl&gt;&lt;Responsibility&gt;&lt;/Responsibility&gt;&lt;IAControls&gt;&lt;/IAControls&gt;</description><reference><dc:title>DPMS Target VMware vSphere 6.7 Virgo-Client</dc:title><dc:publisher>DISA</dc:publisher><dc:type>DPMS Target</dc:type><dc:subject>VMware vSphere 6.7 Virgo-Client</dc:subject><dc:identifier>5336</dc:identifier></reference><ident system="http://cyber.mil/cci">CCI-000067</ident><ident system="http://cyber.mil/cci">CCI-000130</ident><ident system="http://cyber.mil/cci">CCI-000131</ident><ident system="http://cyber.mil/cci">CCI-000132</ident><ident system="http://cyber.mil/cci">CCI-000133</ident><ident system="http://cyber.mil/cci">CCI-000134</ident><ident system="http://cyber.mil/cci">CCI-000169</ident><ident system="http://cyber.mil/cci">CCI-001462</ident><ident system="http://cyber.mil/cci">CCI-001464</ident><ident system="http://cyber.mil/cci">CCI-001487</ident><ident system="http://cyber.mil/cci">CCI-001889</ident><ident system="http://cyber.mil/cci">CCI-001890</ident><fixtext fixref="F-42943r679479_fix">Navigate to and open /usr/lib/vmware-vsphere-client/server/configuration/tomcat-server.xml.

Ensure the log pattern in the "org.apache.catalina.valves.AccessLogValve" node is set to the following:

pattern="%h %{x-forwarded-for}i %l %u %t &amp;quot;%r&amp;quot; %s %b %{#hashedSessionId#}s %I %D"</fixtext><fix id="F-42943r679479_fix" /><check system="C-42984r679478_chk"><check-content-ref href="VMware_vSphere_6.7_Virgo-Client_STIG.xml" name="M" /><check-content>At the command prompt, execute the following command:

# xmllint --format /usr/lib/vmware-vsphere-client/server/configuration/tomcat-server.xml | sed '2 s/xmlns=".*"//g' |  xmllint --xpath '/Server/Service/Engine/Host/Valve[@className="org.apache.catalina.valves.AccessLogValve"]'/@pattern -

Expected result:

pattern="%h %{x-forwarded-for}i %l %u %t &amp;quot;%r&amp;quot; %s %b %{#hashedSessionId#}s %I %D"

If the output does not match the expected result, this is a finding.</check-content></check></Rule></Group><Group id="V-239752"><title>SRG-APP-000089-WSR-000047</title><description>&lt;GroupDescription&gt;&lt;/GroupDescription&gt;</description><Rule id="SV-239752r879559_rule" weight="10.0" severity="medium"><version>VCFL-67-000010</version><title>vSphere Client must generate log records during Java startup and shutdown.</title><description>&lt;VulnDiscussion&gt;Logging must be started as soon as possible when a service starts and when a service is stopped. Many forms of suspicious actions can be detected by analyzing logs for unexpected service starts and stops. Also, by starting to log immediately after a service starts, it becomes more difficult for suspicious activity to go unlogged.

On the VCSA, the vmware-vmon service starts up the JVMs for various vCenter processes, including vSphere Client, and the individual json config files control the early jvm logging. Ensuring these json files are configured correctly enables early Java stdout and stderr logging.&lt;/VulnDiscussion&gt;&lt;FalsePositives&gt;&lt;/FalsePositives&gt;&lt;FalseNegatives&gt;&lt;/FalseNegatives&gt;&lt;Documentable&gt;false&lt;/Documentable&gt;&lt;Mitigations&gt;&lt;/Mitigations&gt;&lt;SeverityOverrideGuidance&gt;&lt;/SeverityOverrideGuidance&gt;&lt;PotentialImpacts&gt;&lt;/PotentialImpacts&gt;&lt;ThirdPartyTools&gt;&lt;/ThirdPartyTools&gt;&lt;MitigationControl&gt;&lt;/MitigationControl&gt;&lt;Responsibility&gt;&lt;/Responsibility&gt;&lt;IAControls&gt;&lt;/IAControls&gt;</description><reference><dc:title>DPMS Target VMware vSphere 6.7 Virgo-Client</dc:title><dc:publisher>DISA</dc:publisher><dc:type>DPMS Target</dc:type><dc:subject>VMware vSphere 6.7 Virgo-Client</dc:subject><dc:identifier>5336</dc:identifier></reference><ident system="http://cyber.mil/cci">CCI-000169</ident><fixtext fixref="F-42944r679482_fix">Navigate to and open /etc/vmware/vmware-vmon/svcCfgfiles/vsphere-client.json. 

Below the last line of the "PreStartCommandArg" block, add the following line:

"StreamRedirectFile": "%VMWARE_LOG_DIR%/vmware/vsphere-client/logs/vsphere-client-runtime.log",

Restart the appliance for changes to take effect.</fixtext><fix id="F-42944r679482_fix" /><check system="C-42985r679481_chk"><check-content-ref href="VMware_vSphere_6.7_Virgo-Client_STIG.xml" name="M" /><check-content>At the command prompt, execute the following command:

# grep StreamRedirectFile /etc/vmware/vmware-vmon/svcCfgfiles/vsphere-client.json

Expected result:

"StreamRedirectFile": "%VMWARE_LOG_DIR%/vmware/vsphere-client/logs/vsphere-client-runtime.log",

If there is no log file specified for the "StreamRedirectFile" setting, this is a finding.</check-content></check></Rule></Group><Group id="V-239753"><title>SRG-APP-000131-WSR-000051</title><description>&lt;GroupDescription&gt;&lt;/GroupDescription&gt;</description><Rule id="SV-239753r879584_rule" weight="10.0" severity="medium"><version>VCFL-67-000012</version><title>vSphere Client application files must be verified for their integrity.</title><description>&lt;VulnDiscussion&gt;Verifying that vSphere Client application code is unchanged from its shipping state is essential for file validation and non-repudiation of vSphere Client. There is no reason that the MD5 hash of the rpm original files should be changed after installation, excluding configuration files.&lt;/VulnDiscussion&gt;&lt;FalsePositives&gt;&lt;/FalsePositives&gt;&lt;FalseNegatives&gt;&lt;/FalseNegatives&gt;&lt;Documentable&gt;false&lt;/Documentable&gt;&lt;Mitigations&gt;&lt;/Mitigations&gt;&lt;SeverityOverrideGuidance&gt;&lt;/SeverityOverrideGuidance&gt;&lt;PotentialImpacts&gt;&lt;/PotentialImpacts&gt;&lt;ThirdPartyTools&gt;&lt;/ThirdPartyTools&gt;&lt;MitigationControl&gt;&lt;/MitigationControl&gt;&lt;Responsibility&gt;&lt;/Responsibility&gt;&lt;IAControls&gt;&lt;/IAControls&gt;</description><reference><dc:title>DPMS Target VMware vSphere 6.7 Virgo-Client</dc:title><dc:publisher>DISA</dc:publisher><dc:type>DPMS Target</dc:type><dc:subject>VMware vSphere 6.7 Virgo-Client</dc:subject><dc:identifier>5336</dc:identifier></reference><ident system="http://cyber.mil/cci">CCI-001749</ident><fixtext fixref="F-42945r679485_fix">Reinstall the VCSA or roll back to a snapshot. 

Modifying the vSphere Client installation files manually is not supported by VMware.</fixtext><fix id="F-42945r679485_fix" /><check system="C-42986r679484_chk"><check-content-ref href="VMware_vSphere_6.7_Virgo-Client_STIG.xml" name="M" /><check-content>At the command prompt, execute the following command:

# rpm -V vsphere-client|grep "^..5......"|grep -E "\.war|\.jar|\.sh|\.py"

If there is any output, this is a finding.</check-content></check></Rule></Group><Group id="V-239754"><title>SRG-APP-000141-WSR-000081</title><description>&lt;GroupDescription&gt;&lt;/GroupDescription&gt;</description><Rule id="SV-239754r879587_rule" weight="10.0" severity="medium"><version>VCFL-67-000013</version><title>vSphere Client must have Multipurpose Internet Mail Extensions (MIME) that invoke OS shell programs disabled.</title><description>&lt;VulnDiscussion&gt;MIME mappings tell vSphere Client what type of program various file types and extensions are and what external utilities or programs are needed to execute the file type. 

By ensuring that various shell script MIME types are not included in web.xml, the server is protected against malicious users tricking the server into executing shell command files.&lt;/VulnDiscussion&gt;&lt;FalsePositives&gt;&lt;/FalsePositives&gt;&lt;FalseNegatives&gt;&lt;/FalseNegatives&gt;&lt;Documentable&gt;false&lt;/Documentable&gt;&lt;Mitigations&gt;&lt;/Mitigations&gt;&lt;SeverityOverrideGuidance&gt;&lt;/SeverityOverrideGuidance&gt;&lt;PotentialImpacts&gt;&lt;/PotentialImpacts&gt;&lt;ThirdPartyTools&gt;&lt;/ThirdPartyTools&gt;&lt;MitigationControl&gt;&lt;/MitigationControl&gt;&lt;Responsibility&gt;&lt;/Responsibility&gt;&lt;IAControls&gt;&lt;/IAControls&gt;</description><reference><dc:title>DPMS Target VMware vSphere 6.7 Virgo-Client</dc:title><dc:publisher>DISA</dc:publisher><dc:type>DPMS Target</dc:type><dc:subject>VMware vSphere 6.7 Virgo-Client</dc:subject><dc:identifier>5336</dc:identifier></reference><ident system="http://cyber.mil/cci">CCI-000381</ident><fixtext fixref="F-42946r679488_fix">Open /usr/lib/vmware-vsphere-client/server/configuration/conf/web.xml in a text editor. 

Remove any and all of the following nodes lines:

&lt;mime-type&gt;application/x-csh&lt;/mime-type&gt;
&lt;mime-type&gt;application/x-shar&lt;/mime-type&gt;
&lt;mime-type&gt;application/x-sh&lt;/mime-type&gt;
&lt;mime-type&gt;application/x-ksh&lt;/mime-type&gt;</fixtext><fix id="F-42946r679488_fix" /><check system="C-42987r679487_chk"><check-content-ref href="VMware_vSphere_6.7_Virgo-Client_STIG.xml" name="M" /><check-content>At the command prompt, execute the following command:

# grep -En '(x-csh&lt;)|(x-sh&lt;)|(x-shar&lt;)|(x-ksh&lt;)' /usr/lib/vmware-vsphere-client/server/configuration/conf/web.xml

If the command produces any output, this is a finding.</check-content></check></Rule></Group><Group id="V-239755"><title>SRG-APP-000141-WSR-000083</title><description>&lt;GroupDescription&gt;&lt;/GroupDescription&gt;</description><Rule id="SV-239755r879587_rule" weight="10.0" severity="medium"><version>VCFL-67-000014</version><title>vSphere Client must have mappings set for Java servlet pages.</title><description>&lt;VulnDiscussion&gt;Resource mapping is the process of tying a particular file type to a process in the web server that can serve that type of file to a requesting client and identify which file types are not to be delivered to a client.

By not specifying which files can and cannot be served to a user, the web server could deliver to a user web server configuration files, log files, password files, etc. 

As Virgo is a Java-based web server, the main file extension used is *.jsp. This check ensures that the *.jsp and *.jspx file types has been properly mapped to servlets.&lt;/VulnDiscussion&gt;&lt;FalsePositives&gt;&lt;/FalsePositives&gt;&lt;FalseNegatives&gt;&lt;/FalseNegatives&gt;&lt;Documentable&gt;false&lt;/Documentable&gt;&lt;Mitigations&gt;&lt;/Mitigations&gt;&lt;SeverityOverrideGuidance&gt;&lt;/SeverityOverrideGuidance&gt;&lt;PotentialImpacts&gt;&lt;/PotentialImpacts&gt;&lt;ThirdPartyTools&gt;&lt;/ThirdPartyTools&gt;&lt;MitigationControl&gt;&lt;/MitigationControl&gt;&lt;Responsibility&gt;&lt;/Responsibility&gt;&lt;IAControls&gt;&lt;/IAControls&gt;</description><reference><dc:title>DPMS Target VMware vSphere 6.7 Virgo-Client</dc:title><dc:publisher>DISA</dc:publisher><dc:type>DPMS Target</dc:type><dc:subject>VMware vSphere 6.7 Virgo-Client</dc:subject><dc:identifier>5336</dc:identifier></reference><ident system="http://cyber.mil/cci">CCI-000381</ident><fixtext fixref="F-42947r679491_fix">Navigate to and open /usr/lib/vmware-vsphere-client/server/configuration/conf/web.xml.

Navigate to and locate the mapping for the JSP servlet. It is the &lt;servlet-mapping&gt; node that contains &lt;servlet-name&gt;jsp&lt;/servlet-name&gt;.

Configure the &lt;servlet-mapping&gt; node to look like the code snippet below:

    &lt;!-- The mappings for the JSP servlet --&gt;
    &lt;servlet-mapping&gt;
        &lt;servlet-name&gt;jsp&lt;/servlet-name&gt;
        &lt;url-pattern&gt;*.jsp&lt;/url-pattern&gt;
        &lt;url-pattern&gt;*.jspx&lt;/url-pattern&gt;
    &lt;/servlet-mapping&gt;</fixtext><fix id="F-42947r679491_fix" /><check system="C-42988r679490_chk"><check-content-ref href="VMware_vSphere_6.7_Virgo-Client_STIG.xml" name="M" /><check-content>At the command prompt, execute the following command: 

# xmllint --format /usr/lib/vmware-vsphere-client/server/configuration/conf/web.xml | sed 's/xmlns=".*"//g' | xmllint --xpath '/web-app/servlet-mapping/servlet-name[text()="jsp"]/parent::servlet-mapping' -

Expected result:

&lt;servlet-mapping&gt;
    &lt;servlet-name&gt;jsp&lt;/servlet-name&gt;
    &lt;url-pattern&gt;*.jsp&lt;/url-pattern&gt;
    &lt;url-pattern&gt;*.jspx&lt;/url-pattern&gt;
&lt;/servlet-mapping&gt;

If the output of the command does not match the expected result, this is a finding.</check-content></check></Rule></Group><Group id="V-239756"><title>SRG-APP-000141-WSR-000085</title><description>&lt;GroupDescription&gt;&lt;/GroupDescription&gt;</description><Rule id="SV-239756r879587_rule" weight="10.0" severity="medium"><version>VCFL-67-000015</version><title>vSphere Client must not have the Web Distributed Authoring (WebDAV) servlet installed.</title><description>&lt;VulnDiscussion&gt;WebDAV is an extension to the HTTP protocol that, when developed, was meant to allow users to create, change, and move documents on a server, typically a web server or web share. WebDAV is not widely used and has serious security concerns because it may allow clients to modify unauthorized files on the web server and must therefore be disabled.

Because the WebDAV service has been found to have an excessive number of vulnerabilities, this servlet must not be installed. vSphere Client does not configure WebDAV by default.&lt;/VulnDiscussion&gt;&lt;FalsePositives&gt;&lt;/FalsePositives&gt;&lt;FalseNegatives&gt;&lt;/FalseNegatives&gt;&lt;Documentable&gt;false&lt;/Documentable&gt;&lt;Mitigations&gt;&lt;/Mitigations&gt;&lt;SeverityOverrideGuidance&gt;&lt;/SeverityOverrideGuidance&gt;&lt;PotentialImpacts&gt;&lt;/PotentialImpacts&gt;&lt;ThirdPartyTools&gt;&lt;/ThirdPartyTools&gt;&lt;MitigationControl&gt;&lt;/MitigationControl&gt;&lt;Responsibility&gt;&lt;/Responsibility&gt;&lt;IAControls&gt;&lt;/IAControls&gt;</description><reference><dc:title>DPMS Target VMware vSphere 6.7 Virgo-Client</dc:title><dc:publisher>DISA</dc:publisher><dc:type>DPMS Target</dc:type><dc:subject>VMware vSphere 6.7 Virgo-Client</dc:subject><dc:identifier>5336</dc:identifier></reference><ident system="http://cyber.mil/cci">CCI-000381</ident><fixtext fixref="F-42948r679494_fix">Navigate to and open all listed files.

Navigate to and locate the mapping for the JSP servlet. It is the &lt;servlet-mapping&gt; node that contains &lt;servlet-name&gt;webdav&lt;/servlet-name&gt;.

Remove the WebDav servlet and any mapping associated with it.</fixtext><fix id="F-42948r679494_fix" /><check system="C-42989r679493_chk"><check-content-ref href="VMware_vSphere_6.7_Virgo-Client_STIG.xml" name="M" /><check-content>At the command prompt, execute the following command: 

# grep -n -i 'webdav' /usr/lib/vmware-vsphere-client/server/configuration/conf/web.xml

If the command produces any output, this is a finding.</check-content></check></Rule></Group><Group id="V-239757"><title>SRG-APP-000141-WSR-000086</title><description>&lt;GroupDescription&gt;&lt;/GroupDescription&gt;</description><Rule id="SV-239757r879587_rule" weight="10.0" severity="medium"><version>VCFL-67-000016</version><title>vSphere Client must be configured with memory leak protection.</title><description>&lt;VulnDiscussion&gt;The Java Runtime environment can cause a memory leak or lock files under certain conditions. Without memory leak protection, vSphere Client can continue to consume system resources, which will lead to "OutOfMemoryErrors" when reloading web applications.

Memory leaks occur when JRE code uses the context class loader to load a singleton, as this will cause a memory leak if a web application class loader happens to be the context class loader at the time. The "JreMemoryLeakPreventionListener" class is designed to initialize these singletons when Tomcat's common class loader is the context class loader. Proper use of JRE memory leak protection will ensure that the hosted application does not consume system resources and cause an unstable environment.&lt;/VulnDiscussion&gt;&lt;FalsePositives&gt;&lt;/FalsePositives&gt;&lt;FalseNegatives&gt;&lt;/FalseNegatives&gt;&lt;Documentable&gt;false&lt;/Documentable&gt;&lt;Mitigations&gt;&lt;/Mitigations&gt;&lt;SeverityOverrideGuidance&gt;&lt;/SeverityOverrideGuidance&gt;&lt;PotentialImpacts&gt;&lt;/PotentialImpacts&gt;&lt;ThirdPartyTools&gt;&lt;/ThirdPartyTools&gt;&lt;MitigationControl&gt;&lt;/MitigationControl&gt;&lt;Responsibility&gt;&lt;/Responsibility&gt;&lt;IAControls&gt;&lt;/IAControls&gt;</description><reference><dc:title>DPMS Target VMware vSphere 6.7 Virgo-Client</dc:title><dc:publisher>DISA</dc:publisher><dc:type>DPMS Target</dc:type><dc:subject>VMware vSphere 6.7 Virgo-Client</dc:subject><dc:identifier>5336</dc:identifier></reference><ident system="http://cyber.mil/cci">CCI-000381</ident><fixtext fixref="F-42949r679497_fix">Navigate to and open /usr/lib/vmware-vsphere-client/server/configuration/tomcat-server.xml.

Navigate to the &lt;Server&gt; node.

Add '&lt;Listener className="org.apache.catalina.core.JreMemoryLeakPreventionListener"/&gt;' to the &lt;Server&gt; node.</fixtext><fix id="F-42949r679497_fix" /><check system="C-42990r679496_chk"><check-content-ref href="VMware_vSphere_6.7_Virgo-Client_STIG.xml" name="M" /><check-content>At the command prompt, execute the following command: 

# grep JreMemoryLeakPreventionListener /usr/lib/vmware-vsphere-client/server/configuration/tomcat-server.xml

Expected result:

&lt;Listener className="org.apache.catalina.core.JreMemoryLeakPreventionListener" /&gt;

If the output of the command does not match the expected result, this is a finding.</check-content></check></Rule></Group><Group id="V-239758"><title>SRG-APP-000141-WSR-000087</title><description>&lt;GroupDescription&gt;&lt;/GroupDescription&gt;</description><Rule id="SV-239758r879587_rule" weight="10.0" severity="medium"><version>VCFL-67-000017</version><title>vSphere Client must not have any symbolic links in the web content directory tree.</title><description>&lt;VulnDiscussion&gt;A web server is designed to deliver content and execute scripts or applications on the request of a client or user. Containing user requests to files in the directory tree of the hosted web application and limiting the execution of scripts and applications guarantees that the user is not accessing information protected outside the application's realm. By checking that no symbolic links exist in the document root, the web server is protected from users jumping outside the hosted application directory tree and gaining access to the other directories, including the system root.&lt;/VulnDiscussion&gt;&lt;FalsePositives&gt;&lt;/FalsePositives&gt;&lt;FalseNegatives&gt;&lt;/FalseNegatives&gt;&lt;Documentable&gt;false&lt;/Documentable&gt;&lt;Mitigations&gt;&lt;/Mitigations&gt;&lt;SeverityOverrideGuidance&gt;&lt;/SeverityOverrideGuidance&gt;&lt;PotentialImpacts&gt;&lt;/PotentialImpacts&gt;&lt;ThirdPartyTools&gt;&lt;/ThirdPartyTools&gt;&lt;MitigationControl&gt;&lt;/MitigationControl&gt;&lt;Responsibility&gt;&lt;/Responsibility&gt;&lt;IAControls&gt;&lt;/IAControls&gt;</description><reference><dc:title>DPMS Target VMware vSphere 6.7 Virgo-Client</dc:title><dc:publisher>DISA</dc:publisher><dc:type>DPMS Target</dc:type><dc:subject>VMware vSphere 6.7 Virgo-Client</dc:subject><dc:identifier>5336</dc:identifier></reference><ident system="http://cyber.mil/cci">CCI-000381</ident><fixtext fixref="F-42950r679500_fix">At the command prompt, execute the following commands:

Note: Replace &lt;file_name&gt; for the name of any files that were returned.

# unlink &lt;file_name&gt;

Repeat the commands for each file that was returned.</fixtext><fix id="F-42950r679500_fix" /><check system="C-42991r679499_chk"><check-content-ref href="VMware_vSphere_6.7_Virgo-Client_STIG.xml" name="M" /><check-content>At the command prompt, execute the following command:

# find /usr/lib/vmware-vsphere-client/server/work/ -type l -ls

If the command produces any output, this is a finding.</check-content></check></Rule></Group><Group id="V-239759"><title>SRG-APP-000176-WSR-000096</title><description>&lt;GroupDescription&gt;&lt;/GroupDescription&gt;</description><Rule id="SV-239759r879613_rule" weight="10.0" severity="medium"><version>VCFL-67-000018</version><title>vSphere Client must ensure appropriate permissions are set on the keystore.</title><description>&lt;VulnDiscussion&gt;The web server's private key is used to prove the identity of the server to clients and securely exchange the shared secret key used to encrypt communications between the web server and clients. By gaining access to the private key, an attacker can pretend to be an authorized server and decrypt the SSL traffic between a client and the web server.

vSphere Client pulls the machine certificate from the VECS keystore and stores it in keystore.jks so Tomcat can access it. The minimum permissions and ownership on the keystore are set by default but must be verified.&lt;/VulnDiscussion&gt;&lt;FalsePositives&gt;&lt;/FalsePositives&gt;&lt;FalseNegatives&gt;&lt;/FalseNegatives&gt;&lt;Documentable&gt;false&lt;/Documentable&gt;&lt;Mitigations&gt;&lt;/Mitigations&gt;&lt;SeverityOverrideGuidance&gt;&lt;/SeverityOverrideGuidance&gt;&lt;PotentialImpacts&gt;&lt;/PotentialImpacts&gt;&lt;ThirdPartyTools&gt;&lt;/ThirdPartyTools&gt;&lt;MitigationControl&gt;&lt;/MitigationControl&gt;&lt;Responsibility&gt;&lt;/Responsibility&gt;&lt;IAControls&gt;&lt;/IAControls&gt;</description><reference><dc:title>DPMS Target VMware vSphere 6.7 Virgo-Client</dc:title><dc:publisher>DISA</dc:publisher><dc:type>DPMS Target</dc:type><dc:subject>VMware vSphere 6.7 Virgo-Client</dc:subject><dc:identifier>5336</dc:identifier></reference><ident system="http://cyber.mil/cci">CCI-000186</ident><fixtext fixref="F-42951r679503_fix">At the command prompt, execute the following command: 

# chmod 640 /etc/vmware/vsphere-client/keystore.jks
# chown vsphere-client:users /etc/vmware/vsphere-client/keystore.jks</fixtext><fix id="F-42951r679503_fix" /><check system="C-42992r679502_chk"><check-content-ref href="VMware_vSphere_6.7_Virgo-Client_STIG.xml" name="M" /><check-content>At the command prompt, execute the following command: 

# stat -c "%n permissions are %a and is owned by %U:%G" /etc/vmware/vsphere-client/keystore.jks

Expected result:

/etc/vmware/vsphere-client/keystore.jks permissions are 640 and is owned by vsphere-client:users

If the output of the command does not match the expected result, this is a finding.</check-content></check></Rule></Group><Group id="V-239760"><title>SRG-APP-000211-WSR-000030</title><description>&lt;GroupDescription&gt;&lt;/GroupDescription&gt;</description><Rule id="SV-239760r879631_rule" weight="10.0" severity="medium"><version>VCFL-67-000019</version><title>vSphere Client directory tree must have permissions in an "out-of-the-box" state.</title><description>&lt;VulnDiscussion&gt;As a rule, accounts on a web server are to be kept to a minimum. Only administrators, web managers, developers, auditors, and web authors require accounts on the machine hosting the web server. The resources to which these accounts have access must also be closely monitored and controlled. vSphere Client files must be adequately protected with correct permissions as applied out of the box.

Satisfies: SRG-APP-000211-WSR-000030, SRG-APP-000380-WSR-000072&lt;/VulnDiscussion&gt;&lt;FalsePositives&gt;&lt;/FalsePositives&gt;&lt;FalseNegatives&gt;&lt;/FalseNegatives&gt;&lt;Documentable&gt;false&lt;/Documentable&gt;&lt;Mitigations&gt;&lt;/Mitigations&gt;&lt;SeverityOverrideGuidance&gt;&lt;/SeverityOverrideGuidance&gt;&lt;PotentialImpacts&gt;&lt;/PotentialImpacts&gt;&lt;ThirdPartyTools&gt;&lt;/ThirdPartyTools&gt;&lt;MitigationControl&gt;&lt;/MitigationControl&gt;&lt;Responsibility&gt;&lt;/Responsibility&gt;&lt;IAControls&gt;&lt;/IAControls&gt;</description><reference><dc:title>DPMS Target VMware vSphere 6.7 Virgo-Client</dc:title><dc:publisher>DISA</dc:publisher><dc:type>DPMS Target</dc:type><dc:subject>VMware vSphere 6.7 Virgo-Client</dc:subject><dc:identifier>5336</dc:identifier></reference><ident system="http://cyber.mil/cci">CCI-001082</ident><ident system="http://cyber.mil/cci">CCI-001813</ident><fixtext fixref="F-42952r679506_fix">At the command prompt, execute the following command:

#chown vsphere-client:root &lt;file_name&gt;

Repeat the command for each file that was returned.

Note: Replace &lt;file_name&gt; for the name of the file that was returned.</fixtext><fix id="F-42952r679506_fix" /><check system="C-42993r679505_chk"><check-content-ref href="VMware_vSphere_6.7_Virgo-Client_STIG.xml" name="M" /><check-content>At the command prompt, execute the following command:

# find /usr/lib/vmware-vsphere-client/server -xdev -type f -a '(' -not -user vsphere-client -o '(' -not -group root -a -not -group users -not -group cis ')' ')' -exec ls -ld {} \;

If the command produces any output, this is a finding.</check-content></check></Rule></Group><Group id="V-239761"><title>SRG-APP-000246-WSR-000149</title><description>&lt;GroupDescription&gt;&lt;/GroupDescription&gt;</description><Rule id="SV-239761r879650_rule" weight="10.0" severity="medium"><version>VCFL-67-000020</version><title>vSphere Client must limit the number of allowed connections.</title><description>&lt;VulnDiscussion&gt;Limiting the number of established connections to Sphere Client is a basic denial-of-service protection. Servers where the limit is too high or unlimited can potentially run out of system resources and negatively affect system availability.&lt;/VulnDiscussion&gt;&lt;FalsePositives&gt;&lt;/FalsePositives&gt;&lt;FalseNegatives&gt;&lt;/FalseNegatives&gt;&lt;Documentable&gt;false&lt;/Documentable&gt;&lt;Mitigations&gt;&lt;/Mitigations&gt;&lt;SeverityOverrideGuidance&gt;&lt;/SeverityOverrideGuidance&gt;&lt;PotentialImpacts&gt;&lt;/PotentialImpacts&gt;&lt;ThirdPartyTools&gt;&lt;/ThirdPartyTools&gt;&lt;MitigationControl&gt;&lt;/MitigationControl&gt;&lt;Responsibility&gt;&lt;/Responsibility&gt;&lt;IAControls&gt;&lt;/IAControls&gt;</description><reference><dc:title>DPMS Target VMware vSphere 6.7 Virgo-Client</dc:title><dc:publisher>DISA</dc:publisher><dc:type>DPMS Target</dc:type><dc:subject>VMware vSphere 6.7 Virgo-Client</dc:subject><dc:identifier>5336</dc:identifier></reference><ident system="http://cyber.mil/cci">CCI-001094</ident><fixtext fixref="F-42953r679509_fix">Navigate to and open /usr/lib/vmware-vsphere-client/server/configuration/tomcat-server.xml.

Configure each &lt;Connector&gt; node with the following:

acceptCount="300"</fixtext><fix id="F-42953r679509_fix" /><check system="C-42994r679508_chk"><check-content-ref href="VMware_vSphere_6.7_Virgo-Client_STIG.xml" name="M" /><check-content>At the command prompt, execute the following command:

# xmllint --format --xpath '/Server/Service/Connector/@acceptCount' /usr/lib/vmware-vsphere-client/server/configuration/tomcat-server.xml

Expected result:

acceptCount="300" acceptCount="300"

If the output does not match the expected result, this is a finding.</check-content></check></Rule></Group><Group id="V-239762"><title>SRG-APP-000251-WSR-000157</title><description>&lt;GroupDescription&gt;&lt;/GroupDescription&gt;</description><Rule id="SV-239762r879652_rule" weight="10.0" severity="medium"><version>VCFL-67-000021</version><title>vSphere Client must set "URIEncoding" to UTF-8.</title><description>&lt;VulnDiscussion&gt;Invalid user input occurs when a user inserts data or characters into a hosted application's data entry field and the hosted application is unprepared to process that data. This results in unanticipated application behavior, potentially leading to an application compromise. Invalid user input is one of the primary methods employed when attempting to compromise an application. 

An attacker can also enter Unicode characters into hosted applications in an effort to break out of the document home or root home directory or to bypass security checks. vSphere Client must be configured to use a consistent character set via the "URIEncoding" attribute on the Connector nodes.&lt;/VulnDiscussion&gt;&lt;FalsePositives&gt;&lt;/FalsePositives&gt;&lt;FalseNegatives&gt;&lt;/FalseNegatives&gt;&lt;Documentable&gt;false&lt;/Documentable&gt;&lt;Mitigations&gt;&lt;/Mitigations&gt;&lt;SeverityOverrideGuidance&gt;&lt;/SeverityOverrideGuidance&gt;&lt;PotentialImpacts&gt;&lt;/PotentialImpacts&gt;&lt;ThirdPartyTools&gt;&lt;/ThirdPartyTools&gt;&lt;MitigationControl&gt;&lt;/MitigationControl&gt;&lt;Responsibility&gt;&lt;/Responsibility&gt;&lt;IAControls&gt;&lt;/IAControls&gt;</description><reference><dc:title>DPMS Target VMware vSphere 6.7 Virgo-Client</dc:title><dc:publisher>DISA</dc:publisher><dc:type>DPMS Target</dc:type><dc:subject>VMware vSphere 6.7 Virgo-Client</dc:subject><dc:identifier>5336</dc:identifier></reference><ident system="http://cyber.mil/cci">CCI-001310</ident><fixtext fixref="F-42954r679512_fix">Navigate to and open /usr/lib/vmware-vsphere-client/server/configuration/tomcat-server.xml.

Configure each &lt;Connector&gt; node with the following:

URIEncoding="UTF-8"</fixtext><fix id="F-42954r679512_fix" /><check system="C-42995r679511_chk"><check-content-ref href="VMware_vSphere_6.7_Virgo-Client_STIG.xml" name="M" /><check-content>At the command prompt, execute the following command:

# xmllint --format --xpath '/Server/Service/Connector/@URIEncoding' /usr/lib/vmware-vsphere-client/server/configuration/tomcat-server.xml

Expected result:

URIEncoding="UTF-8" URIEncoding="UTF-8"

If the output does not match the expected result, this is a finding.</check-content></check></Rule></Group><Group id="V-239763"><title>SRG-APP-000266-WSR-000142</title><description>&lt;GroupDescription&gt;&lt;/GroupDescription&gt;</description><Rule id="SV-239763r879655_rule" weight="10.0" severity="medium"><version>VCFL-67-000022</version><title>vSphere Client must set the "welcome-file" node to a default web page.</title><description>&lt;VulnDiscussion&gt;Enumeration techniques, such as URL parameter manipulation, rely on being able to obtain information about the web server's directory structure by locating directories without default pages. In this scenario, the web server will display to the user a listing of the files in the directory being accessed. 

By having a default hosted application web page, the anonymous web user will not obtain directory browsing information or an error message that reveals the server type and version. Ensuring that every document directory has an "index.jsp" (or equivalent) file is one approach to mitigating the vulnerability.&lt;/VulnDiscussion&gt;&lt;FalsePositives&gt;&lt;/FalsePositives&gt;&lt;FalseNegatives&gt;&lt;/FalseNegatives&gt;&lt;Documentable&gt;false&lt;/Documentable&gt;&lt;Mitigations&gt;&lt;/Mitigations&gt;&lt;SeverityOverrideGuidance&gt;&lt;/SeverityOverrideGuidance&gt;&lt;PotentialImpacts&gt;&lt;/PotentialImpacts&gt;&lt;ThirdPartyTools&gt;&lt;/ThirdPartyTools&gt;&lt;MitigationControl&gt;&lt;/MitigationControl&gt;&lt;Responsibility&gt;&lt;/Responsibility&gt;&lt;IAControls&gt;&lt;/IAControls&gt;</description><reference><dc:title>DPMS Target VMware vSphere 6.7 Virgo-Client</dc:title><dc:publisher>DISA</dc:publisher><dc:type>DPMS Target</dc:type><dc:subject>VMware vSphere 6.7 Virgo-Client</dc:subject><dc:identifier>5336</dc:identifier></reference><ident system="http://cyber.mil/cci">CCI-001312</ident><fixtext fixref="F-42955r679515_fix">Navigate to and open /usr/lib/vmware-vsphere-client/server/configuration/conf/web.xml.

Inspect the file and ensure that it contains the following section:

&lt;welcome-file-list&gt;
    &lt;welcome-file&gt;index.html&lt;/welcome-file&gt;
    &lt;welcome-file&gt;index.htm&lt;/welcome-file&gt;
    &lt;welcome-file&gt;index.jsp&lt;/welcome-file&gt;
  &lt;/welcome-file-list&gt;</fixtext><fix id="F-42955r679515_fix" /><check system="C-42996r679514_chk"><check-content-ref href="VMware_vSphere_6.7_Virgo-Client_STIG.xml" name="M" /><check-content>At the command prompt, execute the following command: 

# xmllint --format /usr/lib/vmware-vsphere-client/server/configuration/conf/web.xml | sed 's/xmlns=".*"//g' | xmllint --xpath '/web-app/welcome-file-list' -

Expected result:

&lt;welcome-file-list&gt;
    &lt;welcome-file&gt;index.html&lt;/welcome-file&gt;
    &lt;welcome-file&gt;index.htm&lt;/welcome-file&gt;
    &lt;welcome-file&gt;index.jsp&lt;/welcome-file&gt;
  &lt;/welcome-file-list&gt;

If the output of the command does not match the expected result, this is a finding.</check-content></check></Rule></Group><Group id="V-239764"><title>SRG-APP-000266-WSR-000142</title><description>&lt;GroupDescription&gt;&lt;/GroupDescription&gt;</description><Rule id="SV-239764r879655_rule" weight="10.0" severity="medium"><version>VCFL-67-000023</version><title>vSphere Client must not show directory listings.</title><description>&lt;VulnDiscussion&gt;Enumeration techniques, such as URL parameter manipulation, rely on being able to obtain information about the web server's directory structure by locating directories without default pages. In this scenario, the web server will display to the user a listing of the files in the directory being accessed. Ensuring that directory listing is disabled is one approach to mitigating the vulnerability.&lt;/VulnDiscussion&gt;&lt;FalsePositives&gt;&lt;/FalsePositives&gt;&lt;FalseNegatives&gt;&lt;/FalseNegatives&gt;&lt;Documentable&gt;false&lt;/Documentable&gt;&lt;Mitigations&gt;&lt;/Mitigations&gt;&lt;SeverityOverrideGuidance&gt;&lt;/SeverityOverrideGuidance&gt;&lt;PotentialImpacts&gt;&lt;/PotentialImpacts&gt;&lt;ThirdPartyTools&gt;&lt;/ThirdPartyTools&gt;&lt;MitigationControl&gt;&lt;/MitigationControl&gt;&lt;Responsibility&gt;&lt;/Responsibility&gt;&lt;IAControls&gt;&lt;/IAControls&gt;</description><reference><dc:title>DPMS Target VMware vSphere 6.7 Virgo-Client</dc:title><dc:publisher>DISA</dc:publisher><dc:type>DPMS Target</dc:type><dc:subject>VMware vSphere 6.7 Virgo-Client</dc:subject><dc:identifier>5336</dc:identifier></reference><ident system="http://cyber.mil/cci">CCI-001312</ident><fixtext fixref="F-42956r679518_fix">Navigate to and open /usr/lib/vmware-vsphere-client/server/configuration/conf/web.xml.

Set the &lt;param-value&gt; to "false" in all &lt;param-name&gt;listing&lt;/param-name&gt; nodes.

Note: The setting should look like the following:

&lt;init-param&gt;
      &lt;param-name&gt;listings&lt;/param-name&gt;
      &lt;param-value&gt;false&lt;/param-value&gt;
&lt;/init-param&gt;</fixtext><fix id="F-42956r679518_fix" /><check system="C-42997r679517_chk"><check-content-ref href="VMware_vSphere_6.7_Virgo-Client_STIG.xml" name="M" /><check-content>At the command prompt, execute the following command: 

# xmllint --format /usr/lib/vmware-vsphere-client/server/configuration/conf/web.xml | sed 's/xmlns=".*"//g' | xmllint --xpath '//param-name[text()="listings"]/parent::init-param' -

Expected result:

&lt;init-param&gt;
      &lt;param-name&gt;listings&lt;/param-name&gt;
      &lt;param-value&gt;false&lt;/param-value&gt;
    &lt;/init-param&gt;

If the output of the command does not match the expected result, this is a finding.</check-content></check></Rule></Group><Group id="V-239765"><title>SRG-APP-000266-WSR-000159</title><description>&lt;GroupDescription&gt;&lt;/GroupDescription&gt;</description><Rule id="SV-239765r879655_rule" weight="10.0" severity="medium"><version>VCFL-67-000024</version><title>vSphere Client must be configured to show error pages with minimal information.</title><description>&lt;VulnDiscussion&gt;Web servers will often display error messages to client users, displaying enough information to aid in the debugging of the error. The information given back in error messages may display the web server type, version, patches installed, plug-ins and modules installed, type of code being used by the hosted application, and any backends being used for data storage. 

This information could be used by an attacker to blueprint what type of attacks might be successful. Therefore, vSphere Client must be configured to not show server version information in error messages.&lt;/VulnDiscussion&gt;&lt;FalsePositives&gt;&lt;/FalsePositives&gt;&lt;FalseNegatives&gt;&lt;/FalseNegatives&gt;&lt;Documentable&gt;false&lt;/Documentable&gt;&lt;Mitigations&gt;&lt;/Mitigations&gt;&lt;SeverityOverrideGuidance&gt;&lt;/SeverityOverrideGuidance&gt;&lt;PotentialImpacts&gt;&lt;/PotentialImpacts&gt;&lt;ThirdPartyTools&gt;&lt;/ThirdPartyTools&gt;&lt;MitigationControl&gt;&lt;/MitigationControl&gt;&lt;Responsibility&gt;&lt;/Responsibility&gt;&lt;IAControls&gt;&lt;/IAControls&gt;</description><reference><dc:title>DPMS Target VMware vSphere 6.7 Virgo-Client</dc:title><dc:publisher>DISA</dc:publisher><dc:type>DPMS Target</dc:type><dc:subject>VMware vSphere 6.7 Virgo-Client</dc:subject><dc:identifier>5336</dc:identifier></reference><ident system="http://cyber.mil/cci">CCI-001312</ident><fixtext fixref="F-42957r679521_fix">Navigate to and open /usr/lib/vmware-vsphere-client/server/configuration/tomcat-server.xml.

Configure each &lt;Connector&gt; node with the following:

server="Anonymous"</fixtext><fix id="F-42957r679521_fix" /><check system="C-42998r679520_chk"><check-content-ref href="VMware_vSphere_6.7_Virgo-Client_STIG.xml" name="M" /><check-content>At the command prompt, execute the following command:

# xmllint --format --xpath '/Server/Service/Connector/@server' /usr/lib/vmware-vsphere-client/server/configuration/tomcat-server.xml

Expected result:

server="Anonymous" server="Anonymous"

If the output does not match the expected result, this is a finding.</check-content></check></Rule></Group><Group id="V-239766"><title>SRG-APP-000266-WSR-000160</title><description>&lt;GroupDescription&gt;&lt;/GroupDescription&gt;</description><Rule id="SV-239766r879655_rule" weight="10.0" severity="medium"><version>VCFL-67-000025</version><title>vSphere Client must not enable support for TRACE requests.</title><description>&lt;VulnDiscussion&gt;"Trace" is a technique for a user to request internal information about Tomcat. This is useful during product development but should not be enabled in production. 

Allowing an attacker to conduct a Trace operation against the Security Token Service will expose information that would be useful to perform a more targeted attack. vSphere Client provides the "allowTrace" parameter as a means to disable responding to Trace requests.&lt;/VulnDiscussion&gt;&lt;FalsePositives&gt;&lt;/FalsePositives&gt;&lt;FalseNegatives&gt;&lt;/FalseNegatives&gt;&lt;Documentable&gt;false&lt;/Documentable&gt;&lt;Mitigations&gt;&lt;/Mitigations&gt;&lt;SeverityOverrideGuidance&gt;&lt;/SeverityOverrideGuidance&gt;&lt;PotentialImpacts&gt;&lt;/PotentialImpacts&gt;&lt;ThirdPartyTools&gt;&lt;/ThirdPartyTools&gt;&lt;MitigationControl&gt;&lt;/MitigationControl&gt;&lt;Responsibility&gt;&lt;/Responsibility&gt;&lt;IAControls&gt;&lt;/IAControls&gt;</description><reference><dc:title>DPMS Target VMware vSphere 6.7 Virgo-Client</dc:title><dc:publisher>DISA</dc:publisher><dc:type>DPMS Target</dc:type><dc:subject>VMware vSphere 6.7 Virgo-Client</dc:subject><dc:identifier>5336</dc:identifier></reference><ident system="http://cyber.mil/cci">CCI-001312</ident><fixtext fixref="F-42958r679524_fix">Navigate to and open /usr/lib/vmware-vsphere-client/server/configuration/tomcat-server.xml.

Navigate to and locate:

'allowTrace="true"'

Remove the 'allowTrace="true"' setting.</fixtext><fix id="F-42958r679524_fix" /><check system="C-42999r679523_chk"><check-content-ref href="VMware_vSphere_6.7_Virgo-Client_STIG.xml" name="M" /><check-content>At the command prompt, execute the following command:

# grep allowTrace /usr/lib/vmware-vsphere-client/server/configuration/tomcat-server.xml

If "allowTrace" is set to "true", this is a finding. 

If no line is returned, this is NOT a finding.</check-content></check></Rule></Group><Group id="V-239767"><title>SRG-APP-000266-WSR-000160</title><description>&lt;GroupDescription&gt;&lt;/GroupDescription&gt;</description><Rule id="SV-239767r879655_rule" weight="10.0" severity="medium"><version>VCFL-67-000026</version><title>vSphere Client must have the debug option turned off.</title><description>&lt;VulnDiscussion&gt;Information needed by an attacker to begin looking for possible vulnerabilities in a web server includes any information about the web server and plug-ins or modules being used. When debugging or trace information is enabled in a production web server, information about the web server, such as web server type, version, patches installed, plug-ins and modules installed, type of code being used by the hosted application, and any backends being used for data storage, may be displayed. Since this information may be placed in logs and general messages during normal operation of the web server, an attacker does not need to cause an error condition to gain this information.

vSphere Client can be configured to set the debugging level. By setting the debugging level to zero, no debugging information will be provided to a malicious user.&lt;/VulnDiscussion&gt;&lt;FalsePositives&gt;&lt;/FalsePositives&gt;&lt;FalseNegatives&gt;&lt;/FalseNegatives&gt;&lt;Documentable&gt;false&lt;/Documentable&gt;&lt;Mitigations&gt;&lt;/Mitigations&gt;&lt;SeverityOverrideGuidance&gt;&lt;/SeverityOverrideGuidance&gt;&lt;PotentialImpacts&gt;&lt;/PotentialImpacts&gt;&lt;ThirdPartyTools&gt;&lt;/ThirdPartyTools&gt;&lt;MitigationControl&gt;&lt;/MitigationControl&gt;&lt;Responsibility&gt;&lt;/Responsibility&gt;&lt;IAControls&gt;&lt;/IAControls&gt;</description><reference><dc:title>DPMS Target VMware vSphere 6.7 Virgo-Client</dc:title><dc:publisher>DISA</dc:publisher><dc:type>DPMS Target</dc:type><dc:subject>VMware vSphere 6.7 Virgo-Client</dc:subject><dc:identifier>5336</dc:identifier></reference><ident system="http://cyber.mil/cci">CCI-001312</ident><fixtext fixref="F-42959r679527_fix">Navigate to and open /usr/lib/vmware-vsphere-client/server/configuration/conf/web.xml.

Navigate to all &lt;debug&gt; nodes that are not set to "0".

Set the &lt;param-value&gt; to "0" in all &lt;param-name&gt;debug&lt;/param-name&gt; nodes.

Note: The debug setting should look like the following:

&lt;init-param&gt;
      &lt;param-name&gt;debug&lt;/param-name&gt;
      &lt;param-value&gt;0&lt;/param-value&gt;
    &lt;/init-param&gt;</fixtext><fix id="F-42959r679527_fix" /><check system="C-43000r679526_chk"><check-content-ref href="VMware_vSphere_6.7_Virgo-Client_STIG.xml" name="M" /><check-content>At the command prompt, execute the following command: 

# xmllint --format /usr/lib/vmware-vsphere-client/server/configuration/conf/web.xml | sed 's/xmlns=".*"//g' | xmllint --xpath '//param-name[text()="debug"]/parent::init-param' -

Expected result:

&lt;init-param&gt;
      &lt;param-name&gt;debug&lt;/param-name&gt;
      &lt;param-value&gt;0&lt;/param-value&gt;
    &lt;/init-param&gt;

If the output of the command does not match the expected result, this is a finding.</check-content></check></Rule></Group><Group id="V-239768"><title>SRG-APP-000358-WSR-000163</title><description>&lt;GroupDescription&gt;&lt;/GroupDescription&gt;</description><Rule id="SV-239768r879731_rule" weight="10.0" severity="medium"><version>VCFL-67-000027</version><title>Rsyslog must be configured to monitor and ship vSphere Client log files.</title><description>&lt;VulnDiscussion&gt;The vSphere Client produces a handful of logs that must be offloaded from the originating system. This information can then be used for diagnostic, forensics, or other purposes relevant to ensuring the availability and integrity of the hosted application.&lt;/VulnDiscussion&gt;&lt;FalsePositives&gt;&lt;/FalsePositives&gt;&lt;FalseNegatives&gt;&lt;/FalseNegatives&gt;&lt;Documentable&gt;false&lt;/Documentable&gt;&lt;Mitigations&gt;&lt;/Mitigations&gt;&lt;SeverityOverrideGuidance&gt;&lt;/SeverityOverrideGuidance&gt;&lt;PotentialImpacts&gt;&lt;/PotentialImpacts&gt;&lt;ThirdPartyTools&gt;&lt;/ThirdPartyTools&gt;&lt;MitigationControl&gt;&lt;/MitigationControl&gt;&lt;Responsibility&gt;&lt;/Responsibility&gt;&lt;IAControls&gt;&lt;/IAControls&gt;</description><reference><dc:title>DPMS Target VMware vSphere 6.7 Virgo-Client</dc:title><dc:publisher>DISA</dc:publisher><dc:type>DPMS Target</dc:type><dc:subject>VMware vSphere 6.7 Virgo-Client</dc:subject><dc:identifier>5336</dc:identifier></reference><ident system="http://cyber.mil/cci">CCI-001851</ident><fixtext fixref="F-42960r679530_fix">Navigate to and open /etc/vmware-syslog/stig-vsphere-client.conf.

Create the file if it does not exist.

Set the contents of the file as follows:

input(type="imfile"
      File="/var/log/vmware/vsphere-client/logs/access/localhost_access*"
      Tag="client-access"
      Severity="info"
      Facility="local0")
input(type="imfile"
      File="/var/log/vmware/vsphere-client/logs/vsphere-client-runtime*"
      Tag="client-runtime"
      Severity="info"
      Facility="local0")</fixtext><fix id="F-42960r679530_fix" /><check system="C-43001r679529_chk"><check-content-ref href="VMware_vSphere_6.7_Virgo-Client_STIG.xml" name="M" /><check-content>At the command prompt, execute the following command:

# grep -v "^#" /etc/vmware-syslog/stig-vsphere-client.conf

Expected result:

input(type="imfile"
      File="/var/log/vmware/vsphere-client/logs/access/localhost_access*"
      Tag="client-access"
      Severity="info"
      Facility="local0")
input(type="imfile"
      File="/var/log/vmware/vsphere-client/logs/vsphere-client-runtime*"
      Tag="client-runtime"
      Severity="info"
      Facility="local0")

If the file does not exist, this is a finding.

If the output of the command does not match the expected result, this is a finding.</check-content></check></Rule></Group><Group id="V-239769"><title>SRG-APP-000383-WSR-000175</title><description>&lt;GroupDescription&gt;&lt;/GroupDescription&gt;</description><Rule id="SV-239769r879756_rule" weight="10.0" severity="medium"><version>VCFL-67-000028</version><title>vSphere Client must be configured with the appropriate ports.</title><description>&lt;VulnDiscussion&gt;Web servers provide numerous processes, features, and functionalities that use TCP/IP ports. Some of these processes may be deemed unnecessary or too unsecure to run on a production system. vSphere Client comes configured with two connectors. One is behind the reverse proxy and listening on 9090, and the other is serving SSL natively on 9443. The ports that vSphere Client listens on must be verified as accurate to their shipping state.&lt;/VulnDiscussion&gt;&lt;FalsePositives&gt;&lt;/FalsePositives&gt;&lt;FalseNegatives&gt;&lt;/FalseNegatives&gt;&lt;Documentable&gt;false&lt;/Documentable&gt;&lt;Mitigations&gt;&lt;/Mitigations&gt;&lt;SeverityOverrideGuidance&gt;&lt;/SeverityOverrideGuidance&gt;&lt;PotentialImpacts&gt;&lt;/PotentialImpacts&gt;&lt;ThirdPartyTools&gt;&lt;/ThirdPartyTools&gt;&lt;MitigationControl&gt;&lt;/MitigationControl&gt;&lt;Responsibility&gt;&lt;/Responsibility&gt;&lt;IAControls&gt;&lt;/IAControls&gt;</description><reference><dc:title>DPMS Target VMware vSphere 6.7 Virgo-Client</dc:title><dc:publisher>DISA</dc:publisher><dc:type>DPMS Target</dc:type><dc:subject>VMware vSphere 6.7 Virgo-Client</dc:subject><dc:identifier>5336</dc:identifier></reference><ident system="http://cyber.mil/cci">CCI-001762</ident><fixtext fixref="F-42961r679533_fix">Navigate to and open /usr/lib/vmware-vsphere-client/server/configuration/tomcat-server.xml in a text editor.

On the first &lt;Connector&gt;, with redirectPort="9443", configure the port as follows:

port="9090"

On the second &lt;Connector&gt;, with SSLEnabled="true", configure the port as follows:

port="9443"</fixtext><fix id="F-42961r679533_fix" /><check system="C-43002r679532_chk"><check-content-ref href="VMware_vSphere_6.7_Virgo-Client_STIG.xml" name="M" /><check-content>At the command prompt, execute the following command:

# xmllint --format --xpath '/Server/Service/Connector/@port' /usr/lib/vmware-vsphere-client/server/configuration/tomcat-server.xml

Expected result:

port="9090" port="9443"

If the output does not match the expected result, this is a finding.</check-content></check></Rule></Group><Group id="V-239770"><title>SRG-APP-000435-WSR-000147</title><description>&lt;GroupDescription&gt;&lt;/GroupDescription&gt;</description><Rule id="SV-239770r879806_rule" weight="10.0" severity="medium"><version>VCFL-67-000029</version><title>vSphere Client must disable the shutdown port.</title><description>&lt;VulnDiscussion&gt;An attacker has at least two reasons to stop a web server. The first is to cause a denial of service, and the second is to put in place changes the attacker made to the web server configuration. If the Tomcat shutdown port feature is enabled, a shutdown signal can be sent to vSphere Client through this port. To ensure availability, the shutdown port must be disabled.&lt;/VulnDiscussion&gt;&lt;FalsePositives&gt;&lt;/FalsePositives&gt;&lt;FalseNegatives&gt;&lt;/FalseNegatives&gt;&lt;Documentable&gt;false&lt;/Documentable&gt;&lt;Mitigations&gt;&lt;/Mitigations&gt;&lt;SeverityOverrideGuidance&gt;&lt;/SeverityOverrideGuidance&gt;&lt;PotentialImpacts&gt;&lt;/PotentialImpacts&gt;&lt;ThirdPartyTools&gt;&lt;/ThirdPartyTools&gt;&lt;MitigationControl&gt;&lt;/MitigationControl&gt;&lt;Responsibility&gt;&lt;/Responsibility&gt;&lt;IAControls&gt;&lt;/IAControls&gt;</description><reference><dc:title>DPMS Target VMware vSphere 6.7 Virgo-Client</dc:title><dc:publisher>DISA</dc:publisher><dc:type>DPMS Target</dc:type><dc:subject>VMware vSphere 6.7 Virgo-Client</dc:subject><dc:identifier>5336</dc:identifier></reference><ident system="http://cyber.mil/cci">CCI-002385</ident><fixtext fixref="F-42962r679536_fix">Navigate to and open /usr/lib/vmware-vsphere-client/server/configuration/tomcat-server.xml in a text editor.

Ensure that the server port is disabled as follows:

&lt;Server port="-1"&gt;</fixtext><fix id="F-42962r679536_fix" /><check system="C-43003r679535_chk"><check-content-ref href="VMware_vSphere_6.7_Virgo-Client_STIG.xml" name="M" /><check-content>At the command prompt, execute the following command:

# xmllint --format --xpath '/Server/@port' /usr/lib/vmware-vsphere-client/server/configuration/tomcat-server.xml

Expected result:

port="-1"

If the output does not match the expected result, this is a finding.</check-content></check></Rule></Group><Group id="V-239771"><title>SRG-APP-000439-WSR-000155</title><description>&lt;GroupDescription&gt;&lt;/GroupDescription&gt;</description><Rule id="SV-239771r879810_rule" weight="10.0" severity="medium"><version>VCFL-67-000030</version><title>vSphere Client must set the secure flag for cookies.</title><description>&lt;VulnDiscussion&gt;The secure flag is an option that can be set by the application server when sending a new cookie to the user within an HTTP Response. The purpose of the secure flag is to prevent cookies from being observed by unauthorized parties due to the transmission of a cookie in clear text. By setting the secure flag, the browser will prevent the transmission of a cookie over an unencrypted channel.&lt;/VulnDiscussion&gt;&lt;FalsePositives&gt;&lt;/FalsePositives&gt;&lt;FalseNegatives&gt;&lt;/FalseNegatives&gt;&lt;Documentable&gt;false&lt;/Documentable&gt;&lt;Mitigations&gt;&lt;/Mitigations&gt;&lt;SeverityOverrideGuidance&gt;&lt;/SeverityOverrideGuidance&gt;&lt;PotentialImpacts&gt;&lt;/PotentialImpacts&gt;&lt;ThirdPartyTools&gt;&lt;/ThirdPartyTools&gt;&lt;MitigationControl&gt;&lt;/MitigationControl&gt;&lt;Responsibility&gt;&lt;/Responsibility&gt;&lt;IAControls&gt;&lt;/IAControls&gt;</description><reference><dc:title>DPMS Target VMware vSphere 6.7 Virgo-Client</dc:title><dc:publisher>DISA</dc:publisher><dc:type>DPMS Target</dc:type><dc:subject>VMware vSphere 6.7 Virgo-Client</dc:subject><dc:identifier>5336</dc:identifier></reference><ident system="http://cyber.mil/cci">CCI-002418</ident><fixtext fixref="F-42963r679539_fix">Navigate to and open /usr/lib/vmware-vsphere-client/server/configuration/conf/web.xml.

Navigate to the /&lt;web-apps&gt;/&lt;session-config&gt;/&lt;cookie-config&gt; node and configure it as follows:

    &lt;cookie-config&gt;
      &lt;http-only&gt;true&lt;/http-only&gt;
      &lt;secure&gt;true&lt;/secure&gt;
    &lt;/cookie-config&gt;</fixtext><fix id="F-42963r679539_fix" /><check system="C-43004r679538_chk"><check-content-ref href="VMware_vSphere_6.7_Virgo-Client_STIG.xml" name="M" /><check-content>At the command prompt, execute the following command: 

# xmllint --format /usr/lib/vmware-vsphere-client/server/configuration/conf/web.xml | sed 's/xmlns=".*"//g' | xmllint --xpath '/web-app/session-config/cookie-config/secure' -

Expected result:

&lt;secure&gt;true&lt;/secure&gt;

If the output of the command does not match the expected result, this is a finding.</check-content></check></Rule></Group><Group id="V-257288"><title>SRG-APP-000456-WSR-000187</title><description>&lt;GroupDescription&gt;&lt;/GroupDescription&gt;</description><Rule id="SV-257288r919287_rule" weight="10.0" severity="high"><version>VCFL-67-000999</version><title>The version of Virgo-Client running on the system must be a supported version.</title><description>&lt;VulnDiscussion&gt;Security flaws with software applications are discovered daily. Vendors are constantly updating and patching their products to address newly discovered security vulnerabilities. Organizations (including any contractor to the organization) are required to promptly install security-relevant software updates (e.g., patches, service packs, and hot fixes). Flaws discovered during security assessments, continuous monitoring, incident response activities, or information system error handling must also be addressed expeditiously.

Organization-defined time periods for updating security-relevant software may vary based on a variety of factors including, for example, the security category of the information system or the criticality of the update (i.e., severity of the vulnerability related to the discovered flaw).

This requirement will apply to software patch management solutions that are used to install patches across the enclave and to applications that are not part of that patch management solution. For example, many browsers today provide the capability to install their own patch software. Patch criticality, as well as system criticality, will vary. Therefore, the tactical situations regarding the patch management process will also vary. This means the time period used must be a configurable parameter. Time frames for application of security-relevant software updates may be dependent upon the Information Assurance Vulnerability Management (IAVM) process.

The application will be configured to check for and install security-relevant software updates within an identified time period from the availability of the update. The specific time period will be defined by an authoritative source (e.g., IAVM, CTOs, DTMs, and STIGs).&lt;/VulnDiscussion&gt;&lt;FalsePositives&gt;&lt;/FalsePositives&gt;&lt;FalseNegatives&gt;&lt;/FalseNegatives&gt;&lt;Documentable&gt;false&lt;/Documentable&gt;&lt;Mitigations&gt;&lt;/Mitigations&gt;&lt;SeverityOverrideGuidance&gt;&lt;/SeverityOverrideGuidance&gt;&lt;PotentialImpacts&gt;&lt;/PotentialImpacts&gt;&lt;ThirdPartyTools&gt;&lt;/ThirdPartyTools&gt;&lt;MitigationControl&gt;&lt;/MitigationControl&gt;&lt;Responsibility&gt;&lt;/Responsibility&gt;&lt;IAControls&gt;&lt;/IAControls&gt;</description><reference><dc:title>DPMS Target VMware vSphere 6.7 Virgo-Client</dc:title><dc:publisher>DISA</dc:publisher><dc:type>DPMS Target</dc:type><dc:subject>VMware vSphere 6.7 Virgo-Client</dc:subject><dc:identifier>5336</dc:identifier></reference><ident system="http://cyber.mil/cci">CCI-002605</ident><fixtext fixref="F-53958r798705_fix">Upgrade to a supported version.</fixtext><fix id="F-53958r798705_fix" /><check system="C-60971r918897_chk"><check-content-ref href="VMware_vSphere_6.7_Virgo-Client_STIG.xml" name="M" /><check-content>Virgo-Client 6.7 is no longer supported by the vendor. If the system is running Virgo-Client 6.7, this is a finding.</check-content></check></Rule></Group></Benchmark>