<?xml version="1.0" encoding="utf-8"?><?xml-stylesheet type='text/xsl' href='STIG_unclass.xsl'?><Benchmark xmlns:dc="http://purl.org/dc/elements/1.1/" xmlns:xsi="http://www.w3.org/2001/XMLSchema-instance" xmlns:cpe="http://cpe.mitre.org/language/2.0" xmlns:xhtml="http://www.w3.org/1999/xhtml" xmlns:dsig="http://www.w3.org/2000/09/xmldsig#" xsi:schemaLocation="http://checklists.nist.gov/xccdf/1.1 http://nvd.nist.gov/schema/xccdf-1.1.4.xsd http://cpe.mitre.org/dictionary/2.0 http://cpe.mitre.org/files/cpe-dictionary_2.1.xsd" id="AvePoint_Compliance_Guardian_STIG" xml:lang="en" xmlns="http://checklists.nist.gov/xccdf/1.1"><status date="2023-02-21">accepted</status><title>AvePoint Compliance Guardian Security Technical Implementation Guide</title><description>This Security Technical Implementation Guide is published as a tool to improve the security of Department of Defense (DOD) information systems. The requirements are derived from the National Institute of Standards and Technology (NIST) 800-53 and related documents. Comments or proposed revisions to this document should be sent via email to the following address: disa.stig_spt@mail.mil.</description><notice id="terms-of-use" xml:lang="en"></notice><front-matter xml:lang="en"></front-matter><rear-matter xml:lang="en"></rear-matter><reference href="https://cyber.mil"><dc:publisher>DISA</dc:publisher><dc:source>STIG.DOD.MIL</dc:source></reference><plain-text id="release-info">Release: 1 Benchmark Date: 15 Mar 2023</plain-text><plain-text id="generator">3.4.0.34222</plain-text><plain-text id="conventionsVersion">1.10.0</plain-text><version>1</version><Profile id="MAC-1_Classified"><title>I - Mission Critical Classified</title><description>&lt;ProfileDescription&gt;&lt;/ProfileDescription&gt;</description><select idref="V-256839" selected="true" /><select idref="V-256840" selected="true" /><select idref="V-256841" selected="true" /><select idref="V-256842" selected="true" /><select idref="V-256843" selected="true" /><select idref="V-256844" selected="true" /><select idref="V-256845" selected="true" /><select idref="V-256846" selected="true" /><select idref="V-256847" selected="true" /><select idref="V-256848" selected="true" /></Profile><Profile id="MAC-1_Public"><title>I - Mission Critical Public</title><description>&lt;ProfileDescription&gt;&lt;/ProfileDescription&gt;</description><select idref="V-256839" selected="true" /><select idref="V-256840" selected="true" /><select idref="V-256841" selected="true" /><select idref="V-256842" selected="true" /><select idref="V-256843" selected="true" /><select idref="V-256844" selected="true" /><select idref="V-256845" selected="true" /><select idref="V-256846" selected="true" /><select idref="V-256847" selected="true" /><select idref="V-256848" selected="true" /></Profile><Profile id="MAC-1_Sensitive"><title>I - Mission Critical Sensitive</title><description>&lt;ProfileDescription&gt;&lt;/ProfileDescription&gt;</description><select idref="V-256839" selected="true" /><select idref="V-256840" selected="true" /><select idref="V-256841" selected="true" /><select idref="V-256842" selected="true" /><select idref="V-256843" selected="true" /><select idref="V-256844" selected="true" /><select idref="V-256845" selected="true" /><select idref="V-256846" selected="true" /><select idref="V-256847" selected="true" /><select idref="V-256848" selected="true" /></Profile><Profile id="MAC-2_Classified"><title>II - Mission Support Classified</title><description>&lt;ProfileDescription&gt;&lt;/ProfileDescription&gt;</description><select idref="V-256839" selected="true" /><select idref="V-256840" selected="true" /><select idref="V-256841" selected="true" /><select idref="V-256842" selected="true" /><select idref="V-256843" selected="true" /><select idref="V-256844" selected="true" /><select idref="V-256845" selected="true" /><select idref="V-256846" selected="true" /><select idref="V-256847" selected="true" /><select idref="V-256848" selected="true" /></Profile><Profile id="MAC-2_Public"><title>II - Mission Support Public</title><description>&lt;ProfileDescription&gt;&lt;/ProfileDescription&gt;</description><select idref="V-256839" selected="true" /><select idref="V-256840" selected="true" /><select idref="V-256841" selected="true" /><select idref="V-256842" selected="true" /><select idref="V-256843" selected="true" /><select idref="V-256844" selected="true" /><select idref="V-256845" selected="true" /><select idref="V-256846" selected="true" /><select idref="V-256847" selected="true" /><select idref="V-256848" selected="true" /></Profile><Profile id="MAC-2_Sensitive"><title>II - Mission Support Sensitive</title><description>&lt;ProfileDescription&gt;&lt;/ProfileDescription&gt;</description><select idref="V-256839" selected="true" /><select idref="V-256840" selected="true" /><select idref="V-256841" selected="true" /><select idref="V-256842" selected="true" /><select idref="V-256843" selected="true" /><select idref="V-256844" selected="true" /><select idref="V-256845" selected="true" /><select idref="V-256846" selected="true" /><select idref="V-256847" selected="true" /><select idref="V-256848" selected="true" /></Profile><Profile id="MAC-3_Classified"><title>III - Administrative Classified</title><description>&lt;ProfileDescription&gt;&lt;/ProfileDescription&gt;</description><select idref="V-256839" selected="true" /><select idref="V-256840" selected="true" /><select idref="V-256841" selected="true" /><select idref="V-256842" selected="true" /><select idref="V-256843" selected="true" /><select idref="V-256844" selected="true" /><select idref="V-256845" selected="true" /><select idref="V-256846" selected="true" /><select idref="V-256847" selected="true" /><select idref="V-256848" selected="true" /></Profile><Profile id="MAC-3_Public"><title>III - Administrative Public</title><description>&lt;ProfileDescription&gt;&lt;/ProfileDescription&gt;</description><select idref="V-256839" selected="true" /><select idref="V-256840" selected="true" /><select idref="V-256841" selected="true" /><select idref="V-256842" selected="true" /><select idref="V-256843" selected="true" /><select idref="V-256844" selected="true" /><select idref="V-256845" selected="true" /><select idref="V-256846" selected="true" /><select idref="V-256847" selected="true" /><select idref="V-256848" selected="true" /></Profile><Profile id="MAC-3_Sensitive"><title>III - Administrative Sensitive</title><description>&lt;ProfileDescription&gt;&lt;/ProfileDescription&gt;</description><select idref="V-256839" selected="true" /><select idref="V-256840" selected="true" /><select idref="V-256841" selected="true" /><select idref="V-256842" selected="true" /><select idref="V-256843" selected="true" /><select idref="V-256844" selected="true" /><select idref="V-256845" selected="true" /><select idref="V-256846" selected="true" /><select idref="V-256847" selected="true" /><select idref="V-256848" selected="true" /></Profile><Group id="V-256839"><title>SRG-APP-000001</title><description>&lt;GroupDescription&gt;&lt;/GroupDescription&gt;</description><Rule id="SV-256839r890127_rule" weight="10.0" severity="medium"><version>APCG-00-000001</version><title>Compliance Guardian must limit the number of concurrent sessions to an organization-defined number for all accounts and/or account types.</title><description>&lt;VulnDiscussion&gt;Application management includes the ability to control the number of users and user sessions that utilize an application. Limiting the number of allowed users and sessions per user is helpful in limiting risks related to DoS attacks.

This requirement may be met via the application or by utilizing information system session control provided by a web server with specialized session management capabilities. If it has been specified that this requirement will be satisfied by the application, the capability to limit the maximum number of concurrent single user sessions must be designed and built into the application.

This requirement addresses concurrent sessions for information system accounts and does not address concurrent sessions by single users via multiple system accounts. The maximum number of concurrent sessions should be defined based upon mission needs and the operational environment for each system.&lt;/VulnDiscussion&gt;&lt;FalsePositives&gt;&lt;/FalsePositives&gt;&lt;FalseNegatives&gt;&lt;/FalseNegatives&gt;&lt;Documentable&gt;false&lt;/Documentable&gt;&lt;Mitigations&gt;&lt;/Mitigations&gt;&lt;SeverityOverrideGuidance&gt;&lt;/SeverityOverrideGuidance&gt;&lt;PotentialImpacts&gt;&lt;/PotentialImpacts&gt;&lt;ThirdPartyTools&gt;&lt;/ThirdPartyTools&gt;&lt;MitigationControl&gt;&lt;/MitigationControl&gt;&lt;Responsibility&gt;&lt;/Responsibility&gt;&lt;IAControls&gt;&lt;/IAControls&gt;</description><reference><dc:title>DPMS Target AvePoint Compliance Guardian</dc:title><dc:publisher>DISA</dc:publisher><dc:type>DPMS Target</dc:type><dc:subject>AvePoint Compliance Guardian</dc:subject><dc:identifier>5531</dc:identifier></reference><ident system="http://cyber.mil/cci">CCI-000054</ident><fixtext fixref="F-60457r890126_fix">Configure the Compliance Guardian Manager Maximum User Session setting.
- Log on to Compliance Guardian with admin account.
- On the Control Panel page in the System Configuration section, click "General Settings".
- Select "Security - System Security Policy".
- Set the maximum simultaneous logons for the same user option to "5".
- Save the settings.</fixtext><fix id="F-60457r890126_fix" /><check system="C-60514r890125_chk"><check-content-ref href="U_AP_Compliance_Guardian_STIG_V1R1_Manual-xccdf.xml" name="M" /><check-content>Check the Compliance Guardian Manager Maximum User Session setting.
- Log on to Compliance Guardian with admin account.
- On the Control Panel page in the System Configuration section, click "General Settings".
- Select "Security - System Security Policy".
- Verify that the "Specify a maximum simultaneous logons for the same user" is set to "5".

If the maximum number of user sessions is higher than 5, this is a finding.</check-content></check></Rule></Group><Group id="V-256840"><title>SRG-APP-000003</title><description>&lt;GroupDescription&gt;&lt;/GroupDescription&gt;</description><Rule id="SV-256840r890130_rule" weight="10.0" severity="medium"><version>APCG-00-000005</version><title>Compliance Guardian must initiate a session timeout after a 15-minute period of inactivity.</title><description>&lt;VulnDiscussion&gt;A session time-out lock is a temporary action taken when a user stops work and moves away from the immediate physical vicinity of the information system but does not log out because of the temporary nature of the absence. Rather than relying on the user to manually lock their application session prior to vacating the vicinity, applications must identify when a user's session has idled and initiate the session lock.

The session lock is implemented at the point where session activity can be determined and/or controlled. This is typically at the operating system level and results in a system lock but may be at the application level where the application interface window is secured instead.&lt;/VulnDiscussion&gt;&lt;FalsePositives&gt;&lt;/FalsePositives&gt;&lt;FalseNegatives&gt;&lt;/FalseNegatives&gt;&lt;Documentable&gt;false&lt;/Documentable&gt;&lt;Mitigations&gt;&lt;/Mitigations&gt;&lt;SeverityOverrideGuidance&gt;&lt;/SeverityOverrideGuidance&gt;&lt;PotentialImpacts&gt;&lt;/PotentialImpacts&gt;&lt;ThirdPartyTools&gt;&lt;/ThirdPartyTools&gt;&lt;MitigationControl&gt;&lt;/MitigationControl&gt;&lt;Responsibility&gt;&lt;/Responsibility&gt;&lt;IAControls&gt;&lt;/IAControls&gt;</description><reference><dc:title>DPMS Target AvePoint Compliance Guardian</dc:title><dc:publisher>DISA</dc:publisher><dc:type>DPMS Target</dc:type><dc:subject>AvePoint Compliance Guardian</dc:subject><dc:identifier>5531</dc:identifier></reference><ident system="http://cyber.mil/cci">CCI-000057</ident><fixtext fixref="F-60458r890129_fix">Configure the Compliance Guardian Manager Session Timeout setting.
- Log on to Compliance Guardian with admin account.
- On the Control Panel page, in the System Configuration section, click "General Settings". 
- Select "Security - System Security Policy".
- Set 15 minutes or less in the "Please specify a session time-out value". The user will be logged off automatically if there is no activity for the specified period. Logon will expire in option.
- Save the settings.</fixtext><fix id="F-60458r890129_fix" /><check system="C-60515r890128_chk"><check-content-ref href="U_AP_Compliance_Guardian_STIG_V1R1_Manual-xccdf.xml" name="M" /><check-content>Check the Compliance Guardian Manager Session Timeout setting.
- Log on to Compliance Guardian with admin account.
- On the Control Panel page, in the System Configuration section, click "General Settings". 
- Select "Security - System Security Policy".
- Verify the "Please specify a session time-out value". The user will be logged off automatically if there is no activity for the specified period. Logon will expire in option.

If the session timeout value is not set to 15 minutes or less, this is a finding.</check-content></check></Rule></Group><Group id="V-256841"><title>SRG-APP-000014</title><description>&lt;GroupDescription&gt;&lt;/GroupDescription&gt;</description><Rule id="SV-256841r890133_rule" weight="10.0" severity="high"><version>APCG-00-000010</version><title>Compliance Guardian must use TLS 1.2, at a minimum, to protect the confidentiality of sensitive data during electronic dissemination using remote access.</title><description>&lt;VulnDiscussion&gt;Using older unauthorized versions or incorrectly configuring protocol negotiation makes the gateway vulnerable to known and unknown attacks that exploit vulnerabilities in this protocol.

This requirement applies to Transport Layer Security (TLS) gateways (also known as Secure Sockets Layer [SSL] gateways), web servers, and web applications and is not applicable to virtual private network (VPN) devices. Application protocols such as HTTPS and DNSSEC use TLS as the underlying security protocol and thus are in scope for this requirement. NIST SP 800-52 provides guidance for client negotiation on either DOD-only or on public-facing servers.

Satisfies: SRG-APP-000014, SRG-APP-000560, SRG-APP-000565, SRG-APP-000645&lt;/VulnDiscussion&gt;&lt;FalsePositives&gt;&lt;/FalsePositives&gt;&lt;FalseNegatives&gt;&lt;/FalseNegatives&gt;&lt;Documentable&gt;false&lt;/Documentable&gt;&lt;Mitigations&gt;&lt;/Mitigations&gt;&lt;SeverityOverrideGuidance&gt;&lt;/SeverityOverrideGuidance&gt;&lt;PotentialImpacts&gt;&lt;/PotentialImpacts&gt;&lt;ThirdPartyTools&gt;&lt;/ThirdPartyTools&gt;&lt;MitigationControl&gt;&lt;/MitigationControl&gt;&lt;Responsibility&gt;&lt;/Responsibility&gt;&lt;IAControls&gt;&lt;/IAControls&gt;</description><reference><dc:title>DPMS Target AvePoint Compliance Guardian</dc:title><dc:publisher>DISA</dc:publisher><dc:type>DPMS Target</dc:type><dc:subject>AvePoint Compliance Guardian</dc:subject><dc:identifier>5531</dc:identifier></reference><ident system="http://cyber.mil/cci">CCI-000068</ident><ident system="http://cyber.mil/cci">CCI-000382</ident><ident system="http://cyber.mil/cci">CCI-001453</ident><fixtext fixref="F-60459r890132_fix">Consult Microsoft documentation and ensure the .Net Framework on Compliance Guardian servers is a version that supports TLS 1.2. Update if necessary.

Configure the Compliance Guardian servers to enable TLS 1.2 protocol only.
- On the Compliance Guardian servers, open "Registry Editor".
- Navigate to HKEY_LOCAL_MACHINE\SYSTEM\CurrentControlSet\Control\SecurityProviders\SCHANNEL\Protocols.
- Disable TLS 1.0, TLS 1.1, and any SSL protocols, if present.

Configure the Compliance Guardian servers to enable strong cryptography settings.
- On the Compliance Guardian servers, open "Registry Editor".
- Navigate to HKEY_LOCAL_MACHINE\SOFTWARE\Microsoft\.NETFramework\v4.0.30319 and verify:
"SystemDefaultTlsVersions" = dword:00000001
"SchUseStrongCrypto" = dword:00000001</fixtext><fix id="F-60459r890132_fix" /><check system="C-60516r890131_chk"><check-content-ref href="U_AP_Compliance_Guardian_STIG_V1R1_Manual-xccdf.xml" name="M" /><check-content>Check the .Net Framework version on Compliance Guardian servers.
- On servers where Compliance Guardian is installed, open "Registry Editor".
- Refer to the Microsoft document to verify the .Net Framework version supports TLS 1.2. The Microsoft Document URL is: https://docs.microsoft.com/en-us/mem/configmgr/core/plan-design/security/enable-tls-1-2-client#bkmk_net.
- .NET Framework 4.6.2 or later supports TLS 1.2 natively.

If the .Net Framework version doesn't support TLS 1.2, this is a finding.

Check the Compliance Guardian servers only have TLS 1.2 protocol enabled.
- On the Compliance Guardian servers, open "Registry Editor".
- Navigate to HKEY_LOCAL_MACHINE\SYSTEM\CurrentControlSet\Control\SecurityProviders\SCHANNEL\Protocols.
- Verify TLS 1.0, TLS 1.1, and any SSL protocols are not enabled.

If TLS 1.0, TLS 1.1, or any SSL protocols are enabled, this is a finding.

Check that Compliance Guardian servers have strong cryptography setting enabled.
- On the Compliance Guardian servers, open "Registry Editor".
- Navigate to HKEY_LOCAL_MACHINE\SOFTWARE\Microsoft\.NETFramework\v4.0.30319.
Verify "SystemDefaultTlsVersions" = dword:00000001 and "SchUseStrongCrypto" = dword:00000001, otherwise this is a finding.</check-content></check></Rule></Group><Group id="V-256842"><title>SRG-APP-000023</title><description>&lt;GroupDescription&gt;&lt;/GroupDescription&gt;</description><Rule id="SV-256842r890136_rule" weight="10.0" severity="medium"><version>APCG-00-000015</version><title>Compliance Guardian must provide automated mechanisms for supporting account management functions.</title><description>&lt;VulnDiscussion&gt;Remote access (e.g., Remote Desktop Protocol [RDP]) is access to DOD nonpublic information systems by an authorized user (or an information system) communicating through an external, nonorganization-controlled network. Remote access methods include dial-up, broadband, and wireless. 

Satisfies: SRG-APP-000023, SRG-APP-000025, SRG-APP-000065, SRG-APP-000163, SRG-APP-000164, SRG-APP-000165, SRG-APP-000166, SRG-APP-000167, SRG-APP-000168, SRG-APP-000169, SRG-APP-000170, SRG-APP-000171, SRG-APP-000173, SRG-APP-000174, SRG-APP-000190, SRG-APP-000234, SRG-APP-000291, SRG-APP-000292, SRG-APP-000293, SRG-APP-000294, SRG-APP-000295, SRG-APP-000318, SRG-APP-000319, SRG-APP-000320, SRG-APP-000345, SRG-APP-000397, SRG-APP-000401, SRG-APP-000503, SRG-APP-000505, SRG-APP-000506, SRG-APP-000509&lt;/VulnDiscussion&gt;&lt;FalsePositives&gt;&lt;/FalsePositives&gt;&lt;FalseNegatives&gt;&lt;/FalseNegatives&gt;&lt;Documentable&gt;false&lt;/Documentable&gt;&lt;Mitigations&gt;&lt;/Mitigations&gt;&lt;SeverityOverrideGuidance&gt;&lt;/SeverityOverrideGuidance&gt;&lt;PotentialImpacts&gt;&lt;/PotentialImpacts&gt;&lt;ThirdPartyTools&gt;&lt;/ThirdPartyTools&gt;&lt;MitigationControl&gt;&lt;/MitigationControl&gt;&lt;Responsibility&gt;&lt;/Responsibility&gt;&lt;IAControls&gt;&lt;/IAControls&gt;</description><reference><dc:title>DPMS Target AvePoint Compliance Guardian</dc:title><dc:publisher>DISA</dc:publisher><dc:type>DPMS Target</dc:type><dc:subject>AvePoint Compliance Guardian</dc:subject><dc:identifier>5531</dc:identifier></reference><ident system="http://cyber.mil/cci">CCI-000015</ident><ident system="http://cyber.mil/cci">CCI-000017</ident><ident system="http://cyber.mil/cci">CCI-000044</ident><ident system="http://cyber.mil/cci">CCI-000172</ident><ident system="http://cyber.mil/cci">CCI-000192</ident><ident system="http://cyber.mil/cci">CCI-000193</ident><ident system="http://cyber.mil/cci">CCI-000194</ident><ident system="http://cyber.mil/cci">CCI-000195</ident><ident system="http://cyber.mil/cci">CCI-000196</ident><ident system="http://cyber.mil/cci">CCI-000198</ident><ident system="http://cyber.mil/cci">CCI-000199</ident><ident system="http://cyber.mil/cci">CCI-000200</ident><ident system="http://cyber.mil/cci">CCI-000205</ident><ident system="http://cyber.mil/cci">CCI-000795</ident><ident system="http://cyber.mil/cci">CCI-001133</ident><ident system="http://cyber.mil/cci">CCI-001619</ident><ident system="http://cyber.mil/cci">CCI-001682</ident><ident system="http://cyber.mil/cci">CCI-001683</ident><ident system="http://cyber.mil/cci">CCI-001684</ident><ident system="http://cyber.mil/cci">CCI-001685</ident><ident system="http://cyber.mil/cci">CCI-001686</ident><ident system="http://cyber.mil/cci">CCI-001991</ident><ident system="http://cyber.mil/cci">CCI-002041</ident><ident system="http://cyber.mil/cci">CCI-002130</ident><ident system="http://cyber.mil/cci">CCI-002132</ident><ident system="http://cyber.mil/cci">CCI-002145</ident><ident system="http://cyber.mil/cci">CCI-002238</ident><ident system="http://cyber.mil/cci">CCI-002361</ident><fixtext fixref="F-60460r890135_fix">Configure the Compliance Guardian configuration to ensure AD Integration is enabled.
- Log on to Compliance Guardian with admin account.
- On the Control Panel page in the Authentication Manager section, click "Authentication Manager".
- Navigate to "AD Integration".
- Set the Action of "AD Integration" to "Enable".
- Save settings.

Add AD user or group to Compliance Guardian by Account Manager; realize automated mechanisms through AD account management functions.</fixtext><fix id="F-60460r890135_fix" /><check system="C-60517r890134_chk"><check-content-ref href="U_AP_Compliance_Guardian_STIG_V1R1_Manual-xccdf.xml" name="M" /><check-content>Compliance Guardian supports integration with Active Directory (AD) for automated account management.

Check the Compliance Guardian configuration to ensure AD Integration is enabled.
- Log on to Compliance Guardian with admin account.
- On the Control Panel page in the General Security section, click "Authentication Manager".
- Navigate to "AD Integration".
- Verify that the "AD Integration" option is enabled.

If the AD Integration option is not enabled, this is a finding.</check-content></check></Rule></Group><Group id="V-256843"><title>SRG-APP-000142</title><description>&lt;GroupDescription&gt;&lt;/GroupDescription&gt;</description><Rule id="SV-256843r890139_rule" weight="10.0" severity="medium"><version>APCG-00-000020</version><title>Compliance Guardian must be configured to prohibit or restrict the use of organization-defined functions, ports, protocols, and/or services, as defined in the PPSM CAL and vulnerability assessments.</title><description>&lt;VulnDiscussion&gt;In order to prevent unauthorized connection of devices, unauthorized transfer of information, or unauthorized tunneling (i.e., embedding of data types within data types), organizations must disable or restrict unused or unnecessary physical and logical ports/protocols on information systems. Applications are capable of providing a wide variety of functions and services. Some of the functions and services provided by default may not be necessary to support essential organizational operations. Additionally, it is sometimes convenient to provide multiple services from a single component (e.g., email and web services); however, doing so increases risk over limiting the services provided by any one component. To support the requirements and principles of least functionality, the application must support the organizational requirements providing only essential capabilities and limiting the use of ports, protocols, and/or services to only those required, authorized, and approved to conduct official business or to address authorized quality of life issues.&lt;/VulnDiscussion&gt;&lt;FalsePositives&gt;&lt;/FalsePositives&gt;&lt;FalseNegatives&gt;&lt;/FalseNegatives&gt;&lt;Documentable&gt;false&lt;/Documentable&gt;&lt;Mitigations&gt;&lt;/Mitigations&gt;&lt;SeverityOverrideGuidance&gt;&lt;/SeverityOverrideGuidance&gt;&lt;PotentialImpacts&gt;&lt;/PotentialImpacts&gt;&lt;ThirdPartyTools&gt;&lt;/ThirdPartyTools&gt;&lt;MitigationControl&gt;&lt;/MitigationControl&gt;&lt;Responsibility&gt;&lt;/Responsibility&gt;&lt;IAControls&gt;&lt;/IAControls&gt;</description><reference><dc:title>DPMS Target AvePoint Compliance Guardian</dc:title><dc:publisher>DISA</dc:publisher><dc:type>DPMS Target</dc:type><dc:subject>AvePoint Compliance Guardian</dc:subject><dc:identifier>5531</dc:identifier></reference><ident system="http://cyber.mil/cci">CCI-000382</ident><fixtext fixref="F-60461r890138_fix">Configure the Compliance Guardian Manager communication port setting.
- On the Compliance Guardian Manager server, open the "Compliance Guardian Manager Configuration Tool" from the Start Menu.
- Click "Control Service Configuration" on the left.
- Change the Website Port.
- Click "OK" to save settings.

Configure the Compliance Guardian Agent communication port setting.
- On the Compliance Guardian Agent server, open "Compliance Guardian Agent Configuration Tool".
- Navigate to the "Host And Port" panel.
- Change the Agent Port.
- Click "OK" to save settings.

Configure the Compliance Guardian Control Service update port setting.
- Log on to Compliance Guardian with admin account.
- On the Control Panel page in the License and Update section, click "Update Manager", then click "Settings".
- Change the "Specify a port number" to install the update.
- Click "Save" to save settings.</fixtext><fix id="F-60461r890138_fix" /><check system="C-60518r890137_chk"><check-content-ref href="U_AP_Compliance_Guardian_STIG_V1R1_Manual-xccdf.xml" name="M" /><check-content>Check the Compliance Guardian Manager communication port setting.
- On the Compliance Guardian Manager server, open "Compliance Guardian Manager Configuration Tool" from the Start Menu.
- Click "Control Service Configuration" on the left.
- Verify the Website Port.

If any ports used by the Compliance Guardian Manager Services are not in accordance with the PPSM CAL or are not AO approved, this is a finding.

Check the Compliance Guardian Agent communication port setting.
- On the Compliance Guardian Agent server, open "Compliance Guardian Agent Configuration Tool".
- Navigate to the "Host And Port" panel.
- Verify the Agent Port.

If the Agent Port is are not in accordance with the PPSM CAL or are not AO approved, this is a finding.

Check the Compliance Guardian Control Service update port setting.
- Log on to Compliance Guardian with admin account.
- On the Control Panel page in the License and Update section, click "Update Manager", then click "Settings".
- Verify the "Specify a port number" to install the update.

If the Update Port is not in accordance with the PPSM CAL or is not AO approved, this is a finding.</check-content></check></Rule></Group><Group id="V-256844"><title>SRG-APP-000149</title><description>&lt;GroupDescription&gt;&lt;/GroupDescription&gt;</description><Rule id="SV-256844r890142_rule" weight="10.0" severity="high"><version>APCG-00-000025</version><title>Compliance Guardian must use multifactor authentication for network access to privileged accounts.</title><description>&lt;VulnDiscussion&gt;Without the use of multifactor authentication, the ease of access to privileged functions is greatly increased. 

Multifactor authentication requires using two or more factors to achieve authentication. Factors include: 
(i) Something a user knows (e.g., password/PIN); 
(ii) Something a user has (e.g., cryptographic identification device, token); or 
(iii) Something a user is (e.g., biometric).

Multifactor authentication decreases the attack surface by virtue of the fact that attackers must obtain two factors, a physical token or a biometric and a PIN, in order to authenticate. It is not enough to simply steal a user's password to obtain access. A privileged account is defined as an information system account with authorizations of a privileged user.

Network access is defined as access to an information system by a user (or a process acting on behalf of a user) communicating through a network (e.g., local area network, wide area network, or the internet).

Satisfies: SRG-APP-000149, SRG-APP-000150, SRG-APP-000177, SRG-APP-000391, SRG-APP-000392, SRG-APP-000402, SRG-APP-000403&lt;/VulnDiscussion&gt;&lt;FalsePositives&gt;&lt;/FalsePositives&gt;&lt;FalseNegatives&gt;&lt;/FalseNegatives&gt;&lt;Documentable&gt;false&lt;/Documentable&gt;&lt;Mitigations&gt;&lt;/Mitigations&gt;&lt;SeverityOverrideGuidance&gt;&lt;/SeverityOverrideGuidance&gt;&lt;PotentialImpacts&gt;&lt;/PotentialImpacts&gt;&lt;ThirdPartyTools&gt;&lt;/ThirdPartyTools&gt;&lt;MitigationControl&gt;&lt;/MitigationControl&gt;&lt;Responsibility&gt;&lt;/Responsibility&gt;&lt;IAControls&gt;&lt;/IAControls&gt;</description><reference><dc:title>DPMS Target AvePoint Compliance Guardian</dc:title><dc:publisher>DISA</dc:publisher><dc:type>DPMS Target</dc:type><dc:subject>AvePoint Compliance Guardian</dc:subject><dc:identifier>5531</dc:identifier></reference><ident system="http://cyber.mil/cci">CCI-000187</ident><ident system="http://cyber.mil/cci">CCI-000765</ident><ident system="http://cyber.mil/cci">CCI-000766</ident><ident system="http://cyber.mil/cci">CCI-001953</ident><ident system="http://cyber.mil/cci">CCI-001954</ident><ident system="http://cyber.mil/cci">CCI-002009</ident><ident system="http://cyber.mil/cci">CCI-002010</ident><fixtext fixref="F-60462r890141_fix">Configure Compliance Guardian to use Smart Card Authentication, which is required to enable Client Certificate Authentication and Windows Authentication in both IIS Manager and Compliance Guardian.

On the Compliance Guardian Manager server, open IIS Manager.
- Open the "Authentication" settings under IIS.
- Enable the "Active Directory Client Certificate Authentication" and "Windows Authentication" options.
- Expand "Sites" and click "Compliance Guardian site". The default site name is "ComplianceGuardian4Site".
- Open the SSL Settings of ComplianceGuardian4Site under IIS.
- Make sure the "Require SSL" checkbox is selected.
- Open the Authentication Settings of ComplianceGuardian4Site under IIS.
- Make sure the status of "Windows Authentication" is "Enabled".
- Expand ComplianceGuardian4Site, Trust (virtual path).
- Open the SSL Settings of Trust (virtual path) under IIS. 
- Make sure the "Require SSL" checkbox is selected and the option of "Client Certificates" is selected as required.
- Restart ComplianceGuardian4 Application Pool and Website.

On Compliance Guardian side:
- Log on to Compliance Guardian with admin account.
- On the Control Panel page in the General Security section, click "Authentication Manager".
- Click the "Enable link" button on the "Client Certificate Authentication" row to enable client certificate authentication.
- Click the "Enable link" button on the "Windows Authentication" row to enable Windows Authentication.
- Back in the Control Panel page in the Account section, click "Users". 
- Navigate to "Add User" page.
- Select "Client Certificate User" from the drop-down list in the "User Type" field.
- Specify the user in the "Windows User/Group Name" field.
- Add this user to one or more Compliance Guardian groups.
- Save the settings.</fixtext><fix id="F-60462r890141_fix" /><check system="C-60519r890140_chk"><check-content-ref href="U_AP_Compliance_Guardian_STIG_V1R1_Manual-xccdf.xml" name="M" /><check-content>Compliance Guardian supports Client Certificate Authentication for multifactor authentication, which requires that both Windows Authentication and Client Certificate Authentication are enabled in Compliance Guardian.

Check the Compliance Guardian Client Certificate Authentication configuration. 
- Log on to Compliance Guardian with admin account.
- On the Control Panel page in the General Security section, click "Authentication Manager".
- Verify that the Client Certificate Authentication option is enabled.

If Client Certificate Authentication is not enabled, this is a finding.

Check the Compliance Guardian Windows Authentication configuration.
- Log on to Compliance Guardian with admin account.
- On the Control Panel page in the General Security section, click "Authentication Manager". 
- Verify that the "Windows Authentication" option is enabled.

If "Windows Authentication" is not enabled, this is a finding.</check-content></check></Rule></Group><Group id="V-256845"><title>SRG-APP-000315</title><description>&lt;GroupDescription&gt;&lt;/GroupDescription&gt;</description><Rule id="SV-256845r890145_rule" weight="10.0" severity="medium"><version>APCG-00-000030</version><title>Compliance Guardian must control remote access methods.</title><description>&lt;VulnDiscussion&gt;Remote access applications (such as those providing remote access to network devices and information systems) which lack automated control capabilities, increase risk, and make remote user access management difficult at best.

Remote access is access to DOD nonpublic information systems by an authorized user (or an information system) communicating through an external, nonorganization-controlled network. Remote access methods include dial-up, broadband, and wireless. 

Remote access applications must be capable of taking enforcement action if the audit reveals unauthorized activity. Automated control of remote access sessions allows organizations to ensure ongoing compliance with remote access policies by enforcing connection rules of remote access applications on a variety of information system components (e.g., servers, workstations, notebook computers, smartphones, and tablets).&lt;/VulnDiscussion&gt;&lt;FalsePositives&gt;&lt;/FalsePositives&gt;&lt;FalseNegatives&gt;&lt;/FalseNegatives&gt;&lt;Documentable&gt;false&lt;/Documentable&gt;&lt;Mitigations&gt;&lt;/Mitigations&gt;&lt;SeverityOverrideGuidance&gt;&lt;/SeverityOverrideGuidance&gt;&lt;PotentialImpacts&gt;&lt;/PotentialImpacts&gt;&lt;ThirdPartyTools&gt;&lt;/ThirdPartyTools&gt;&lt;MitigationControl&gt;&lt;/MitigationControl&gt;&lt;Responsibility&gt;&lt;/Responsibility&gt;&lt;IAControls&gt;&lt;/IAControls&gt;</description><reference><dc:title>DPMS Target AvePoint Compliance Guardian</dc:title><dc:publisher>DISA</dc:publisher><dc:type>DPMS Target</dc:type><dc:subject>AvePoint Compliance Guardian</dc:subject><dc:identifier>5531</dc:identifier></reference><ident system="http://cyber.mil/cci">CCI-002314</ident><fixtext fixref="F-60463r890144_fix">If needed configure the Compliance Guardian Manager to restrict inbound connections from nonsecure zones.
- Log on to Compliance Guardian as admin account.
- On the Control Panel page in the System Configuration section, click "General Settings". 
- Select "Security - System Security Policy".
- Navigate to "Specify network security settings".
- Select "Enable Network Security" option.
- Add known, secure IPs to allow list of "Trusted Network" option.
- Or, add IPs to block to "Restricted Network" list.
- Save the settings.</fixtext><fix id="F-60463r890144_fix" /><check system="C-60520r890143_chk"><check-content-ref href="U_AP_Compliance_Guardian_STIG_V1R1_Manual-xccdf.xml" name="M" /><check-content>Check the Compliance Guardian Manager configuration to ensure the restriction of inbound connections from nonsecure zones.
- Log on to Compliance Guardian as admin account.
- On the Control Panel page in the System Configuration section, click "General Settings". 
- Select "Security - System Security Policy".
- Verify "Specify network security settings" option.

If "Enable Network Security" is not selected, this is a finding.

If "Enable Network Security" is selected, review the entries under Trusted Network. Verify only known, secure IPs are configured as "Allow".

If "Restricted Network" is selected, review the entries under Restricted Network. 

If IP address restrictions are not configured or IP ranges configured to be allowed are not restrictive enough to prevent connections from nonsecure zones, this is a finding.</check-content></check></Rule></Group><Group id="V-256846"><title>SRG-APP-000404</title><description>&lt;GroupDescription&gt;&lt;/GroupDescription&gt;</description><Rule id="SV-256846r890148_rule" weight="10.0" severity="medium"><version>APCG-00-000035</version><title>Compliance Guardian must accept FICAM-approved third-party credentials.</title><description>&lt;VulnDiscussion&gt;Access may be denied to legitimate users if FICAM-approved third-party credentials are not accepted. 

This requirement typically applies to organizational information systems that are accessible to nonfederal government agencies and other partners. This allows federal government-relying parties to trust such credentials at their approved assurance levels.

Third-party credentials are those credentials issued by nonfederal government entities approved by the Federal Identity, Credential, and Access Management (FICAM) Trust Framework Solutions initiative.&lt;/VulnDiscussion&gt;&lt;FalsePositives&gt;&lt;/FalsePositives&gt;&lt;FalseNegatives&gt;&lt;/FalseNegatives&gt;&lt;Documentable&gt;false&lt;/Documentable&gt;&lt;Mitigations&gt;&lt;/Mitigations&gt;&lt;SeverityOverrideGuidance&gt;&lt;/SeverityOverrideGuidance&gt;&lt;PotentialImpacts&gt;&lt;/PotentialImpacts&gt;&lt;ThirdPartyTools&gt;&lt;/ThirdPartyTools&gt;&lt;MitigationControl&gt;&lt;/MitigationControl&gt;&lt;Responsibility&gt;&lt;/Responsibility&gt;&lt;IAControls&gt;&lt;/IAControls&gt;</description><reference><dc:title>DPMS Target AvePoint Compliance Guardian</dc:title><dc:publisher>DISA</dc:publisher><dc:type>DPMS Target</dc:type><dc:subject>AvePoint Compliance Guardian</dc:subject><dc:identifier>5531</dc:identifier></reference><ident system="http://cyber.mil/cci">CCI-002011</ident><fixtext fixref="F-60464r890147_fix">Configure Compliance Guardian to use ADFS Integration.
- Log on to Compliance Guardian with admin account.
- On the Control Panel page in the General Security section, click "Authentication Manager".
- Click "ADFS Integration" to open ADFS Integration Configuration Wizard page and complete the configuration.
- Click "Enable link" of the ADFS Integration row to enable ADFS Integration.
- Back on the Control Panel page in the Account section, click "Users". 
- Navigate to "Add User" page.
- Select ADFS Claim from the drop-down list in the "User Type" field.
- Select the Claim Name and input the Claim Value in the "How Would You Like To Retrieve User Information" field.
- Save the settings.</fixtext><fix id="F-60464r890147_fix" /><check system="C-60521r890146_chk"><check-content-ref href="U_AP_Compliance_Guardian_STIG_V1R1_Manual-xccdf.xml" name="M" /><check-content>Note: This requirement is Not Applicable if ADFS is not being utilized.

ADFS can be used to federate with approved third-party users.

Check the Compliance Guardian configuration option for ADFS Integration.
- Log on to Compliance Guardian with admin account.
- On the Control Panel page in the General Security section, click "Authentication Manager". 
- Verify that the ADFS Integration option is enabled.

If the ADFS Integration is not enabled, this is a finding.</check-content></check></Rule></Group><Group id="V-256847"><title>SRG-APP-000405</title><description>&lt;GroupDescription&gt;&lt;/GroupDescription&gt;</description><Rule id="SV-256847r890151_rule" weight="10.0" severity="medium"><version>APCG-00-000040</version><title>Compliance Guardian must conform to FICAM-issued profiles.</title><description>&lt;VulnDiscussion&gt;Without conforming to FICAM-issued profiles, the information system may not be interoperable with FICAM-authentication protocols, such as SAML 2.0 and OpenID 2.0.

This requirement addresses open identity management standards.&lt;/VulnDiscussion&gt;&lt;FalsePositives&gt;&lt;/FalsePositives&gt;&lt;FalseNegatives&gt;&lt;/FalseNegatives&gt;&lt;Documentable&gt;false&lt;/Documentable&gt;&lt;Mitigations&gt;&lt;/Mitigations&gt;&lt;SeverityOverrideGuidance&gt;&lt;/SeverityOverrideGuidance&gt;&lt;PotentialImpacts&gt;&lt;/PotentialImpacts&gt;&lt;ThirdPartyTools&gt;&lt;/ThirdPartyTools&gt;&lt;MitigationControl&gt;&lt;/MitigationControl&gt;&lt;Responsibility&gt;&lt;/Responsibility&gt;&lt;IAControls&gt;&lt;/IAControls&gt;</description><reference><dc:title>DPMS Target AvePoint Compliance Guardian</dc:title><dc:publisher>DISA</dc:publisher><dc:type>DPMS Target</dc:type><dc:subject>AvePoint Compliance Guardian</dc:subject><dc:identifier>5531</dc:identifier></reference><ident system="http://cyber.mil/cci">CCI-002014</ident><fixtext fixref="F-60465r890150_fix">Configure Compliance Guardian to use ADFS Integration.
- Log on to Compliance Guardian with admin account.
- On the Control Panel page in the General Security section, click "Authentication Manager".
- Click "ADFS Integration" to open ADFS Integration Configuration Wizard page and complete the configuration.
- Click "Enable" link of the "ADFS Integration" row to enable ADFS Integration.
- Back to the Control Panel page in the Account section, click "Users". 
- Navigate to "Add User" page.
- Select "ADFS Claim" from the drop-down list in the "User Type" field.
- Select the Claim Name and input the Claim Value in the "How Would You Like To Retrieve User Information" field.
- Save the settings.</fixtext><fix id="F-60465r890150_fix" /><check system="C-60522r890149_chk"><check-content-ref href="U_AP_Compliance_Guardian_STIG_V1R1_Manual-xccdf.xml" name="M" /><check-content>Note:  This requirement is Not Applicable is ADFS is not being utilized.

Check the Compliance Guardian configuration option for ADFS Integration.
- Log on to Compliance Guardian with admin account.
- On the Control Panel page in the General Security section, click "Authentication Manager". 
- Verify that the ADFS Integration option is enabled.

If the ADFS Integration is not enabled, this is a finding.</check-content></check></Rule></Group><Group id="V-256848"><title>SRG-APP-000427</title><description>&lt;GroupDescription&gt;&lt;/GroupDescription&gt;</description><Rule id="SV-256848r890154_rule" weight="10.0" severity="medium"><version>APCG-00-000045</version><title>Compliance Guardian must only allow the use of DOD PKI established certificate authorities for verification of the establishment of protected sessions.</title><description>&lt;VulnDiscussion&gt;Untrusted Certificate Authorities (CAs) can issue certificates, but they may be issued by organizations or individuals that seek to compromise DOD systems or by organizations with insufficient security controls. If the CA used for verifying the certificate is not a DOD-approved CA, trust of this CA has not been established.

The DOD will only accept PKI certificates obtained from a DOD-approved internal or external certificate authority. Reliance on CAs for the establishment of secure sessions includes the use of TLS certificates.

This requirement focuses on communications protection for the application session rather than for the network packet.

This requirement applies to applications that utilize communications sessions. This includes, but is not limited to, web-based applications and Service-Oriented Architectures (SOA).&lt;/VulnDiscussion&gt;&lt;FalsePositives&gt;&lt;/FalsePositives&gt;&lt;FalseNegatives&gt;&lt;/FalseNegatives&gt;&lt;Documentable&gt;false&lt;/Documentable&gt;&lt;Mitigations&gt;&lt;/Mitigations&gt;&lt;SeverityOverrideGuidance&gt;&lt;/SeverityOverrideGuidance&gt;&lt;PotentialImpacts&gt;&lt;/PotentialImpacts&gt;&lt;ThirdPartyTools&gt;&lt;/ThirdPartyTools&gt;&lt;MitigationControl&gt;&lt;/MitigationControl&gt;&lt;Responsibility&gt;&lt;/Responsibility&gt;&lt;IAControls&gt;&lt;/IAControls&gt;</description><reference><dc:title>DPMS Target AvePoint Compliance Guardian</dc:title><dc:publisher>DISA</dc:publisher><dc:type>DPMS Target</dc:type><dc:subject>AvePoint Compliance Guardian</dc:subject><dc:identifier>5531</dc:identifier></reference><ident system="http://cyber.mil/cci">CCI-002470</ident><fixtext fixref="F-60466r890153_fix">Configure Compliance Guardian to ensure that it uses PKI certificates obtained from a DOD-approved internal or external certificate authority. There are three different settings in Compliance Guardian that are related to certificates.
1. The Compliance Guardian web server for the web UI.
2. The Compliance Guardian Manager communication certificate for communicating with Compliance Guardian Agents.
3. The Compliance Guardian Agent communication certificate for communicating with Compliance Guardian Manager.

1. Configure the Compliance Guardian Web Site certificate setting.
- On the Compliance Guardian Manager server, open Internet Information Services (IIS) Manager.
- In IIS Manager, expand the Sites node in the Connections panel on the left and find Compliance Guardian Control Web Site. The default name of Compliance Guardian Control Web Site is ComplianceGuardian4Site.
- Click "Bindings" in the Actions panel on the right to open the "Site Bindings" window.
- Click "Edit" in Site Bindings window to open the "Edit Site Binding" window.
- Select the DOD-approved certificate.
- Click "OK" to save settings.

2. Configure the Compliance Guardian Manager communication certificate setting.
- On the Compliance Guardian Manager server, open Compliance Guardian Manager Configuration Tool.
- Click "Advanced Configuration" on the left.
- Click the "User-defined Certificate" radio button, then click "Select Certificate" to open the Windows Security window.
- Select the DOD-approved certificate.
- Click OK to save settings.

3. Configure the Compliance Guardian Agent communication certificate setting.
- On the Compliance Guardian Agent server, open Compliance Guardian Agent Configuration Tool.
- Navigate to the SSL Certificate panel.
- Click the "User-defined Certificate" radio button, then click "Select Certificate" button to open the Windows Security window.
- Select the DOD-approved certificate.
- Click OK to save settings.</fixtext><fix id="F-60466r890153_fix" /><check system="C-60523r890152_chk"><check-content-ref href="U_AP_Compliance_Guardian_STIG_V1R1_Manual-xccdf.xml" name="M" /><check-content>There are three different settings in Compliance Guardian that are related to certificates.
1. The Compliance Guardian web server for the web UI.
2. The Compliance Guardian Manager communication certificate for communicating with Compliance Guardian Agents.
3. The Compliance Guardian Agent communication certificate for communicating with Compliance Guardian Manager.

1. Check the Compliance Guardian Web Site certificate setting.
- On the Compliance Guardian Manager server, open Internet Information Services (IIS) Manager.
- In IIS Manager, expand the Sites node in the Connections panel on the left and find Compliance Guardian Web Site. The default name of Compliance Guardian Control Web Site is ComplianceGuardian4Site.
- Click "Bindings" in the Actions panel on the right to open the "Site Bindings" window.
- Click "Edit" in Site Bindings window to open the "Edit Site Binding" window.
- Verify the certificate information.

If the certificate used is not a DOD- or AO-approved certificate, this is a finding.

2. Check the Compliance Guardian Manager communication certificate setting.
- On the Compliance Guardian Manager server, open Compliance Guardian Manager Configuration Tool.
- Click "Advanced Configuration" on the left.
- Verify the certificate information.

If the certificate used is not a DOD-approved certificate, this is a finding.

3. Check the Compliance Guardian Agent communication certificate setting.
- On the Compliance Guardian Agent server, open Compliance Guardian Agent Configuration Tool.
- Navigate to the SSL Certificate panel.
- Verify the certificate information.

If the certificate used is not a DOD-approved certificate, this is a finding.</check-content></check></Rule></Group></Benchmark>