﻿<?xml version="1.0" encoding="utf-8"?><?xml-stylesheet type='text/xsl' href='STIG_unclass.xsl'?><Benchmark xmlns:dsig="http://www.w3.org/2000/09/xmldsig#" xmlns:xsi="http://www.w3.org/2001/XMLSchema-instance" xmlns:cpe="http://cpe.mitre.org/language/2.0" xmlns:xhtml="http://www.w3.org/1999/xhtml" xmlns:dc="http://purl.org/dc/elements/1.1/" id="DB_Networks_DBN_6300_IDPS_STIG" xml:lang="en" xsi:schemaLocation="http://checklists.nist.gov/xccdf/1.1 http://nvd.nist.gov/schema/xccdf-1.1.4.xsd http://cpe.mitre.org/dictionary/2.0 http://cpe.mitre.org/files/cpe-dictionary_2.1.xsd" xmlns="http://checklists.nist.gov/xccdf/1.1"><status date="2017-09-15">accepted</status><title>DBN-6300 IDPS Security Technical Implementation Guide</title><description>This Security Technical Implementation Guide is published as a tool to improve the security of Department of Defense (DoD) information systems. The requirements are derived from the National Institute of Standards and Technology (NIST) 800-53 and related documents. Comments or proposed revisions to this document should be sent via e-mail to the following address: disa.stig_spt@mail.mil.</description><notice id="terms-of-use" xml:lang="en"></notice><reference href="http://iase.disa.mil"><dc:publisher>DISA</dc:publisher><dc:source>STIG.DOD.MIL</dc:source></reference><plain-text id="release-info">Release: 1 Benchmark Date: 12 Sep 2017</plain-text><version>1</version><Profile id="MAC-1_Classified"><title>I - Mission Critical Classified</title><description>&lt;ProfileDescription&gt;&lt;/ProfileDescription&gt;</description><select idref="V-64977" selected="true" /><select idref="V-64999" selected="true" /><select idref="V-65001" selected="true" /><select idref="V-65003" selected="true" /><select idref="V-65005" selected="true" /><select idref="V-65007" selected="true" /><select idref="V-65009" selected="true" /><select idref="V-65011" selected="true" /><select idref="V-65013" selected="true" /><select idref="V-65015" selected="true" /><select idref="V-65017" selected="true" /><select idref="V-65019" selected="true" /><select idref="V-65021" selected="true" /><select idref="V-65023" selected="true" /><select idref="V-65025" selected="true" /><select idref="V-65059" selected="true" /></Profile><Profile id="MAC-1_Public"><title>I - Mission Critical Public</title><description>&lt;ProfileDescription&gt;&lt;/ProfileDescription&gt;</description><select idref="V-64977" selected="true" /><select idref="V-64999" selected="true" /><select idref="V-65001" selected="true" /><select idref="V-65003" selected="true" /><select idref="V-65005" selected="true" /><select idref="V-65007" selected="true" /><select idref="V-65009" selected="true" /><select idref="V-65011" selected="true" /><select idref="V-65013" selected="true" /><select idref="V-65015" selected="true" /><select idref="V-65017" selected="true" /><select idref="V-65019" selected="true" /><select idref="V-65021" selected="true" /><select idref="V-65023" selected="true" /><select idref="V-65025" selected="true" /><select idref="V-65059" selected="true" /></Profile><Profile id="MAC-1_Sensitive"><title>I - Mission Critical Sensitive</title><description>&lt;ProfileDescription&gt;&lt;/ProfileDescription&gt;</description><select idref="V-64977" selected="true" /><select idref="V-64999" selected="true" /><select idref="V-65001" selected="true" /><select idref="V-65003" selected="true" /><select idref="V-65005" selected="true" /><select idref="V-65007" selected="true" /><select idref="V-65009" selected="true" /><select idref="V-65011" selected="true" /><select idref="V-65013" selected="true" /><select idref="V-65015" selected="true" /><select idref="V-65017" selected="true" /><select idref="V-65019" selected="true" /><select idref="V-65021" selected="true" /><select idref="V-65023" selected="true" /><select idref="V-65025" selected="true" /><select idref="V-65059" selected="true" /></Profile><Profile id="MAC-2_Classified"><title>II - Mission Support Classified</title><description>&lt;ProfileDescription&gt;&lt;/ProfileDescription&gt;</description><select idref="V-64977" selected="true" /><select idref="V-64999" selected="true" /><select idref="V-65001" selected="true" /><select idref="V-65003" selected="true" /><select idref="V-65005" selected="true" /><select idref="V-65007" selected="true" /><select idref="V-65009" selected="true" /><select idref="V-65011" selected="true" /><select idref="V-65013" selected="true" /><select idref="V-65015" selected="true" /><select idref="V-65017" selected="true" /><select idref="V-65019" selected="true" /><select idref="V-65021" selected="true" /><select idref="V-65023" selected="true" /><select idref="V-65025" selected="true" /><select idref="V-65059" selected="true" /></Profile><Profile id="MAC-2_Public"><title>II - Mission Support Public</title><description>&lt;ProfileDescription&gt;&lt;/ProfileDescription&gt;</description><select idref="V-64977" selected="true" /><select idref="V-64999" selected="true" /><select idref="V-65001" selected="true" /><select idref="V-65003" selected="true" /><select idref="V-65005" selected="true" /><select idref="V-65007" selected="true" /><select idref="V-65009" selected="true" /><select idref="V-65011" selected="true" /><select idref="V-65013" selected="true" /><select idref="V-65015" selected="true" /><select idref="V-65017" selected="true" /><select idref="V-65019" selected="true" /><select idref="V-65021" selected="true" /><select idref="V-65023" selected="true" /><select idref="V-65025" selected="true" /><select idref="V-65059" selected="true" /></Profile><Profile id="MAC-2_Sensitive"><title>II - Mission Support Sensitive</title><description>&lt;ProfileDescription&gt;&lt;/ProfileDescription&gt;</description><select idref="V-64977" selected="true" /><select idref="V-64999" selected="true" /><select idref="V-65001" selected="true" /><select idref="V-65003" selected="true" /><select idref="V-65005" selected="true" /><select idref="V-65007" selected="true" /><select idref="V-65009" selected="true" /><select idref="V-65011" selected="true" /><select idref="V-65013" selected="true" /><select idref="V-65015" selected="true" /><select idref="V-65017" selected="true" /><select idref="V-65019" selected="true" /><select idref="V-65021" selected="true" /><select idref="V-65023" selected="true" /><select idref="V-65025" selected="true" /><select idref="V-65059" selected="true" /></Profile><Profile id="MAC-3_Classified"><title>III - Administrative Classified</title><description>&lt;ProfileDescription&gt;&lt;/ProfileDescription&gt;</description><select idref="V-64977" selected="true" /><select idref="V-64999" selected="true" /><select idref="V-65001" selected="true" /><select idref="V-65003" selected="true" /><select idref="V-65005" selected="true" /><select idref="V-65007" selected="true" /><select idref="V-65009" selected="true" /><select idref="V-65011" selected="true" /><select idref="V-65013" selected="true" /><select idref="V-65015" selected="true" /><select idref="V-65017" selected="true" /><select idref="V-65019" selected="true" /><select idref="V-65021" selected="true" /><select idref="V-65023" selected="true" /><select idref="V-65025" selected="true" /><select idref="V-65059" selected="true" /></Profile><Profile id="MAC-3_Public"><title>III - Administrative Public</title><description>&lt;ProfileDescription&gt;&lt;/ProfileDescription&gt;</description><select idref="V-64977" selected="true" /><select idref="V-64999" selected="true" /><select idref="V-65001" selected="true" /><select idref="V-65003" selected="true" /><select idref="V-65005" selected="true" /><select idref="V-65007" selected="true" /><select idref="V-65009" selected="true" /><select idref="V-65011" selected="true" /><select idref="V-65013" selected="true" /><select idref="V-65015" selected="true" /><select idref="V-65017" selected="true" /><select idref="V-65019" selected="true" /><select idref="V-65021" selected="true" /><select idref="V-65023" selected="true" /><select idref="V-65025" selected="true" /><select idref="V-65059" selected="true" /></Profile><Profile id="MAC-3_Sensitive"><title>III - Administrative Sensitive</title><description>&lt;ProfileDescription&gt;&lt;/ProfileDescription&gt;</description><select idref="V-64977" selected="true" /><select idref="V-64999" selected="true" /><select idref="V-65001" selected="true" /><select idref="V-65003" selected="true" /><select idref="V-65005" selected="true" /><select idref="V-65007" selected="true" /><select idref="V-65009" selected="true" /><select idref="V-65011" selected="true" /><select idref="V-65013" selected="true" /><select idref="V-65015" selected="true" /><select idref="V-65017" selected="true" /><select idref="V-65019" selected="true" /><select idref="V-65021" selected="true" /><select idref="V-65023" selected="true" /><select idref="V-65025" selected="true" /><select idref="V-65059" selected="true" /></Profile><Group id="V-64977"><title>SRG-NET-000318-IDPS-00068</title><description>&lt;GroupDescription&gt;&lt;/GroupDescription&gt;</description><Rule id="SV-79467r1_rule" severity="medium" weight="10.0"><version>DBNW-IP-000032</version><title>To help detect unauthorized data mining, the DBN-6300 must detect code injection attacks launched against data storage objects, including, at a minimum, databases, database records, queries, and fields.</title><description>&lt;VulnDiscussion&gt;Data mining is the analysis of large quantities of data to discover patterns and is used in intelligence gathering. Failure to detect attacks that use unauthorized data mining techniques to attack databases may result in the compromise of information.

SQL Injection attacks allow an attacker to inject code into a program or query or inject malware onto a computer to execute remote commands that can read or modify a database, or change data on a website. Web applications frequently access databases to store, retrieve, and update information. An attacker can construct inputs that the database will execute. This is most commonly referred to as a SQL injection attack. 

IDPS component(s) with the capability to detect code injections must be included in the IDPS implementation to detect unauthorized data mining. These components must include behavior-based anomaly detection algorithms to monitor for atypical database queries or accesses.&lt;/VulnDiscussion&gt;&lt;FalsePositives&gt;&lt;/FalsePositives&gt;&lt;FalseNegatives&gt;&lt;/FalseNegatives&gt;&lt;Documentable&gt;false&lt;/Documentable&gt;&lt;Mitigations&gt;&lt;/Mitigations&gt;&lt;SeverityOverrideGuidance&gt;&lt;/SeverityOverrideGuidance&gt;&lt;PotentialImpacts&gt;&lt;/PotentialImpacts&gt;&lt;ThirdPartyTools&gt;&lt;/ThirdPartyTools&gt;&lt;MitigationControl&gt;&lt;/MitigationControl&gt;&lt;Responsibility&gt;&lt;/Responsibility&gt;&lt;IAControls&gt;&lt;/IAControls&gt;</description><reference><dc:title>DPMS Target DB Networks DBN-6300 IDPS</dc:title><dc:publisher>DISA</dc:publisher><dc:type>DPMS Target</dc:type><dc:subject>DB Networks DBN-6300 IDPS</dc:subject><dc:identifier>2949</dc:identifier></reference><ident system="http://iase.disa.mil/cci">CCI-002346</ident><fixtext fixref="F-70917r2_fix">Configure a database for SQL injection protection.

Enable the SQL injection detection capabilities on the applicable interface for the database to be protected.

Navigate to Admin &gt;&gt; Capture &gt;&gt; Capture Sources.

Select the interface connected the network that contains the database traffic.

Click on the "Enable" button and ensure the "Link up" indicator turns green.

Map the database.

Navigate to Database &gt;&gt; Database Mapping and find the database to be protected.

Click on the check box on the left.

Click on the first button at the top of the table which, when hovering over the button, is labeled “Map selected service to new db using their default names". The Mapping Status of the database will change to "Pending Mapping".

On the left side of the screen above the label that says "showing", click the button with the arrow. The Mapping Status for the database will change to "Mapped". 

Note: The learning process requires enough database traffic to properly characterize normal application behavior.

Navigate to Learning &gt;&gt; Time Regions and click on the left arrow to expand the window.

Click on the plus sign to view the captured traffic.

Organizations must capture a significant amount of traffic to enable the device to learn the traffic patterns. The vendor recommends at least three or more days of database traffic learning depending on the organization's traffic volume.

Click the "Commit Learning" button on the lower right.

View the "State" column of the database to verify the shield symbol is green.</fixtext><fix id="F-70917r2_fix" /><check system="C-65635r2_chk"><check-content-ref name="M" href="DPMS_XCCDF_Benchmark_DB_Networks_DBN_6300_IDPS_STIG.xml" /><check-content>View the organization's documentation to determine which databases are required to be protected. 

If the documentation does not exist, this is a finding.

Navigate to Learning &gt;&gt; Time Regions and view the table of detected databases.

For each database requiring protection, view the "State". Unprotected databases show a red shield. Protected databases show a green shield.

If databases that are required to be protected are not being protected, this is a finding.</check-content></check></Rule></Group><Group id="V-64999"><title>SRG-NET-000089-IDPS-00010</title><description>&lt;GroupDescription&gt;&lt;/GroupDescription&gt;</description><Rule id="SV-79489r1_rule" severity="medium" weight="10.0"><version>DBNW-IP-000009</version><title>In the event of a logging failure, caused by loss of communications with the central logging server, the DBN-6300 must queue audit records locally until communication is restored or until the audit records are retrieved manually or using automated synchronization tools.</title><description>&lt;VulnDiscussion&gt;It is critical that when the IDPS is at risk of failing to process audit logs as required, it take action to mitigate the failure. 
 
Audit processing failures include software/hardware errors, failures in the audit capturing mechanisms, and audit storage capacity being reached or exceeded. Responses to audit failure depend upon the nature of the failure. 
 
The DBN-6300 performs a critical security function; therefore, its continued operation is imperative. Since availability of the DBN-6300 is an overriding concern, shutting down the system in the event of an audit failure should be avoided, except as a last resort. The SYSLOG protocol does not support automated synchronization; however, this functionality may be provided by Network Management Systems (NMSs), which are not within the scope of this STIG.&lt;/VulnDiscussion&gt;&lt;FalsePositives&gt;&lt;/FalsePositives&gt;&lt;FalseNegatives&gt;&lt;/FalseNegatives&gt;&lt;Documentable&gt;false&lt;/Documentable&gt;&lt;Mitigations&gt;&lt;/Mitigations&gt;&lt;SeverityOverrideGuidance&gt;&lt;/SeverityOverrideGuidance&gt;&lt;PotentialImpacts&gt;&lt;/PotentialImpacts&gt;&lt;ThirdPartyTools&gt;&lt;/ThirdPartyTools&gt;&lt;MitigationControl&gt;&lt;/MitigationControl&gt;&lt;Responsibility&gt;&lt;/Responsibility&gt;&lt;IAControls&gt;&lt;/IAControls&gt;</description><reference><dc:title>DPMS Target DB Networks DBN-6300 IDPS</dc:title><dc:publisher>DISA</dc:publisher><dc:type>DPMS Target</dc:type><dc:subject>DB Networks DBN-6300 IDPS</dc:subject><dc:identifier>2949</dc:identifier></reference><ident system="http://iase.disa.mil/cci">CCI-000140</ident><fixtext fixref="F-70939r2_fix">Audit records are automatically backed up on a real-time basis via syslog when enabled.

Verify the DBN-6300 is connected to the syslog server.

Navigate to Settings &gt;&gt; Advanced &gt;&gt; Syslog. 

Verify that the syslog server information is valid and that the syslog server has connected.  

Navigate to Settings &gt;&gt; Advanced &gt;&gt; Audit Log and verify that the Audit Syslog, "Use System Syslog" button is set to "Yes" and the Audit Configuration Categories are all checked for Audit Log, Syslog, and Audit Console.

When a network failure occurs, the audit records can be retrieved manually by downloading the records via the System State Report. This is done by navigating to Support - System State Report, "New Report" (file name is optional). A report will be generated. Using the download arrow on the right of the screen, download and examine the System State Report for the audit record showing the latest audit log.</fixtext><fix id="F-70939r2_fix" /><check system="C-65657r2_chk"><check-content-ref name="M" href="DPMS_XCCDF_Benchmark_DB_Networks_DBN_6300_IDPS_STIG.xml" /><check-content>Audit records are automatically backed up on a real-time basis via syslog when enabled.

Verify the DBN-6300 is connected to the syslog server.

Navigate to Settings &gt;&gt; Advanced &gt;&gt; Syslog.

Verify that the syslog services are set to "on", the syslog server information is valid, and the syslog server has connected.  

Navigate to Settings &gt;&gt; Advanced &gt;&gt; Audit Log and verify that the Audit Syslog, "Use System Syslog" button is set to "Yes" and the Audit Configuration Categories are all checked for Audit Log, Syslog, and Audit Console.

Following this verification, process a successful account action (of any kind). Confirm the presence of a syslog message on the syslog server containing the information for whatever successful account action was taken.

If the DBN-6300 is not connected to the syslog server, or if the syslog server is connected but the message containing the information that a successful account action that was taken and had just occurred is not there, this is a finding.</check-content></check></Rule></Group><Group id="V-65001"><title>SRG-NET-000089-IDPS-00069</title><description>&lt;GroupDescription&gt;&lt;/GroupDescription&gt;</description><Rule id="SV-79491r1_rule" severity="medium" weight="10.0"><version>DBNW-IP-000010</version><title>In the event of a logging failure caused by the lack of log record storage capacity, the DBN-6300 must continue generating and storing audit records if possible, overwriting the oldest audit records in a first-in-first-out manner.</title><description>&lt;VulnDiscussion&gt;It is critical that when the IDPS is at risk of failing to process audit logs as required, it takes action to mitigate the failure. 
 
The DBN-6300 performs a critical security function, so its continued operation is imperative. Since availability of the IDPS is an overriding concern, shutting down the system in the event of an audit failure should be avoided, except as a last resort.&lt;/VulnDiscussion&gt;&lt;FalsePositives&gt;&lt;/FalsePositives&gt;&lt;FalseNegatives&gt;&lt;/FalseNegatives&gt;&lt;Documentable&gt;false&lt;/Documentable&gt;&lt;Mitigations&gt;&lt;/Mitigations&gt;&lt;SeverityOverrideGuidance&gt;&lt;/SeverityOverrideGuidance&gt;&lt;PotentialImpacts&gt;&lt;/PotentialImpacts&gt;&lt;ThirdPartyTools&gt;&lt;/ThirdPartyTools&gt;&lt;MitigationControl&gt;&lt;/MitigationControl&gt;&lt;Responsibility&gt;&lt;/Responsibility&gt;&lt;IAControls&gt;&lt;/IAControls&gt;</description><reference><dc:title>DPMS Target DB Networks DBN-6300 IDPS</dc:title><dc:publisher>DISA</dc:publisher><dc:type>DPMS Target</dc:type><dc:subject>DB Networks DBN-6300 IDPS</dc:subject><dc:identifier>2949</dc:identifier></reference><ident system="http://iase.disa.mil/cci">CCI-000140</ident><fixtext fixref="F-70941r6_fix">Audit records are automatically backed up on a real-time basis via syslog when enabled.

Verify the DBN-6300 is connected to the syslog server.

Navigate to Settings &gt;&gt; Advanced &gt;&gt; Syslog.

Verify that the syslog server information is valid and that the syslog server has connected.

Navigate to Settings &gt;&gt; Advanced &gt;&gt; Audit Log and verify that the Audit Syslog, "Use System Syslog" button is set to "Yes" and the Audit Configuration Categories are all checked for Audit Log, Syslog, and Audit Console.

When a network failure occurs, the audit records can be retrieved manually by downloading the records via the System State Report. This is done by navigating to Support - System State Report, "New Report" (file name is optional). A report will be generated. Using the download arrow on the right of the screen, download and examine the System State Report for the audit record showing the latest audit log.</fixtext><fix id="F-70941r6_fix" /><check system="C-65659r2_chk"><check-content-ref name="M" href="DPMS_XCCDF_Benchmark_DB_Networks_DBN_6300_IDPS_STIG.xml" /><check-content>Audit records are automatically backed up on a real-time basis via syslog when enabled.

Verify the DBN-6300 is connected to the syslog server.

Navigate to Settings &gt;&gt; Advanced &gt;&gt; Syslog.

Verify that the syslog services are set to "on", the syslog server information is valid, and the syslog server has connected.

Navigate to Settings &gt;&gt; Advanced &gt;&gt; Audit Log and verify that the Audit Syslog, "Use System Syslog" button is set to "Yes" and the Audit Configuration Categories are all checked for Audit Log, Syslog, and Audit Console.

Following this verification, process a successful account action (of any kind). Confirm the presence of a syslog message on the syslog server containing the information for whatever successful account action was taken.

If the DBN-6300 is not connected to the syslog server, or if the syslog server is connected but the message containing the information that a successful account action that was taken and had just occurred is not there, this is a finding.</check-content></check></Rule></Group><Group id="V-65003"><title>SRG-NET-000113-IDPS-00013</title><description>&lt;GroupDescription&gt;&lt;/GroupDescription&gt;</description><Rule id="SV-79493r1_rule" severity="medium" weight="10.0"><version>DBNW-IP-000012</version><title>The DBN-6300 must generate log events for detection events based on anomaly analysis.</title><description>&lt;VulnDiscussion&gt;Without the capability to generate audit records, it would be difficult to establish, correlate, and investigate the events relating to an incident or identify those responsible for one. 
 
While auditing and logging are closely related, they are not the same. Logging is recording data about events that take place in a system, while auditing is the use of log records to identify security-relevant information such as system or user accesses. In short, log records are audited to establish an accurate history. Without logging, it would be impossible to establish an audit trail. 
 
The IDPS must have the capability to capture and log detected security violations and potential security violations.&lt;/VulnDiscussion&gt;&lt;FalsePositives&gt;&lt;/FalsePositives&gt;&lt;FalseNegatives&gt;&lt;/FalseNegatives&gt;&lt;Documentable&gt;false&lt;/Documentable&gt;&lt;Mitigations&gt;&lt;/Mitigations&gt;&lt;SeverityOverrideGuidance&gt;&lt;/SeverityOverrideGuidance&gt;&lt;PotentialImpacts&gt;&lt;/PotentialImpacts&gt;&lt;ThirdPartyTools&gt;&lt;/ThirdPartyTools&gt;&lt;MitigationControl&gt;&lt;/MitigationControl&gt;&lt;Responsibility&gt;&lt;/Responsibility&gt;&lt;IAControls&gt;&lt;/IAControls&gt;</description><reference><dc:title>DPMS Target DB Networks DBN-6300 IDPS</dc:title><dc:publisher>DISA</dc:publisher><dc:type>DPMS Target</dc:type><dc:subject>DB Networks DBN-6300 IDPS</dc:subject><dc:identifier>2949</dc:identifier></reference><ident system="http://iase.disa.mil/cci">CCI-000169</ident><fixtext fixref="F-70943r2_fix">Configure the DBN-6300 to be connected to the syslog server. 
 
Navigate to Settings &gt;&gt; Advanced &gt;&gt; Syslog. 
 
Enter the syslog connection information (port and IP address) and push the "enabled" button for both "TCP" and "enable". 
 
Click on "Commit".</fixtext><fix id="F-70943r2_fix" /><check system="C-65661r2_chk"><check-content-ref name="M" href="DPMS_XCCDF_Benchmark_DB_Networks_DBN_6300_IDPS_STIG.xml" /><check-content>Verify the DBN-6300 is connected to the syslog server. 
 
Navigate to Settings &gt;&gt; Advanced &gt;&gt; Syslog. 
 
Verify that the syslog services are set to "on", the syslog server information is valid, and the syslog server has connected. 
 
If the DBN-6300 is not connected to the syslog server, or if the syslog server is connected when an event/alert occurs and this event does not appear in the syslog server, this is a finding.</check-content></check></Rule></Group><Group id="V-65005"><title>SRG-NET-000246-IDPS-00205</title><description>&lt;GroupDescription&gt;&lt;/GroupDescription&gt;</description><Rule id="SV-79495r1_rule" severity="medium" weight="10.0"><version>DBNW-IP-000024</version><title>The DBN-6300 must install system updates when new releases are available in accordance with organizational configuration management policy and procedures.</title><description>&lt;VulnDiscussion&gt;Failing to update malicious code protection mechanisms, including application software files, signature definitions, and vendor-provided rules, leaves the system vulnerable to exploitation by recently developed attack methods and programs. 
 
The IDPS is a key malicious code protection mechanism in the enclave infrastructure. To ensure this protection is responsive to changes in malicious code threats, IDPS components must be updated, including application software files, anti-virus signatures, detection heuristics, vendor-provided rules, and vendor-provided signatures. 
 
Updates must be installed in accordance with the CCB procedures for the local organization. However, at a minimum:  
 
1. Updates designated as critical security updates by the vendor must be installed immediately.  
 
2. Updates for signature definitions, detection heuristics, and vendor-provided rules must be installed immediately. 
 
3. Updates for application software must be installed in accordance with the CCB procedures. 
 
4. Prior to automatically installing updates, either manual or automated integrity and authentication checking is required, at a minimum, for application software updates.&lt;/VulnDiscussion&gt;&lt;FalsePositives&gt;&lt;/FalsePositives&gt;&lt;FalseNegatives&gt;&lt;/FalseNegatives&gt;&lt;Documentable&gt;false&lt;/Documentable&gt;&lt;Mitigations&gt;&lt;/Mitigations&gt;&lt;SeverityOverrideGuidance&gt;&lt;/SeverityOverrideGuidance&gt;&lt;PotentialImpacts&gt;&lt;/PotentialImpacts&gt;&lt;ThirdPartyTools&gt;&lt;/ThirdPartyTools&gt;&lt;MitigationControl&gt;&lt;/MitigationControl&gt;&lt;Responsibility&gt;&lt;/Responsibility&gt;&lt;IAControls&gt;&lt;/IAControls&gt;</description><reference><dc:title>DPMS Target DB Networks DBN-6300 IDPS</dc:title><dc:publisher>DISA</dc:publisher><dc:type>DPMS Target</dc:type><dc:subject>DB Networks DBN-6300 IDPS</dc:subject><dc:identifier>2949</dc:identifier></reference><ident system="http://iase.disa.mil/cci">CCI-001240</ident><fixtext fixref="F-70945r2_fix">Configure the DBN-6300 for system updates. 
 
Log on to the DB Networks SFTP site reserved specifically for the organization using the site's unique logon and password issued by DB Networks administrators. 
 
Using the SFTP protocol, navigate to the latest system image. Download this image to a local file repository. The file cannot be downloaded directly to the DBN-6300. 
 
If the machine with access to the DB Networks SFTP site does not have access, the upgrade image, once tested, may be moved to a system that does have direct connectivity to the DBN-6300 to be upgraded. 
 
Click on Tools &gt;&gt; File Management and click the "Upload File" button. A file navigation window will open. 
 
Navigate to the upgrade file and start the file upload. 
 
When file upload is complete, select "Tools" and click on the "Updates" button. 
 
Select the upgrade file and click on "Upgrade". 
 
After the upgrade is complete, click on Admin &gt;&gt; System Control &gt;&gt; Restart Production Mode to restart the system.</fixtext><fix id="F-70945r2_fix" /><check system="C-65663r2_chk"><check-content-ref name="M" href="DPMS_XCCDF_Benchmark_DB_Networks_DBN_6300_IDPS_STIG.xml" /><check-content>To verify the current version is installed, navigate to the main screen of the DBN-6300. 
 
View the current running code that is visible in the upper-right corner of the screen. 
 
Log on to the organization's DB Networks SFTP site and view the version number of the current release. 
 
If the current code version does not match the version of the latest available release, this is a finding.</check-content></check></Rule></Group><Group id="V-65007"><title>SRG-NET-000318-IDPS-00183</title><description>&lt;GroupDescription&gt;&lt;/GroupDescription&gt;</description><Rule id="SV-79497r1_rule" severity="medium" weight="10.0"><version>DBNW-IP-000034</version><title>To protect against unauthorized data mining, the DBN-6300 must monitor for and detect SQL injection attacks launched against data storage objects, including, at a minimum, databases, database records, and database fields.</title><description>&lt;VulnDiscussion&gt;Data mining is the analysis of large quantities of data to discover patterns and is used in intelligence gathering. Failure to detect attacks that use unauthorized data mining techniques to attack databases may result in the compromise of information.

The DBN-6300 is a passive listening device, and operates only as a detector, inspecting database traffic from a mirrored/SPAN port or tap for the purpose of analyzing every SQL statement visible on that network segment, and is therefore not in a position to block the flow of network traffic.  Any blocking will be performed by a different device on the network based on the analysis provided by the DBN-6300.  Protection against attacks launched against data storage objects, databases, database records and database fields will be managed by other devices, potentially based on information provided by the IDPS-6300.&lt;/VulnDiscussion&gt;&lt;FalsePositives&gt;&lt;/FalsePositives&gt;&lt;FalseNegatives&gt;&lt;/FalseNegatives&gt;&lt;Documentable&gt;false&lt;/Documentable&gt;&lt;Mitigations&gt;&lt;/Mitigations&gt;&lt;SeverityOverrideGuidance&gt;&lt;/SeverityOverrideGuidance&gt;&lt;PotentialImpacts&gt;&lt;/PotentialImpacts&gt;&lt;ThirdPartyTools&gt;&lt;/ThirdPartyTools&gt;&lt;MitigationControl&gt;&lt;/MitigationControl&gt;&lt;Responsibility&gt;&lt;/Responsibility&gt;&lt;IAControls&gt;&lt;/IAControls&gt;</description><reference><dc:title>DPMS Target DB Networks DBN-6300 IDPS</dc:title><dc:publisher>DISA</dc:publisher><dc:type>DPMS Target</dc:type><dc:subject>DB Networks DBN-6300 IDPS</dc:subject><dc:identifier>2949</dc:identifier></reference><ident system="http://iase.disa.mil/cci">CCI-002346</ident><fixtext fixref="F-70947r2_fix">Configure a database for SQL injection protection.
 
Enable the SQL injection detection capabilities on the applicable interface for the database to be protected.
 
Navigate to Admin &gt;&gt; Capture &gt;&gt; Capture Sources.
 
Select the interface connected to the network that contains the database traffic.
 
Click on the Enable button and ensure the Link up indicator turns green.
 
Map the database.
 
Navigate to Database &gt;&gt; Database Mapping and find the database to be protected.
 
Click on the check box on the left. 
 
Click on the first button at the top of the table which, when hovering over the button, is labeled "Map selected service to new db using their default names". The "Mapping Status" of the database will change to "Pending Mapping". 
 
On the left side of the screen above the label that says "showing", click the button with the arrow. The "Mapping Status" for the database will change to "Mapped".  
 
Note: The learning process requires enough database traffic to properly characterize normal application behavior. 
 
Navigate to Learning &gt;&gt; Time Regions and click on the left arrow to expand the window. 
 
Click on the plus sign to view the captured traffic. 
  
Organizations must capture a significant amount of traffic to enable the device to learn the traffic patterns. The vendor recommends at least three or more days of database traffic learning depending on the organization's traffic volume. 
 
Click the "Commit Learning" button on the lower right. 
 
View the "State" column of the database to verify the shield symbol is green.</fixtext><fix id="F-70947r2_fix" /><check system="C-65665r2_chk"><check-content-ref name="M" href="DPMS_XCCDF_Benchmark_DB_Networks_DBN_6300_IDPS_STIG.xml" /><check-content>View the organization's documentation to determine which databases are required to be protected.
 
If the documentation does not exist, this is a finding.
 
Navigate to Learning &gt;&gt; Time Regions and view the table of detected databases.
 
For each database requiring protection, view the "State". Unprotected databases show a red shield. Protected databases show a green shield.
 
If databases that are required to be protected are not being protected, this is a finding.</check-content></check></Rule></Group><Group id="V-65009"><title>SRG-NET-000319-IDPS-00184</title><description>&lt;GroupDescription&gt;&lt;/GroupDescription&gt;</description><Rule id="SV-79499r1_rule" severity="medium" weight="10.0"><version>DBNW-IP-000035</version><title>To protect against unauthorized data mining, the DBN-6300 must detect SQL code injection attacks launched against data storage objects, including, at a minimum, databases, database records, queries, and fields.</title><description>&lt;VulnDiscussion&gt;Data mining is the analysis of large quantities of data to discover patterns and is used in intelligence gathering. Failure to detect attacks that use unauthorized data mining techniques to attack databases may result in the compromise of information.

Injection attacks allow an attacker to inject code into a program or query or inject malware onto a computer to execute remote commands that can read or modify a database or change data on a website. Web applications frequently access databases to store, retrieve, and update information. An attacker can construct inputs that the database will execute. This is most commonly referred to as a code injection attack. This type of attack includes XPath and LDAP injections. 

IDPS component(s) with anomaly detection must be included in the IDPS implementation to protect against unauthorized data mining. These components must include rules and anomaly detection algorithms to monitor for atypical database queries or accesses.&lt;/VulnDiscussion&gt;&lt;FalsePositives&gt;&lt;/FalsePositives&gt;&lt;FalseNegatives&gt;&lt;/FalseNegatives&gt;&lt;Documentable&gt;false&lt;/Documentable&gt;&lt;Mitigations&gt;&lt;/Mitigations&gt;&lt;SeverityOverrideGuidance&gt;&lt;/SeverityOverrideGuidance&gt;&lt;PotentialImpacts&gt;&lt;/PotentialImpacts&gt;&lt;ThirdPartyTools&gt;&lt;/ThirdPartyTools&gt;&lt;MitigationControl&gt;&lt;/MitigationControl&gt;&lt;Responsibility&gt;&lt;/Responsibility&gt;&lt;IAControls&gt;&lt;/IAControls&gt;</description><reference><dc:title>DPMS Target DB Networks DBN-6300 IDPS</dc:title><dc:publisher>DISA</dc:publisher><dc:type>DPMS Target</dc:type><dc:subject>DB Networks DBN-6300 IDPS</dc:subject><dc:identifier>2949</dc:identifier></reference><ident system="http://iase.disa.mil/cci">CCI-002347</ident><fixtext fixref="F-70949r2_fix">Configure the DBN-6300 to detect code injection attacks.
 
Navigate to Application &gt;&gt; Time Learning.
 
Validate that the database or databases of interest has the "state" shield set to green (in detection mode).
 
If the "state" shield is not set to green:

1) Create a learned set (or new learned set) by clicking on the caret to the left of the database name;
2) Click on the "+" to the left of the "Time Periods" label;
3) Accept the default time period or enter the desired time period for the Learned Set; and
4) Click on "Commit Learning". This may take a small amount of time and will finish when the "Learned State" shows "Passed" and the "state" shield turns to green. Now the database is in protection mode for SQL injection attack.</fixtext><fix id="F-70949r2_fix" /><check system="C-65667r2_chk"><check-content-ref name="M" href="DPMS_XCCDF_Benchmark_DB_Networks_DBN_6300_IDPS_STIG.xml" /><check-content>Verify that the DBN-6300 is configured to detect code injection attacks. 
 
Navigate to Application &gt;&gt; Time Learning. 
 
Validate that the database or databases of interest has/have the "state" shield set to green (in detection mode). 
 
If the "state" shield is not set to green, this is a finding (as the database or databases are not in detection mode).</check-content></check></Rule></Group><Group id="V-65011"><title>SRG-NET-000319-IDPS-00185</title><description>&lt;GroupDescription&gt;&lt;/GroupDescription&gt;</description><Rule id="SV-79501r1_rule" severity="medium" weight="10.0"><version>DBNW-IP-000036</version><title>To protect against unauthorized data mining, the DBN-6300 must detect code injection attacks launched against application objects including, at a minimum, application URLs and application code/input fields.</title><description>&lt;VulnDiscussion&gt;Data mining is the analysis of large quantities of data to discover patterns and is used in intelligence gathering. Failure to detect attacks that use unauthorized data mining techniques to attack applications may result in the compromise of information. 
 
Injection attacks allow an attacker to inject SQL code into a program or query or inject malware onto a computer to execute remote commands that can read or modify a database or change data on a website. 
 
IDPS component(s) with anomaly detection must be included in the IDPS implementation. These components must include behavior-based anomaly detection algorithms to monitor for atypical application behavior, which may include commands and accesses.&lt;/VulnDiscussion&gt;&lt;FalsePositives&gt;&lt;/FalsePositives&gt;&lt;FalseNegatives&gt;&lt;/FalseNegatives&gt;&lt;Documentable&gt;false&lt;/Documentable&gt;&lt;Mitigations&gt;&lt;/Mitigations&gt;&lt;SeverityOverrideGuidance&gt;&lt;/SeverityOverrideGuidance&gt;&lt;PotentialImpacts&gt;&lt;/PotentialImpacts&gt;&lt;ThirdPartyTools&gt;&lt;/ThirdPartyTools&gt;&lt;MitigationControl&gt;&lt;/MitigationControl&gt;&lt;Responsibility&gt;&lt;/Responsibility&gt;&lt;IAControls&gt;&lt;/IAControls&gt;</description><reference><dc:title>DPMS Target DB Networks DBN-6300 IDPS</dc:title><dc:publisher>DISA</dc:publisher><dc:type>DPMS Target</dc:type><dc:subject>DB Networks DBN-6300 IDPS</dc:subject><dc:identifier>2949</dc:identifier></reference><ident system="http://iase.disa.mil/cci">CCI-002347</ident><fixtext fixref="F-70951r2_fix">Configure a database for SQL injection protection.
 
Enable the SQL injection detection capabilities on the applicable interface for the database to be protected.
 
Navigate to Admin &gt;&gt; Capture &gt;&gt; Capture Sources.

Select the interface connected to the network that contains the database traffic.

Click on the "Enable" button and ensure the "Link up" indicator turns green.

Map the database.

Navigate to Database &gt;&gt; Database Mapping and find the database to be protected.

Click on the check box on the left.

Click on the first button at the top of the table which, when hovering over the button, is labeled "Map selected service to new db using their default names". 
The "Mapping Status" of the database will change to "Pending Mapping".

On the left side of the screen above the label that says "showing", click the button with the arrow. The "Mapping Status" for the database will change to "Mapped".
 
Note: The learning process requires enough database traffic to properly characterize normal application behavior. 
 
Navigate to Learning &gt;&gt; Time Regions and click on the left arrow to expand the window. 
 
Click on the plus sign to view the captured traffic. 
  
Organizations must capture a significant amount of traffic to enable the device to learn the traffic patterns. The vendor recommends at least three or more days of database traffic learning depending on the organization's traffic volume. 
 
Click the "Commit Learning" button on the lower right. 
 
View the "State" column of the database to verify the shield symbol is green.</fixtext><fix id="F-70951r2_fix" /><check system="C-65669r2_chk"><check-content-ref name="M" href="DPMS_XCCDF_Benchmark_DB_Networks_DBN_6300_IDPS_STIG.xml" /><check-content>View the organization's documentation to determine which databases are required to be protected. 
 
If the documentation does not exist, this is a finding. 
 
Navigate to Learning &gt;&gt; Time Regions and view the table of detected databases. 
 
For each database requiring protection, view the "State". Unprotected databases show a red shield. Protected databases show a green shield. 
 
If databases that are required to be protected are not being protected, this is a finding.</check-content></check></Rule></Group><Group id="V-65013"><title>SRG-NET-000319-IDPS-00186</title><description>&lt;GroupDescription&gt;&lt;/GroupDescription&gt;</description><Rule id="SV-79503r1_rule" severity="medium" weight="10.0"><version>DBNW-IP-000037</version><title>To protect against unauthorized data mining, the DBN-6300 must detect SQL injection attacks launched against data storage objects, including, at a minimum, databases, database records, and database fields.</title><description>&lt;VulnDiscussion&gt;Data mining is the analysis of large quantities of data to discover patterns and is used in intelligence gathering. Failure to detect attacks that use unauthorized data mining techniques to attack databases may result in the compromise of information. 
 
SQL injection attacks are the most prevalent attacks against web applications and databases. These attacks inject SQL commands that can read, modify, or compromise the meaning of the original SQL query. An attacker can spoof identity; expose, tamper, destroy, or make existing data unavailable; or gain unauthorized privileges on the database server. 
 
IDPS component(s) with anomaly detection must be included in the IDPS implementation to monitor for and detect unauthorized data mining. These components must include rules and anomaly detection algorithms to monitor for SQL injection attacks.&lt;/VulnDiscussion&gt;&lt;FalsePositives&gt;&lt;/FalsePositives&gt;&lt;FalseNegatives&gt;&lt;/FalseNegatives&gt;&lt;Documentable&gt;false&lt;/Documentable&gt;&lt;Mitigations&gt;&lt;/Mitigations&gt;&lt;SeverityOverrideGuidance&gt;&lt;/SeverityOverrideGuidance&gt;&lt;PotentialImpacts&gt;&lt;/PotentialImpacts&gt;&lt;ThirdPartyTools&gt;&lt;/ThirdPartyTools&gt;&lt;MitigationControl&gt;&lt;/MitigationControl&gt;&lt;Responsibility&gt;&lt;/Responsibility&gt;&lt;IAControls&gt;&lt;/IAControls&gt;</description><reference><dc:title>DPMS Target DB Networks DBN-6300 IDPS</dc:title><dc:publisher>DISA</dc:publisher><dc:type>DPMS Target</dc:type><dc:subject>DB Networks DBN-6300 IDPS</dc:subject><dc:identifier>2949</dc:identifier></reference><ident system="http://iase.disa.mil/cci">CCI-002347</ident><fixtext fixref="F-70953r2_fix">Configure a database for SQL injection protection. 
 
Enable the SQL injection detection capabilities on the applicable interface for the database to be protected.
 
Navigate to Admin &gt;&gt; Capture &gt;&gt; Capture Sources. 
 
Select the interface connected to the network that contains the database traffic. 
 
Click on the "Enable" button and ensure the "Link up" indicator turns green. 
 
Map the database. 
 
Navigate to Database &gt;&gt; Database Mapping and find the database to be protected.
 
Click on the check box on the left.
 
Click on the first button at the top of the table which, when hovering over the button, is labeled "Map selected service to new db using their default names". 
The "Mapping Status" of the database will change to "Pending Mapping". 
 
On the left side of the screen above the label that says "showing", click the button with the arrow. The "Mapping Status" for the database will change to "Mapped".
 
Note: The learning process requires enough database traffic to properly characterize normal application behavior. 
 
Navigate to Learning &gt;&gt; Time Regions and click on the left arrow to expand the window. 
 
Click on the plus sign to view the captured traffic. 
  
Organizations must capture a significant amount of traffic to enable the device to learn the traffic patterns. The vendor recommends at least three or more days of database traffic learning depending on the organization's traffic volume. 
 
Click the "Commit Learning" button on the lower right. 
 
View the "State" column of the database to verify the shield symbol is green.</fixtext><fix id="F-70953r2_fix" /><check system="C-65671r2_chk"><check-content-ref name="M" href="DPMS_XCCDF_Benchmark_DB_Networks_DBN_6300_IDPS_STIG.xml" /><check-content>View the organization's documentation to determine which databases are required to be protected.

If the documentation does not exist, this is a finding.

Navigate to Learning &gt;&gt; Time Regions and view the table of detected databases. 

For each database requiring protection, view the "State". Unprotected databases show a red shield. Protected databases show a green shield.

If databases that are required to be protected are not being protected, this is a finding.</check-content></check></Rule></Group><Group id="V-65015"><title>SRG-NET-000333-IDPS-00190</title><description>&lt;GroupDescription&gt;&lt;/GroupDescription&gt;</description><Rule id="SV-79505r1_rule" severity="medium" weight="10.0"><version>DBNW-IP-000038</version><title>The DBN-6300 must support centralized management and configuration of the content captured in audit records generated by all DBN-6300 components.</title><description>&lt;VulnDiscussion&gt;Without the ability to centrally manage the content captured in the log records, identification, troubleshooting, and correlation of suspicious behavior would be difficult and could lead to a delayed or incomplete analysis of an attack. Centralized management and storage of log records increases efficiency in maintenance and management of records and facilitates the backup and archiving of those records. 
 
The IDPS must be configured to support centralized management and configuration of the content to be captured in audit records generated by all network components. IDPS sensors and consoles must have the capability to support centralized logging. They must be configured to send log messages to centralized, redundant servers and be capable of being remotely configured to change logging parameters (such as facility and severity levels). 
 
DB Networks can (and does) use Splunk as the current Security Operations Center (SOC) alert notification mechanism, which is driven off the syslog on the DB Networks DBN-6300.&lt;/VulnDiscussion&gt;&lt;FalsePositives&gt;&lt;/FalsePositives&gt;&lt;FalseNegatives&gt;&lt;/FalseNegatives&gt;&lt;Documentable&gt;false&lt;/Documentable&gt;&lt;Mitigations&gt;&lt;/Mitigations&gt;&lt;SeverityOverrideGuidance&gt;&lt;/SeverityOverrideGuidance&gt;&lt;PotentialImpacts&gt;&lt;/PotentialImpacts&gt;&lt;ThirdPartyTools&gt;&lt;/ThirdPartyTools&gt;&lt;MitigationControl&gt;&lt;/MitigationControl&gt;&lt;Responsibility&gt;&lt;/Responsibility&gt;&lt;IAControls&gt;&lt;/IAControls&gt;</description><reference><dc:title>DPMS Target DB Networks DBN-6300 IDPS</dc:title><dc:publisher>DISA</dc:publisher><dc:type>DPMS Target</dc:type><dc:subject>DB Networks DBN-6300 IDPS</dc:subject><dc:identifier>2949</dc:identifier></reference><ident system="http://iase.disa.mil/cci">CCI-001844</ident><fixtext fixref="F-70955r4_fix">Configure the DBN-6300 with syslog output to the SIEM.
  
Navigate to the "Admin" tab. 

Click on the "External Service Settings" button. 

Enter the centralized event management system IP address and port number. 
 
Click on the "Commit" button to start the process.</fixtext><fix id="F-70955r4_fix" /><check system="C-65673r3_chk"><check-content-ref name="M" href="DPMS_XCCDF_Benchmark_DB_Networks_DBN_6300_IDPS_STIG.xml" /><check-content>Verify integration with a network-wide monitoring capability. 
 
Obtain the IP address and port number for the centralized event management system (e.g., SIEM) from site personnel. 

Navigate to the "Admin" tab. 
  
Click on the "External Service Settings" button. 
  
Verify the IP address and port number for the centralized event management system are implemented. 
 
If the DBN-6300 is not configured to send syslog information to a centralized event management system that manages the DBN-6300 network-wide monitoring capability, this is a finding.</check-content></check></Rule></Group><Group id="V-65017"><title>SRG-NET-000334-IDPS-00191</title><description>&lt;GroupDescription&gt;&lt;/GroupDescription&gt;</description><Rule id="SV-79507r1_rule" severity="medium" weight="10.0"><version>DBNW-IP-000039</version><title>The DBN-6300 must off-load log records to a centralized log server.</title><description>&lt;VulnDiscussion&gt;Information stored in one location is vulnerable to accidental or incidental deletion or alteration. Off-loading ensures audit information does not get overwritten if the limited audit storage capacity is reached and also protects the audit record in case the system/component being audited is compromised. 
 
This also prevents the log records from being lost if the logs stored locally are accidentally or intentionally deleted, altered, or corrupted.&lt;/VulnDiscussion&gt;&lt;FalsePositives&gt;&lt;/FalsePositives&gt;&lt;FalseNegatives&gt;&lt;/FalseNegatives&gt;&lt;Documentable&gt;false&lt;/Documentable&gt;&lt;Mitigations&gt;&lt;/Mitigations&gt;&lt;SeverityOverrideGuidance&gt;&lt;/SeverityOverrideGuidance&gt;&lt;PotentialImpacts&gt;&lt;/PotentialImpacts&gt;&lt;ThirdPartyTools&gt;&lt;/ThirdPartyTools&gt;&lt;MitigationControl&gt;&lt;/MitigationControl&gt;&lt;Responsibility&gt;&lt;/Responsibility&gt;&lt;IAControls&gt;&lt;/IAControls&gt;</description><reference><dc:title>DPMS Target DB Networks DBN-6300 IDPS</dc:title><dc:publisher>DISA</dc:publisher><dc:type>DPMS Target</dc:type><dc:subject>DB Networks DBN-6300 IDPS</dc:subject><dc:identifier>2949</dc:identifier></reference><ident system="http://iase.disa.mil/cci">CCI-001851</ident><fixtext fixref="F-70957r2_fix">Configure the DBN-6300 to be connected to the syslog server. Also configure the DBN-6300 to include audit records in the syslog message feed. 
 
Navigate to Settings &gt;&gt; Advanced &gt;&gt; Syslog. 
 
Enter the syslog connection information (port and IP address) and push the "enabled" button for both "TCP" and "enable". 
 
Navigate to Settings &gt;&gt; Advanced &gt;&gt; Audit Log. 
 
Verify that the Audit Syslog, "Use System Syslog" button is set to "Yes" and that the Audit Configuration Categories are all checked for Audit Log, Syslog, and Audit Console. 
 
If the "Use System Syslog" button is not set to "Yes", press the "Yes" button. 
 
Click on "Commit".</fixtext><fix id="F-70957r2_fix" /><check system="C-65675r2_chk"><check-content-ref name="M" href="DPMS_XCCDF_Benchmark_DB_Networks_DBN_6300_IDPS_STIG.xml" /><check-content>Audit records are automatically backed up on a real-time basis via syslog when enabled. 
 
Verify the DBN-6300 is connected to the syslog server. 
 
Navigate to Settings &gt;&gt; Advanced &gt;&gt; Syslog. 
 
Verify that the syslog services are set to "on", the syslog server information is valid, and the syslog server has connected. 
 
Navigate to Settings &gt;&gt; Advanced &gt;&gt; Audit Log. 
 
Verify that the Audit Syslog, "Use System Syslog" button is set to "Yes" and that the Audit Configuration Categories are all checked for Audit Log, Syslog, and Audit Console. 
 
Following this verification, process an account action. Confirm the presence of a syslog message on the syslog server containing the details of this account action. 
 
If the DBN-6300 is not connected to the syslog server, or if the syslog server is connected but the message containing the information with the details of this account action is not there, this is a finding.</check-content></check></Rule></Group><Group id="V-65019"><title>SRG-NET-000383-IDPS-00208</title><description>&lt;GroupDescription&gt;&lt;/GroupDescription&gt;</description><Rule id="SV-79509r1_rule" severity="medium" weight="10.0"><version>DBNW-IP-000046</version><title>The DBN-6300 must integrate with a network-wide monitoring capability.</title><description>&lt;VulnDiscussion&gt;An integrated, network-wide intrusion detection capability increases the ability to detect and prevent sophisticated distributed attacks based on access patterns and characteristics of access. 
 
Integration is more than centralized logging and a centralized management console. The enclave's monitoring capability may include multiple sensors, IPS, sensor event databases, behavior-based monitoring devices, application-level content inspection systems, malicious code protection software, scanning tools, audit record monitoring software, and network monitoring software. Some tools may monitor external traffic while others monitor internal traffic at key boundaries.  
 
These capabilities may be implemented using different devices and therefore can have different security policies and severity-level schema. This is valuable because content filtering, monitoring, and prevention can become a bottleneck on the network if not carefully configured.&lt;/VulnDiscussion&gt;&lt;FalsePositives&gt;&lt;/FalsePositives&gt;&lt;FalseNegatives&gt;&lt;/FalseNegatives&gt;&lt;Documentable&gt;false&lt;/Documentable&gt;&lt;Mitigations&gt;&lt;/Mitigations&gt;&lt;SeverityOverrideGuidance&gt;&lt;/SeverityOverrideGuidance&gt;&lt;PotentialImpacts&gt;&lt;/PotentialImpacts&gt;&lt;ThirdPartyTools&gt;&lt;/ThirdPartyTools&gt;&lt;MitigationControl&gt;&lt;/MitigationControl&gt;&lt;Responsibility&gt;&lt;/Responsibility&gt;&lt;IAControls&gt;&lt;/IAControls&gt;</description><reference><dc:title>DPMS Target DB Networks DBN-6300 IDPS</dc:title><dc:publisher>DISA</dc:publisher><dc:type>DPMS Target</dc:type><dc:subject>DB Networks DBN-6300 IDPS</dc:subject><dc:identifier>2949</dc:identifier></reference><ident system="http://iase.disa.mil/cci">CCI-002656</ident><fixtext fixref="F-70959r2_fix">Configure the DBN-6300 with syslog output to the SIEM. 
 
Navigate to the "Admin" tab.  
 
Click on the "External Service Settings" button. 
 
Enter the centralized event management system IP address and port number. 
 
Click on the "Commit" button to start the process.</fixtext><fix id="F-70959r2_fix" /><check system="C-65677r2_chk"><check-content-ref name="M" href="DPMS_XCCDF_Benchmark_DB_Networks_DBN_6300_IDPS_STIG.xml" /><check-content>Verify integration with a network-wide monitoring capability. 
 
Obtain the IP address and port number for the centralized event management system (e.g., SIEM) from site personnel. 
  
Navigate to the "Admin" tab. 
  
Click on the "External Service Settings" button. 
  
Verify the IP address and port number for the centralized event management system are implemented.  
 
If the DBN-6300 is not configured to send syslog information to a centralized event management system that manages the DBN-6300 network-wide monitoring capability, this is a finding.</check-content></check></Rule></Group><Group id="V-65021"><title>SRG-NET-000390-IDPS-00212</title><description>&lt;GroupDescription&gt;&lt;/GroupDescription&gt;</description><Rule id="SV-79511r1_rule" severity="medium" weight="10.0"><version>DBNW-IP-000050</version><title>The DBN-6300 must continuously monitor inbound communications traffic between the application tier and the database tier for unusual/unauthorized activities or conditions at the SQL level.</title><description>&lt;VulnDiscussion&gt;If inbound communications traffic is not continuously monitored for unusual/unauthorized activities or conditions, there will be times when hostile activity may not be noticed and defended against. 
 
Although some of the components in the site's content scanning solution may be used for periodic scanning assessment, the IDPS sensors and other components must provide continuous, 24 hours a day, 7 days a week monitoring. 
 
Unusual/unauthorized activities or conditions related to information system inbound communications traffic include, for example, internal traffic that indicates the presence of malicious code within organizational information systems or propagating among system components, the unauthorized exporting of information, or signaling to external information systems. Anomalies within organizational information systems include, for example, large file transfers, long-time persistent connections, use of unusual protocols and ports, and communications with suspected or known malicious external entities.&lt;/VulnDiscussion&gt;&lt;FalsePositives&gt;&lt;/FalsePositives&gt;&lt;FalseNegatives&gt;&lt;/FalseNegatives&gt;&lt;Documentable&gt;false&lt;/Documentable&gt;&lt;Mitigations&gt;&lt;/Mitigations&gt;&lt;SeverityOverrideGuidance&gt;&lt;/SeverityOverrideGuidance&gt;&lt;PotentialImpacts&gt;&lt;/PotentialImpacts&gt;&lt;ThirdPartyTools&gt;&lt;/ThirdPartyTools&gt;&lt;MitigationControl&gt;&lt;/MitigationControl&gt;&lt;Responsibility&gt;&lt;/Responsibility&gt;&lt;IAControls&gt;&lt;/IAControls&gt;</description><reference><dc:title>DPMS Target DB Networks DBN-6300 IDPS</dc:title><dc:publisher>DISA</dc:publisher><dc:type>DPMS Target</dc:type><dc:subject>DB Networks DBN-6300 IDPS</dc:subject><dc:identifier>2949</dc:identifier></reference><ident system="http://iase.disa.mil/cci">CCI-002661</ident><fixtext fixref="F-70961r2_fix">Configure the DBN-6300 with syslog output to the SIEM.  

Navigate to the "Admin" tab. 

Click on "External Service Settings" button.

Enter the centralized event management system IP address and port number.

Click on the "Commit" button to start the process. 

Configure a database for SQL injection protection for continuous protection.

Enable the SQL injection detection capabilities on the applicable interface for the database to be protected.

Navigate to Admin &gt;&gt; Capture &gt;&gt; Capture Sources.

Select the interface connected the network that contains the database traffic.

Click on the "Enable" button and ensure the Link up indicator turns green.</fixtext><fix id="F-70961r2_fix" /><check system="C-65679r2_chk"><check-content-ref name="M" href="DPMS_XCCDF_Benchmark_DB_Networks_DBN_6300_IDPS_STIG.xml" /><check-content>View the organization's documentation to determine which databases are required to be protected. 
 
Ask the site representative if the device is used continuously or if periodic monitoring is performed. 
 
Navigate to Learning &gt;&gt; Time Regions and view the table of detected databases. 
 
For each database requiring protection, view the "State". Unprotected databases show a red shield. Protected databases show a green shield. 
 
If continuous monitoring is not performed by the organization, this is a finding.</check-content></check></Rule></Group><Group id="V-65023"><title>SRG-NET-000511-IDPS-00012</title><description>&lt;GroupDescription&gt;&lt;/GroupDescription&gt;</description><Rule id="SV-79513r1_rule" severity="medium" weight="10.0"><version>DBNW-IP-000059</version><title>The DBN-6300 must off-load log records to a centralized log server in real time.</title><description>&lt;VulnDiscussion&gt;Off-loading ensures audit information is not overwritten if the limited audit storage capacity is reached and also protects the audit record in case the system/component being audited is compromised. 
 
Off-loading is a common process in information systems with limited audit storage capacity. The audit storage on the IDPS is used only in a transitory fashion until the system can communicate with the centralized log server designated for storing the audit records, at which point the information is transferred. However, DoD requires that the log be transferred in real time, which indicates that the time from event detection to off-loading is seconds or less. 
 
This does not apply to audit logs generated on behalf of the device itself (management).&lt;/VulnDiscussion&gt;&lt;FalsePositives&gt;&lt;/FalsePositives&gt;&lt;FalseNegatives&gt;&lt;/FalseNegatives&gt;&lt;Documentable&gt;false&lt;/Documentable&gt;&lt;Mitigations&gt;&lt;/Mitigations&gt;&lt;SeverityOverrideGuidance&gt;&lt;/SeverityOverrideGuidance&gt;&lt;PotentialImpacts&gt;&lt;/PotentialImpacts&gt;&lt;ThirdPartyTools&gt;&lt;/ThirdPartyTools&gt;&lt;MitigationControl&gt;&lt;/MitigationControl&gt;&lt;Responsibility&gt;&lt;/Responsibility&gt;&lt;IAControls&gt;&lt;/IAControls&gt;</description><reference><dc:title>DPMS Target DB Networks DBN-6300 IDPS</dc:title><dc:publisher>DISA</dc:publisher><dc:type>DPMS Target</dc:type><dc:subject>DB Networks DBN-6300 IDPS</dc:subject><dc:identifier>2949</dc:identifier></reference><ident system="http://iase.disa.mil/cci">CCI-001851</ident><fixtext fixref="F-70963r3_fix">Configure the DBN-6300 to be connected to the syslog server. Also configure the DBN-6300 to include audit records in the syslog message feed. 
 
Navigate to Settings &gt;&gt; Advanced &gt;&gt; Syslog. 
 
Enter the syslog connection information (port and IP address) and push the "enabled" button for both "TCP" and "enable". 
 
Navigate to Settings &gt;&gt; Advanced &gt;&gt; Audit Log. 
 
Verify that the Audit Syslog, "Use System Syslog" button is set to "Yes" and the Audit Configuration Categories are all checked for Audit Log, Syslog, and Audit Console. 
 
If the "Use System Syslog" button is not set to "Yes", press the "Yes" button. 
 
Click on "Commit".</fixtext><fix id="F-70963r3_fix" /><check system="C-65681r2_chk"><check-content-ref name="M" href="DPMS_XCCDF_Benchmark_DB_Networks_DBN_6300_IDPS_STIG.xml" /><check-content>Audit records are automatically backed up on a real-time basis via syslog when enabled. 
 
Verify the DBN-6300 is connected to the syslog server. 
 
Navigate to Settings &gt;&gt; Advanced &gt;&gt; Syslog.  
 
Verify that the syslog services are set to "on", the syslog server information is valid, and the syslog server has connected. 
 
Navigate to Settings &gt;&gt; Advanced &gt;&gt; Audit Log. 
 
Verify that the Audit Syslog, "Use System Syslog" button is set to "Yes" and the Audit Configuration Categories are all checked for Audit Log, Syslog, and Audit Console. 
 
Following this verification, process an account action. Confirm the presence of a syslog message on the syslog server containing the details of this account action. 
 
If the DBN-6300 is not connected to the syslog server, or if the syslog server is connected but the message containing the information with the details of this account action is not there, this is a finding.</check-content></check></Rule></Group><Group id="V-65025"><title>SRG-NET-000512-IDPS-00194</title><description>&lt;GroupDescription&gt;&lt;/GroupDescription&gt;</description><Rule id="SV-79515r1_rule" severity="medium" weight="10.0"><version>DBNW-IP-000060</version><title>When implemented for protection of the database tier, the DBN-6300 must be logically connected for maximum database traffic visibility.</title><description>&lt;VulnDiscussion&gt;Configuring the IDPS to implement organization-wide security implementation guides and security checklists ensures compliance with federal standards and establishes a common security baseline across DoD that reflects the most restrictive security posture consistent with operational requirements. 
 
Configuration settings are the set of parameters that can be changed that affect the security posture and/or functionality of the network element. Security-related parameters are those parameters impacting the security state of the network element, including the parameters required to satisfy other security control requirements. For the network element, security-related parameters include settings for communications traffic management configurations. If the DBN-6300 is installed incorrectly in the site's network architecture, vulnerable databases may not be detected and consequently may remain unprotected. 
 
To ensure optimum protection, the DBN-6300 must be logically installed between the application and database tiers of the network. The device has multiple interfaces that allow several connections to accommodate various network architectures. The device is installed as a passive listening device on all applicable subnetworks using the available ports. When placed correctly, the device monitors the "last mile" prior to database access, which is where SQL is optimally monitored.&lt;/VulnDiscussion&gt;&lt;FalsePositives&gt;&lt;/FalsePositives&gt;&lt;FalseNegatives&gt;&lt;/FalseNegatives&gt;&lt;Documentable&gt;false&lt;/Documentable&gt;&lt;Mitigations&gt;&lt;/Mitigations&gt;&lt;SeverityOverrideGuidance&gt;&lt;/SeverityOverrideGuidance&gt;&lt;PotentialImpacts&gt;&lt;/PotentialImpacts&gt;&lt;ThirdPartyTools&gt;&lt;/ThirdPartyTools&gt;&lt;MitigationControl&gt;&lt;/MitigationControl&gt;&lt;Responsibility&gt;&lt;/Responsibility&gt;&lt;IAControls&gt;&lt;/IAControls&gt;</description><reference><dc:title>DPMS Target DB Networks DBN-6300 IDPS</dc:title><dc:publisher>DISA</dc:publisher><dc:type>DPMS Target</dc:type><dc:subject>DB Networks DBN-6300 IDPS</dc:subject><dc:identifier>2949</dc:identifier></reference><ident system="http://iase.disa.mil/cci">CCI-000366</ident><fixtext fixref="F-70965r5_fix">Evaluate the site architecture to determine where the optimum logical connections would provide maximum database visibility. 
 
Disconnect the network taps from the incorrectly attached network ports. Reconnect the correctly identified taps. 
 
Navigate to the Admin &gt;&gt; Capture &gt;&gt; Port Configuration menu. 
 
Click on "Port Enabled", if it is not already enabled, to ensure that the DBN-6300 will see and capture traffic. 
 
Navigate to the "Database" tab and choose "Service Discovery". 
 
Verify that database services are beginning to appear on the page.</fixtext><fix id="F-70965r5_fix" /><check system="C-65683r3_chk"><check-content-ref name="M" href="DPMS_XCCDF_Benchmark_DB_Networks_DBN_6300_IDPS_STIG.xml" /><check-content>Ask the site representative if the DBN-6300 is used to protect the database tier. 
 
If the DBN-6300 is not used to protect the database tier, this is not a finding.  
 
Ask the site for documentation of which database tier is required to be protected. 
 
Verify connectivity of the capture ports to the correct database tier that is required to be protected. 
 
If the DBN-6300 is not connected to protect the database tier for maximum database traffic visibility of the organization's databases, this is a finding.</check-content></check></Rule></Group><Group id="V-65059"><title>SRG-NET-000512-IDPS-00194</title><description>&lt;GroupDescription&gt;&lt;/GroupDescription&gt;</description><Rule id="SV-79549r1_rule" severity="medium" weight="10.0"><version>DBNW-IP-000061</version><title>When implemented for discovery protection against unidentified or rogue databases, the DBN-6300 must provide a catalog of all visible databases and database services.</title><description>&lt;VulnDiscussion&gt;If the DBN-6300 is installed incorrectly in the site's network architecture, vulnerable or unknown databases may not be detected and consequently may remain vulnerable and unprotected. 
 
For proper functionality of the DBN-6300, it is necessary to examine the discovered databases to see that an expected wide variety and number of them are covered. If the DBN-6300 is not able to see and detect database services, it will not be able to monitor the databases against threats.&lt;/VulnDiscussion&gt;&lt;FalsePositives&gt;&lt;/FalsePositives&gt;&lt;FalseNegatives&gt;&lt;/FalseNegatives&gt;&lt;Documentable&gt;false&lt;/Documentable&gt;&lt;Mitigations&gt;&lt;/Mitigations&gt;&lt;SeverityOverrideGuidance&gt;&lt;/SeverityOverrideGuidance&gt;&lt;PotentialImpacts&gt;&lt;/PotentialImpacts&gt;&lt;ThirdPartyTools&gt;&lt;/ThirdPartyTools&gt;&lt;MitigationControl&gt;&lt;/MitigationControl&gt;&lt;Responsibility&gt;&lt;/Responsibility&gt;&lt;IAControls&gt;&lt;/IAControls&gt;</description><reference><dc:title>DPMS Target DB Networks DBN-6300 IDPS</dc:title><dc:publisher>DISA</dc:publisher><dc:type>DPMS Target</dc:type><dc:subject>DB Networks DBN-6300 IDPS</dc:subject><dc:identifier>2949</dc:identifier></reference><ident system="http://iase.disa.mil/cci">CCI-000366</ident><fixtext fixref="F-70999r3_fix">Configure the system to view databases and database services. 
 
Click on the Database &gt;&gt; Service Discovery tab. 
 
This will reveal all of the currently visible database services that have been seen on the mirrored traffic connection.</fixtext><fix id="F-70999r3_fix" /><check system="C-65685r3_chk"><check-content-ref name="M" href="DPMS_XCCDF_Benchmark_DB_Networks_DBN_6300_IDPS_STIG.xml" /><check-content>Ask the site representative if the DBN-6300 is used to provide discovery protection against unidentified or rogue databases. 
 
If the DBN-6300 is not used for discovery protection against unidentified or rogue databases, this is not a finding. 
 
Click on the "Database" tab and select the "Database Services" sub-menu. This will reveal all of the currently discovered database services. 
 
If the DBN-6300, which is used to provide protection against unidentified or rogue databases, does not provide a catalog of all visible databases and database services, this is a finding.</check-content></check></Rule></Group></Benchmark>